:020000040800F2
:10500000286801209D5100083D5E0008815D000870
:10501000395E0008A35A0008B963000800000000C8
:10502000000000000000000000000000B96200085D
:10503000295B0008000000007F5E0008C7620008CE
:10504000B7510008B7510008B7510008B751000820
:10505000B7510008B7510008B7510008B751000810
:10506000B75100082D5B0008E15B0008A95A000851
:10507000B7510008B7510008C55A0008B7510008D9
:10508000B7510008B7510008B7510008B7510008E0
:10509000B7510008B7510008B7510008995C0008E3
:1050A000B7510008B7510008B7510008B7510008C0
:1050B000B7510008B7510008B7510008B7510008B0
:1050C000B7510008B7510008B7510008B7510008A0
:1050D000B751000861630008B7510008B7510008D4
:1050E000B7510008B7510008B7510008B751000880
:1050F000B7510008B7510008B7510008B751000870
:10510000B7510008B751000839630008B7510008CB
:10511000B7510008B7510008B7510008B75100084F
:10512000F95A0008B7510008B7510008B7510008F4
:10513000B7510008B7510008B7510008B75100082F
:10514000000000000000000000000000000000005F
:10515000B7510008B7510008B7510008B75100080F
:10516000B7510008B7510008B7510008B7510008FF
:10517000B7510008B7510008B7510008B7510008EF
:10518000B7510008DFF810D000F040FC004800479D
:1051900085170208AFF30080286801200648804781
:1051A00006480047FEE7FEE7FEE7FEE7FEE7FEE70C
:1051B000FEE7FEE7FEE7FEE7C9620008855100084A
:1051C0002DE9F05F0546002092469B46884606463C
:1051D000814640241BE0284641464746224600F0CF
:1051E000FBFA53465A46C01A914110D3114618464D
:1051F000224600F0E2FA2D1A67EB01084F462246DC
:105200000120002100F0D9FA17EB00094E41201EC1
:10521000A4F10104DFDC484631462A464346BDE896
:10522000F09F10B5431A934209D28318881803E0FF
:1052300010F8011D03F8011D521EF9D210BD40EAFD
:1052400001039B0703D009E008C9121F08C0042A04
:10525000FAD203E011F8013B00F8013B521EF9D2EB
:1052600010BDD2B201E000F8012B491EFBD27047FD
:105270000022F6E710B513460A4604461946FFF722
:10528000F0FF204610BD30B505462A460B4612F801
:10529000010B13F8014B08B1A042F8D01CB1002853
:1052A00002D06D1CF1E7284630BD10B5044604E07D
:1052B0000B7800F8013B03B1491C521EF8D220467E
:1052C00010BDCAB2401E10F8011F8A4202D0002948
:1052D000F9D100207047421C10F8011B0029FBD1B6
:1052E000801A704710B5002200E0521C835C8C5C71
:1052F000A34201D1002BF8D1D8B2E1B2401A10BDBF
:1053000010B5044600E0401C0378002BFBD100E000
:10531000401C521E04D311F8013B0370002BF7D13F
:1053200000210170204610BD034611F8012B00F842
:10533000012B002AF9D1184670472DE9F05F9346FA
:105340000F4680460446002601F02AF9D0F8009066
:10535000824614F8015B2DB100F060FA0068405DF0
:10536000C007F6D12B2D02D02D2D1AD0641E00219E
:10537000CAF800105A463946204600F053FA014652
:1053800027B13868A04201D1C7F80080DAF80000E0
:10539000022809D0CAF80090700505D54842BDE83A
:1053A000F09F46F48066E2E70846F8E72DE9FE4FF5
:1053B000804681EA0300C00F0C46009021F00041B6
:1053C00023F00045B8EB0200A94105D24046214632
:1053D00090461C460B46024623F00040104347D03F
:1053E000270DC7F30A00C3F30A510290401A019037
:1053F00040286BDAC3F3130040F4801B00989246F8
:1054000020B10023D2EB030A63EB0B0B0198594642
:10541000C0F14002504600F0D0F906460D46504615
:105420005946019A00F0E8F910EB080061410024A8
:1054300087EA115284EAE7731A4340D0009A62B3B4
:10544000019A012A4FEA075215DC001B61EB0201A9
:105450004FF0004202EA0752CDE90042001C41F53C
:10546000801132462B4600F03BFA03B0BDE8F08FC6
:1054700040462146F9E7001B61EB0201001C41F5A3
:10548000801300185B412018A2F5001747EB0301B9
:1054900040EAD570B6196D4111E06D084FEA360645
:1054A00045EAC0754FEA0752001B61EB0201001C80
:1054B00041F5801149084FEA300000195141324648
:1054C0002B4603B0BDE8F04F00F0FBB90098012275
:1054D00040000023D0EB020263EBE073009821460A
:1054E0004FEAE074B8EB000061EB0401E9E783F0F8
:1054F00000435BE781F0004158E72DE9FE4F81EA68
:10550000030404F0004421F0004100944FF0000B2C
:1055100023F0004350EA01045ED052EA03045BD05A
:10552000C3F30A54C1F30A552C44A4F2F334019492
:10553000A0FB0254C1F3130141F48011C3F3130320
:1055400043F4801301FB024400FB034E840A970AD4
:1055500044EA815447EA8357A4FB076802958D0A01
:1055600005FB07854FEA932C04FB0C542705029D8D
:105570004FEA065847EA1637B5EB08056EEB070CFD
:10558000870E920E47EA811742EA8312A7FB0201B7
:10559000B6EB0B0164EB00042B0D43EA0C335E18F1
:1055A00044EB1C50DA465146E7FB0201C5F31304F5
:1055B0004FEA0B3343EA14534FEA0432019C43EAA7
:1055C0000603A4F10C040294009CCDE900B400F0A1
:1055D00087F903B0BDE8F08F00200146F9E72DE917
:1055E000F04D81EA030404F0004B21F0004514461D
:1055F0004FF0000A23F0004150EA050220D054EA9F
:1056000001021DD0C5F30A570246C5F31303C1F3C7
:105610001300C1F30A5640F4801543F48013A7EB3E
:105620000608101BD64608F2FD3873EB050002D3BE
:1056300008F1010801E092185B41B8F1000F03DAAC
:1056400000200146BDE8F08D00204FF48011064691
:1056500084460EE0171B73EB050705D3121B63EBA3
:10566000050306434CEA010C49084FEA3000921842
:105670005B4150EA0107EDD152EA030012D082EA01
:10568000040083EA0501084305D0101BAB4106D294
:105690000122002306E000224FF0004302E06FF0F9
:1056A000010253101AEB06004CEB085110EB0A00F4
:1056B00041EB0B01BDE8F04D00F003B90EB5C10F91
:1056C00080EAE0700844CA07002140F233438DE8C5
:1056D0000E000A460B4600F003F903B000BD0EB5FC
:1056E00040F2334102910021CDE900110A460B46F8
:1056F00000F0F6F803B000BD70B5C1F30A5201F036
:1057000000450024C1F3130140F2FF3341F480113E
:105710009A4201DA002070BD40F233439A42A2F26D
:10572000334203DC524200F057F800E090402C4333
:10573000F1D0404270BDC1F30A5210B5C1F313015C
:1057400040F2FF3341F480119A4201DA002010BD8B
:1057500040F233439A42A2F2334203DC524200F059
:105760003BF810BD904010BD00F0004230F000400A
:105770000AD0C10D01F56071C0F3160042EA015173
:10578000C20840071143704700200146704730B5FA
:105790000B46014600202022012409E021FA02F5EF
:1057A0009D4205D303FA02F5491B04FA02F5284489
:1057B000151EA2F10102F1DC30BD202A04DB203AE3
:1057C00000FA02F1002070479140C2F1200320FA54
:1057D00003F3194390407047202A04DB203A21FA52
:1057E00002F00021704721FA02F3D040C2F12002FA
:1057F0009140084319467047202A06DBCB17203A10
:1058000041FA02F043EAE07306E041FA02F3D040C5
:10581000C2F1200291400843194670470048704782
:10582000343903082DE9F05F8246007800271546D9
:105830008B460AF10104B946302801D09DB113E02E
:1058400014F8010B0127782803D0582801D045B15E
:105850000AE00DB1102D07D10027102514F8010B17
:1058600002E0082500E00A250026B0460EE005FB10
:10587000080005FB06F1012701EB10461FFA80F82E
:10588000B6F5803F00D3B94614F8010B294600F065
:10589000CFF80028EBDABBF1000F05D00FB1641E82
:1058A00000E05446CBF80040B9F1000F06D000F0FC
:1058B00077FE02210160C81EBDE8F09F48EA06405D
:1058C000FAE710B5141E73F1000408DA401C41F128
:1058D000000192185B411A4301D120F0010010BD74
:1058E0002DE9F04D92469B4611B1B1FA81F202E0EA
:1058F000B0FA80F220329046FFF75FFF04460F4671
:1059000040EA0A0041EA0B0153465A46084313D0C5
:10591000114653EA010019D0C8F140025046FFF782
:105920005BFF05460E46504659464246FFF745FF87
:10593000084305D0012004E020463946BDE8F08D3B
:105940000020054346EAE0762C4337430A98630576
:10595000E40AA0EB08000022FD0A44EA47540A309A
:1059600002D500200146E9E7010510196941DDE98A
:10597000084500196941BDE8F04DA2E7C1F30A529C
:10598000C1F3130140F2FF3341F480119A4202DA6D
:1059900000200146704740F233439A42A2F233425C
:1059A00002DC5242FFF718BFFFF707BF30B5041EF5
:1059B00071F1000404DB4FF00044404264EB01014C
:1059C000141E73F1000405DB1C464FF000435242E5
:1059D00063EB04038B4208BF824230BD30B5041E26
:1059E00071F1000404DB4FF00044404264EB01011C
:1059F000141E73F1000405DB1C464FF000435242B5
:105A000063EB0403994208BF904230BD064C074D3A
:105A100006E0E06840F0010394E80700984710347E
:105A2000AC42F6D3FFF7B2FB803A0308A03A030872
:105A30003A2800D2303820F02002412A01D3A2F1C6
:105A40003700884201D34FF0FF30704770B58C1893
:105A500010F8015B15F0070301D110F8013B2A1182
:105A600006D110F8012B03E010F8016B01F8016B6F
:105A70005B1EF9D12B0705D40023521E0DD401F86B
:105A8000013BFAE710F8013BCB1A921C03E013F834
:105A9000015B01F8015B521EF9D5A142D8D3002069
:105AA00070BD00BFFEE7000010B5022006F0CEF981
:105AB00028B1022006F020F901200149088010BD1C
:105AC0000000002010B54FF4005006F0BFF968B197
:105AD0004FF4005006F010F90021054806F0F8F8E0
:105AE0000021044821F03FFD03F072FE10BD0000CC
:105AF000440002400038014010B5084806F00CF997
:105B000058B1064806F0F8F84FF4805104480CF0FC
:105B100041F9044800680EF0F1FE10BD02000010CB
:105B2000000C0140140200207047000010B508204E
:105B30000AF032F9002848D008200AF01DF90021A7
:105B400010200AF083F9082120480CF0D7F9B0B9E9
:105B500020211E480CF0D2F9012810D110211B4839
:105B60000CF0CCF9012802D11949087029E0184835
:105B70000078052825D106201549087021E010215C
:105B800012480CF0BBF9012814D1114800780728FD
:105B900017D11048007818B901200F49087005E0A6
:105BA0000E480088012801D10B49087000200849DF
:105BB000087006E006480078022802D10320044954
:105BC0000870012110200AF041F910BD000C0140BD
:105BD00082010020D40000200201002006010020E4
:105BE00010B510200AF0D8F8002849D010200AF08B
:105BF000C3F8002108200AF029F9102121480CF0EF
:105C00007DF9B8B920211F480CF078F9012811D18D
:105C100008211C480CF072F9012803D105201A490B
:105C2000087029E018480078012825D1022016497B
:105C3000087021E0082113480CF060F9012814D104
:105C400011480078032817D11048007818B90120AE
:105C50000F49087005E00F480088012801D10C4960
:105C6000087000200849087006E0074800780628F8
:105C700002D1072004490870012108200AF0E6F843
:105C800010BD0000000C014082010020D400002063
:105C9000010100200601002010B520200AF07CF848
:105CA000002845D020200AF067F8202129480CF070
:105CB00025F978B9642022F0BFF9202125480CF09D
:105CC0001DF988BB00202449087024480068244935
:105CD00008602DE020211F480CF010F9012827D181
:105CE000642022F0A9F920211A480CF007F90128B4
:105CF0001ED119480078B8B9012017490870184812
:105D0000006816490968081AB0F5FA7F10D81448D7
:105D1000006812490968081A322809D31148007826
:105D200018B901201049087002E000200D490870E0
:105D30004FF480700AF030F850B10C4840790128D7
:105D400002D00BA000F0B8FB4FF480700AF014F8FA
:105D500010BD0000000C01400001002010010020D7
:105D6000340000200501002003010020240400204D
:105D7000696E7420697320636F6D650D0A00000001
:105D800000BFFEE77FB504460D460A2000F095FAF5
:105D9000002003904FF6FF70012103AA2B46CDE9A6
:105DA00000210290224603480CF016FC9DF80C00DE
:105DB00004B070BD3C10002037B584B004460D46D9
:105DC0000A2000F07AFA4FF6FF70012106AA2B464E
:105DD000CDE900210290224602480CF005FD07B0F3
:105DE00030BD00003C10002080ED000AC0ED010A2B
:105DF000F7EE001AC0ED031A80ED021A70472DE984
:105E0000F04107460C4615461E462A200DF060FA62
:105E100038460DF047FA28460DF044FA2B200DF0D5
:105E200057FA20460DF03EFA30460DF03BFA2C2092
:105E30000DF04EFABDE8F08100BFFEE77047F0B507
:105E400003460C4603F00701C1F10700042801D9FD
:105E5000042001E0C1F107000646081D072801D211
:105E6000002000E0C81E05460120B040401E204032
:105E7000A8400127AF407F1E17403843F0BD704750
:105E800070B50446257860780543A0780543E0782E
:105E900005432A460021E820FFF78EFF70BD70B54C
:105EA00004461921E820FFF76DFF00F091052078E6
:105EB00008B1402000E000200543607808B12020B0
:105EC00000E000200543A07808B1082000E0002091
:105ED0000543E07808B1042000E000200543207964
:105EE00008B1022000E0002005432A461921E820DD
:105EF000FFF762FF70BD10B50C21E820FFF742FFED
:105F000000F0BF0422460C21E820FFF755FF10BD2A
:105F100010B50C21E820FFF735FF40F04004224681
:105F20000C21E820FFF748FF10BD70B5044608219A
:105F3000E820FFF727FF00F0E005207805436078B0
:105F40000543A0780543E07805432A460821E82068
:105F5000FFF732FF0921E820FFF714FF00F060058A
:105F60002079054360790543A07905432A46092134
:105F7000E820FFF721FF0A21E820FFF703FF00F0E8
:105F80000305E0790543207A0543607A0543A07A4A
:105F90000543E07A0543207B05432A460A21E82091
:105FA000FFF70AFF0B21E820FFF7ECFE00F0F000FE
:105FB00040F00805607B0543A07B05432A460B2182
:105FC000E820FFF7F9FEE57B207C0543607C054374
:105FD000A07C0543E07C0543207D05432A460C2137
:105FE000E820FFF7E9FE052000F067F970BD00002A
:105FF00000B589B04C484D49086000200890182130
:1060000002A8FFF735F90020009001904FF480714D
:1060100047480BF0BFFE4FF4007145480BF0B8FE47
:10602000052000F04AF900208DF820008DF82100AD
:1060300018208DF8220007208DF8230008A8FFF70C
:106040001FFF10208DF8080004208DF809000020A3
:106050008DF80A008DF80B008DF80C000C208DF8DF
:106060000D0003208DF80E0000208DF80F00402059
:106070008DF8100020208DF8110010208DF81200EE
:1060800000208DF8130004208DF8140000208DF8F6
:10609000150003208DF8160000208DF81700102041
:1060A0008DF8180008208DF8190004208DF81A00CA
:1060B00000208DF81B008DF81C0002A8FFF735FFAB
:1060C00000208DF800008DF8010001208DF80200FD
:1060D00000208DF803008DF804006846FFF7DFFE0E
:1060E000052000F0EAF8052000F0E7F8FFF703FFCD
:1060F00041F2707000F031F80E480078012804D1A8
:1061000041F2707000F048F803E00B48008800F09E
:1061100043F80A48008800F079F800F011F80A20E6
:1061200000F0CBF809B000BD005400403C10002046
:10613000000C014004000020D8000020D600002000
:1061400010B50921E820FFF71DFE40F0800422462B
:106150000921E820FFF730FE10BD70B50446082184
:10616000E820FFF70FFE00F01000102801D10C20EE
:1061700000E006200646200100EB8000410040F2CE
:106180007120704391FBF0F0401EC5B22A460621F3
:10619000E820FFF711FE70BD2DE9F0410646082109
:1061A000E820FFF7EFFD00F00C00042801D10620E5
:1061B00000E003200746300100EE100AB8EEC00AE6
:1061C0001148D0ED000A60EE200A40F271207843B9
:1061D00000EE100AB8EEC00A80EE801AB7EE000A90
:1061E00031EE400ABCEEC00A10EE100A85B2FF2D57
:1061F00001DDFF2400E0ECB222460521E820FFF794
:10620000DBFDBDE8F0810000F400002070B52DED4D
:10621000028B0546244890ED000AF7EE000A30EEA6
:10622000200A10EE101A0846FFF79EFA41EC180BF0
:1062300000EE105AF8EE400A1C4890ED001A80EE6D
:10624000810ADFED1B0A80EE201A9FED1A0A21EE6B
:10625000000ABDEEC00A10EE100A86B200240BE060
:10626000311B481EC11700EB91718910A0EB810111
:1062700001B903E0601C84B2032CF1DB00BF311BC9
:10628000481EC11700EB9171C1F38F06F2B20321D2
:10629000E820FFF791FDA007020E0421E820FFF798
:1062A0008BFDBDEC028B70BDEC000020F0000020E7
:1062B00000007A4400008044704710B50446204630
:1062C00021F07EFE10BD70471848006840F4700051
:1062D000164908601648006820F00100401C144967
:1062E000086000BF12480068C0F340000028F9D0E1
:1062F0000F48406820F003000D49486000BF0C487B
:106300004068C0F381000028F9D1094800680949B4
:106310000840074908600020486008634FF41F00E8
:106320008860C803014980390860704788ED00E043
:1063300000100240FFFFF2FE10B50121064820F0D8
:1063400072FC40B105480088401C044908800121C6
:10635000014820F05AFC10BD000C00400200002053
:1063600010B51021104821F011F9E0B10E4821F0CC
:10637000EDF800210D4805F0ABFC0C485838C06D15
:10638000C0F580700A49088008460088002802DDB0
:106390000120084988710121044805F099FC102169
:1063A000014821F0EAF810BD0038014058000240D1
:1063B0000C0100204400002000BFFEE710B5044699
:1063C0008CB14FF4005111480BF0E4FC4FF4C8704D
:1063D00005F0FFFB4FF400510C480BF0D9FC3220C4
:1063E00005F0F7FB10E04FF4005108480BF0D2FC29
:1063F000322005F0EEFB4FF4005104480BF0C8FCCE
:106400004FF4C87005F0E5FB10BD0000001001401E
:1064100070B50446002507E0C4F3C010FFF7CEFFB7
:106420006006040E681CC5B2082DF5DB70BDF0B522
:1064300005460E461746002407E03B4632462946ED
:10644000204600F005F8601C84B2012CF5DBF0BD9D
:1064500070B50C4601280ADA00EB4005A9B2044DDC
:106460006A542E464D1C74558D1C735500BF70BD6B
:106470000E02002070B500BFEFF31080054672B623
:10648000002405E00A49085DFFF7C2FF601C84B2E2
:10649000032CF7DB00BF85F3108800BF4FF40051D9
:1064A00004480BF075FC4FF4967005F098FB70BD36
:1064B0000E020020001001400FB4054B10B503A9D7
:1064C000044A029801F0B2FE10BC5DF814FB000013
:1064D00029110108580300200FB47CB50C0009AD48
:1064E00001D0611E00E00021CDE90001064B6A46A3
:1064F0002946089801F09AFE002C02D0009A00214B
:1065000011707CBC5DF814FB338900080FB4084B94
:1065100010B504A902AA039801F088FE044602A956
:10652000002002F011FA204610BC5DF814FB0000B8
:10653000498900087CB50C001D461646014601D06D
:10654000601E00E00020CDE90010064B6A46294697
:10655000304601F06BFE002C02D0009A0021117031
:106560007CBD00003389000802480068C0F30220A7
:10657000704700000CED00E010B5002804DB0A07AE
:10658000130E054A135406E00A07140E034A00F0DE
:106590000F031B1FD45410BD00E400E018ED00E011
:1065A000004870475C03002070B5D94B00242DEDE6
:1065B000020B2DED108BDDE91010984205DA20F06A
:1065C00000429A4201D809D141B19DED100BBDECBA
:1065D000108B02B0BDE8704000F05EBAB0F5801FCD
:1065E00026DA11430BD0002813DA012000F080FADC
:1065F000BDEC108B02B0BDE8704000F059BA02202B
:1066000000F076FA00F030FA51EC100B81F0004106
:106610009EE06FF035049FEDC00B53EC102B9DED09
:10662000100B51EC100BFEF768FFCDE91001084686
:1066300004EB2051C0F31304B948A1F2FF31204408
:1066400000F4801080F07F6282F04052224301EB20
:1066500020559FEDB50B119253EC102B9DED100BB7
:1066600051EC100BFEF743FF41EC180BA01CC0F3DC
:1066700013009FEDAFDB9FEDB0EBB14E7E440328DE
:106680006CD296ED000B51EC180B53EC102BFFF76E
:106690008DF91DD1002D01BF96ED000BBDEC108BC7
:1066A00002B070BD2846FFF709F841EC180B53EC17
:1066B0001D2BFEF722FF41EC190B53EC1E2B51EC66
:1066C000180BFEF71AFF53EC192BFEF76FFE3FE095
:1066D0009FED9D0B51EC180B53EC102BFEF70DFFAB
:1066E0009FED9B1B53EC112BFEF704FF41EC190BA4
:1066F00053EC182B51EC180BFEF7FFFE53EC192B43
:10670000FEF7FBFE41EC190B002D04BF53EC192BD7
:1067100051EC180B1AD02846FEF7D0FF41EC1A0BAB
:1067200053EC1D2BFEF7E9FE53EC192BFEF7E2FEAE
:1067300053EC182BFEF7DBFE41EC180B53EC1E2B31
:1067400051EC1A0BFEF7D9FE53EC182BFEF7CFFED7
:10675000BDEC108B02B041EC100B70BD9FED7E0BB9
:1067600051EC180B53EC102BFEF720FE41EC100BF4
:1067700051EC180B53EC102BFEF731FF41EC190BC9
:106780002846FEF79BFF41EC1B0B53EC192B51ECF9
:10679000190BFEF7B2FE41EC1A0B714853EC1A2BA1
:1067A000261851EC1A0BFEF7A8FE41EC1F0B6D48A2
:1067B000C4F1510404F5D724B0EE4F0AF0EE6F0A8D
:1067C0000321784400F0D2F853EC1F2B51EC100B4E
:1067D000FEF793FE41EC1C0B6348B0EE4F0AF0EE5F
:1067E0006F0A0421784400F0C1F853EC1A2B51ECE5
:1067F000100BFEF782FE344353EC1C2BFEF7D6FD44
:1068000041EC1C0B002C4CDD9FED510B51EC180B97
:1068100053EC102BFEF771FE53EC182BFEF76DFEB8
:1068200041EC1A0B55B353EC1D2B51EC1B0BFEF72F
:1068300064FE41EC1D0B53EC1C2B51EC1A0BFEF7C4
:10684000B5FD53EC192BFEF758FE53EC1D2BFEF74C
:10685000ADFD53EC1A2BFEF74DFE53EC182BFEF753
:1068600046FE41EC180B53EC1E2B51EC1B0BFEF7B4
:1068700044FE53EC182BFEF73AFE69E753EC1C2B51
:1068800051EC1A0BFEF792FD53EC192BFEF735FE77
:1068900053EC1A2BFEF72EFE53EC182BFEF72AFEB4
:1068A00056E735B353EC1D2B51EC1B0BFEF725FEC1
:1068B00041EC1A0B53EC1C2B51EC180BFEF717FE96
:1068C00053EC192BFEF719FE53EC1A2BFEF70FFEB3
:1068D00053EC182BFEF70BFE41EC180B53EC1E2B60
:1068E00051EC1B0BFEF709FE53EC182BFEF7FFFDD6
:1068F0002EE753EC1C2B51EC180BFEF7F8FD53EC74
:10690000192BFEF7FAFD53EC182BFEF7F3FD1FE7EA
:106910000000F07F00000000000000000000504375
:10692000645F090000000000000000000000F03F6C
:10693000763C7935EF39EA3D0000E0FE422EE63F35
:1069400028D2020000000000555555555555D53F39
:10695000000000000000E03F0000000000000040D8
:1069600086EBF9FFAAD00200A0D0020070B5044661
:106970002DED028B4D1E00EBC500B0EE408AF0EE0F
:10698000608A90ED000B35F0060017D053EC182B01
:1069900051EC100BFEF7B1FD41EC100B6D1E04EB3A
:1069A000C50090ED001B51EC100B53EC112BFEF7C2
:1069B000FDFC41EC100B35F00600E7D1022D36D07E
:1069C000042D1CD0062D1CBFBDEC028B70BD53ECFA
:1069D000182B51EC100BFEF790FD94ED0A1B53ECB5
:1069E000112BFEF7E3FC53EC182BFEF786FD94ED1C
:1069F000081B53EC112BFEF7D9FC41EC100B53ECA8
:106A0000182B51EC100BFEF778FD94ED061B53ECA0
:106A1000112BFEF7CBFC53EC182BFEF76EFD94ED1B
:106A2000040B53EC102BFEF7C1FC41EC100B53ECA4
:106A3000182B51EC100BFEF760FD94ED021B53EC8C
:106A4000112BFEF7B3FC53EC182BFEF756FD94ED1B
:106A5000001B53EC112BFEF7A9FCBDEC028B41ECA3
:106A6000100B70BD000000009FED070B10B553EC3C
:106A7000102B9FED070B51EC100BFEF7B0FD41EC16
:106A8000100B10BD0000000000000000000000001E
:106A9000000000000000F03F10B553EC102B51EC4B
:106AA000100BFEF783FC41EC100B10BD0000000042
:106AB0009FED050B10B553EC102B51EC100BFEF7AE
:106AC0008EFD41EC100B10BD000000000000000026
:106AD00002E008C8121F08C1002AFAD170477047A7
:106AE000002001E001C1121F002AFBD17047000005
:106AF00001490860704700005C0300202DE9FF5F3A
:106B000082B00021DDE90430020DDDF840B003431E
:106B100018D044F61050A2F2FF32424315141198D7
:106B200001281FD0A5EB0B00401C5FEA000A4FF0C4
:106B300000064E4FDFF83891B046504615D5CAF1E1
:106B4000000413E0119801244AA3012801D16FEA3F
:106B50000B010298119AC0E90031C0E9024206B067
:106B6000BDE8F09FCBF10000DFE704460021404A7A
:106B7000491842EB0450CDE9001012E0E00707D0BD
:106B800032463B4640464946FEF7B7FC80468946BA
:106B900032463B4610461946FEF7AFFC06460F4606
:106BA0006410002CEAD1DDE90401DDE90023BAF12B
:106BB000000F06DAFEF7A1FC42464B46FEF79DFCAD
:106BC00005E0FEF70CFD42464B46FEF708FD044685
:106BD0000E460022284BFEF701FF03D84FF0FF308E
:106BE000014607E00022254B20463146FEF7DEFB3A
:106BF000FEF7C4FE102409E0002C0ADB0A22002361
:106C0000FEF7DEFA039B30321A55641E50EA010289
:106C1000F2D1641C039AC4F111031444119A012A9D
:106C200003D0012208430DD10AE0084304D000201C
:106C30004FF0110B119072E7A3EB0B056D1E0DE0E9
:106C40005B4504DD4FF0000205F1010504E003DAC5
:106C50004FF00002A5F10105002AECD0029811992D
:106C6000C0E90231C0E9004579E7000000001440A6
:106C70000000F03F300000000000F0430000E03F63
:106C800010B54421074800F005FE00221E210648E9
:106C900019F0E2FB0549086002F04AFA00200449B5
:106CA000087010BD5C66002011920008CC02002024
:106CB000C80200202DE9F04F87B007460C46154664
:106CC0002946204600F066F920B94FF0FF3007B0A2
:106CD000BDE8F08F00222946204600F0FDF808B1FB
:106CE0000020F4E7002620460CF068FF401E00B2AA
:106CF000049020460CF0F6FE401E00B20390688817
:106D00006188401A0FFA80FABAF1000F16DD208868
:106D1000ADF814006088ADF81600A088ADF8180032
:106D20006088504400B2ADF81A003046711C4EB273
:106D300007EBC0000599016006994160E888618809
:106D4000411A0398401A0FFA80FBBBF1000F1CDDBB
:106D5000B5F90600B4F90610884216DA2088ADF8B5
:106D60001400E888ADF81600A088ADF81800E8888F
:106D7000584400B2ADF81A003046711C4EB207EB11
:106D8000C0000599016006994160B5F90200B4F9A7
:106D90000210884202DDB5F9020001E0B4F90200F8
:106DA0008046B5F90600B4F90610884202DAB5F952
:106DB000060001E0B4F9060002900298A0EB08007A
:106DC0000FFA80F928882188401A00B201900198B2
:106DD00000281BDDB9F1000F18DD2088ADF8140084
:106DE000ADF8168021880198084400B2ADF818006B
:106DF00008EB090000B2ADF81A003046711C4EB223
:106E000007EBC0000599016006994160A8882188B8
:106E1000411A0498401A00B200900098002818DD2A
:106E2000A888ADF81400ADF81680A9880098084429
:106E300000B2ADF8180008EB090000B2ADF81A0076
:106E40003046711C4EB207EBC000059901600699EF
:106E5000416030463BE730B50346B1F90040B2F936
:106E60000050AC4202DDB1F9004001E0B2F900404F
:106E70001C80B1F90240B2F90250AC4202DDB1F916
:106E8000024001E0B2F902405C80B1F90440B2F97D
:106E90000450AC4202DAB1F9044001E0B2F9044016
:106EA0009C80B1F90640B2F90650AC4202DAB1F961
:106EB000064001E0B2F90640DC800120B3F9004051
:106EC000B3F90450AC4205DCB3F90240B3F9065003
:106ED000AC4200DD002030BDF8B504460D46164634
:106EE0000027B4F90000B5F90010884212DBB4F9AC
:106EF0000200B5F9021088420CDBB4F90400B5F9C0
:106F00000410884206DCB4F90600B5F90610884280
:106F100000DC01270FB90020F8BD0EB90120FBE706
:106F20002088ADF800006088ADF80200324669465E
:106F3000284600F0A7F808B90020EDE7A088ADF8D2
:106F400000006088ADF8020032466946284600F02D
:106F500099F808B90020DFE72088ADF80000E08844
:106F6000ADF8020032466946284600F08BF808B9B1
:106F70000020D1E7A088ADF80000E088ADF802005D
:106F800032466946284600F07DF808B90020C3E77C
:106F90000120C1E70246B2F90000B1F9043098427D
:106FA00013DCB2F90400B1F9003098420DDBB2F9FC
:106FB0000200B1F90630984207DCB2F90600B1F9D7
:106FC0000230984201DB012070470020FCE7F8B551
:106FD00004460D461646B4F90400B5F9001088427F
:106FE00011DBB4F90600B5F9021088420BDBB4F9E5
:106FF0000000B5F90410884205DCB4F90200B5F9C7
:107000000610884201DD0120F8BD0EB90020FBE723
:107010002088ADF800006088ADF80200324669466D
:10702000284600F02FF808B10020EDE7A088ADF861
:1070300000006088ADF8020032466946284600F03C
:1070400021F808B10020DFE72088ADF80000E088D3
:10705000ADF8020032466946284600F013F808B140
:107060000020D1E7A088ADF80000E088ADF802006C
:1070700032466946284600F005F808B10020C3E70B
:107080000120C1E72DE9FC5F05460E4614464FF08E
:10709000000AB6F90000B5F90010884213DBB6F912
:1070A0000000B5F9041088420DDCB6F90200B5F90C
:1070B0000210884207DBB6F90200B5F906108842D3
:1070C00001DC4FF0010ABAF1000F02D10020BDE847
:1070D000FC9F002C01DC0120F9E728460CF06EFD36
:1070E000834600EBDB70471028460CF0FBFC834620
:1070F00000EBDB704FEA6008474501DA384600E0F4
:10710000404681464C4500DD4C462888ADF80000DD
:107110002888204400B2ADF804006888ADF8020069
:107120006888204400B2ADF8060000223146684667
:10713000FFF7A8FF80B1BDF80400204400B2ADF80D
:107140000400BDF80600204400B2ADF80600314648
:10715000684618F0CFF8BAE7E888001B00B2ADF82F
:107160000200E888ADF80600002231466846FFF7C5
:1071700089FF80B1BDF80400204400B2ADF80400DE
:10718000BDF80200001B00B2ADF8020031466846AF
:1071900018F0B0F89BE7A888001B00B2ADF800001B
:1071A000A888ADF80400002231466846FFF76AFF60
:1071B00080B1BDF80000001B00B2ADF80000BDF8C2
:1071C0000200001B00B2ADF802003146684618F01C
:1071D00091F87CE76888ADF802006888204400B226
:1071E000ADF80600002231466846FFF74BFF80B13C
:1071F000BDF80000001B00B2ADF80000BDF80600AD
:10720000204400B2ADF806003146684618F072F826
:107210005DE701205BE710B5B1F90030B2F900403D
:10722000A34202DAB1F9003001E0B2F90030038084
:10723000B1F90230B2F90240A34202DAB1F90230E8
:1072400001E0B2F902304380B1F90430B2F90440F0
:10725000A34202DDB1F9043001E0B2F904308380C9
:10726000B1F90630B2F90640A34202DDB1F90630A9
:1072700001E0B2F90630C38010BD0000F8B5054644
:1072800019F0CCF807460020009035B14C49E86869
:107290000860284619F0F8F903E00DF035FB48497D
:1072A000086047490968086917F0C4FE4448006847
:1072B000406920B142490968486917F0BBFE40495E
:1072C0000968C86917F0B6FE3D490968086A17F0F1
:1072D000B1FE3B480068006938B9002038490968A8
:1072E000A1F8500100BF00BFF8BD18F097F81CF0DE
:1072F000A3FA1CF041F832480068B0F850010028A9
:1073000056D02F4800680068007C00F0010040B3B0
:107310002B4800680068C068406810B3002419E07A
:107320002748006800F59870005D00B110E024481F
:10733000006800F5AC7000F00FFB064620480068BE
:10734000303000EBC400016831604068706000BFFD
:10735000601C84B21A480068B0F85001A042DFDC1B
:1073600000BF4FF4807116480068303013F0D2FB34
:1073700020211348006800F5987013F0CBFB002023
:107380000F490968A1F85001384619F039F8009002
:107390000B4800680068406A50B1094909680868EC
:1073A0000749096809684B6A06490A6800999847BD
:1073B00013F028F900F03EF800F006F800BF93E75C
:1073C000480200204402002010B5002416E0C4EB5F
:1073D000C4000C4951F8200030B1C4EBC401094A83
:1073E00052F8210013F0C0F9C4EBC401054A02EBC6
:1073F00081001C2113F08EFB601CC4B2042CE6DB60
:1074000010BD0000386700200146094A10680BE0F3
:1074100042688A4202D002688A4204D1027E22F087
:107420000102521C027640690028F1D17047000029
:107430001C0200207047000010B50421014800F034
:1074400029FA10BD5066002010B52021014800F037
:1074500021FA10BD686600202DE9FF4704460D465D
:1074600016461F46DDE90C896FB9B8F5807F0AD151
:10747000002020806080681E00B2A080701E00B2D4
:10748000E080BDE8FF87002000900190029003900B
:10749000ADF80450ADF80A60ADF80C50ADF80E60D0
:1074A0004B4642463946684617F05AFE4B4642461E
:1074B000394601A817F054FE4B464246394602A809
:1074C00017F04EFE4B464246394603A817F048FED9
:1074D000BDF90000BDF90410884202DABDF90000D0
:1074E00001E0BDF90400BDF90810BDF90C2091427E
:1074F00002DABDF9081001E0BDF90C1088420BDA80
:10750000BDF90000BDF90410884202DABDF900009F
:107510000DE0BDF904000AE0BDF90800BDF90C104A
:10752000884202DABDF9080001E0BDF90C00801EB6
:1075300000B22080BDF90000BDF90410884202DDD0
:10754000BDF9000001E0BDF90400BDF90810BDF966
:107550000C20914202DDBDF9081001E0BDF90C10CC
:1075600088420BDDBDF90000BDF90410884202DD40
:10757000BDF900000DE0BDF904000AE0BDF9080006
:10758000BDF90C10884202DDBDF9080001E0BDF92B
:107590000C00801C00B2A080BDF90210BDF90600ED
:1075A000814202DABDF9020001E0BDF90600BDF931
:1075B0000A20BDF90E108A4202DABDF90A1001E074
:1075C000BDF90E1088420BDABDF90210BDF90600B4
:1075D000814202DABDF902000DE0BDF906000AE0C1
:1075E000BDF90A10BDF90E00814202DABDF90A00A8
:1075F00001E0BDF90E00801E00B26080BDF90210EE
:10760000BDF90600814202DDBDF9020001E0BDF9CD
:107610000600BDF90A20BDF90E108A4202DDBDF94F
:107620000A1001E0BDF90E1088420BDDBDF9021011
:10763000BDF90600814202DDBDF902000DE0BDF991
:1076400006000AE0BDF90A10BDF90E00814202DD14
:10765000BDF90A0001E0BDF90E00801C00B2E08017
:1076600000BF0EE72DE9F743054616460024134CEC
:1076700018F0D4FE8046334629462046019A11F080
:10768000B1FD07465FB900BF00BF2C21204613F0B3
:1076900041FA4FF00040A0620020BDE8FE830020C8
:1076A000A062E06918B9404618F0AAFEE061E069FE
:1076B00008B90120E0612046EFE700008C66002059
:1076C00010B51421114800F0E5F811F03DFD044615
:1076D00000BF1CB900BF00BF00BFFEE700BF14B968
:1076E00000BF00BF10BD0A49204611F015FE094930
:1076F000204611F013FE0849204611F011FE0749FB
:10770000204611F007FE00BFECE700007466002081
:10771000F9880108CD8D010855900108C38801083A
:107720002DE9FF4104460F4614B90DF0EDF804466B
:107730000CB9BDE8FF8120460DF07FF900B9F8E7EC
:1077400094F82800C0F3800010B100BF00BFF0E73C
:107750001FB90020A4F85001EBE70020ADF80800A5
:10776000ADF80A0020460DF0E7F8401E00B2ADF873
:107770000C0020460DF046F9401E00B2ADF80E0098
:1077800002AA39466846FFF766FB064606B9D0E707
:107790002068007CC0F3400060B102982063039829
:1077A00060630120A4F85001606810B1606818F0AF
:1077B00077FFBEE72068806918B120686946826952
:1077C000904700250BE004F1300000EBC5010022DA
:1077D0006846FFF781FB00B1ABE7681C85B2B4F8DF
:1077E0005001A842EFDCB4F85001202809DAB4F8BF
:1077F000502104F1300101EBC20069460CF014F98C
:107800000BE00020A4F85001B4F8502104F130013D
:1078100001EBC20002A90CF007F9B4F85001401CBA
:10782000A4F85001606810B1606818F039FF00BF1B
:107830007FE770B50546284600F013F80446002699
:107840000CE02146284600F012F80646214628465C
:1078500000F0AEF8204612F087FF3446002CF0D13D
:1078600070BD014609B9002070474868FCE7024630
:107870000B461068001D03441868704702460B460B
:107880001068034418687047014609B90020704722
:107890008868FCE7002242608260CA1C22F0030173
:1078A0000160704770B50446216801F1080012F0CC
:1078B0007DFE0546A5B10022294620461AF08CFF20
:1078C0002946204662681AF079FF606820B12A468E
:1078D000204661681AF080FF6560A06800B9A56065
:1078E000284670BD2DE9F04106460D4606B115B992
:1078F0000020BDE8F0813046FFF7B3FFA84206D173
:107900003046FFF7CFFF044624BB0020F1E7316883
:1079100001F1080012F04AFE04460CB90020E8E725
:1079200029463046FFF7AAFF074622463946304629
:107930001AF044FF3A46214630461AF04DFF2246DF
:10794000294630461AF048FF2A46214630461AF0AA
:1079500035FF00BF2046CCE770B50446216801F131
:10796000080012F023FE0546A5B100222946204654
:107970001AF024FF29462046A2681AF02DFFA068BD
:1079800020B12A462046A1681AF018FFA560606859
:1079900000B96560284670BD014609B901207047ED
:1079A000486818B9886808B90120F8E70020F6E7A8
:1079B0002DE9F04104460D460CB9BDE8F0812046A2
:1079C000FFF74FFFA8420FD129462046FFF74FFF90
:1079D0006060606810B90020A0602FE0002220469F
:1079E00061681AF0F9FE29E02046FFF74DFFA84232
:1079F0000FD129462046FFF741FFA060A06810B9CB
:107A0000002060601AE000222046A1681AF0D6FE2D
:107A100014E029462046FFF731FF06462946204656
:107A2000FFF725FF07463A46314620461AF0C6FEC4
:107A30003246394620461AF0CFFE00BF00BFBCE7F1
:107A400010B504462068806818B120682146826815
:107A500090472068006828B12068006820602046B0
:107A6000FFF7EEFF10BD0146886818B18868B0F9CD
:107A7000160070470020FCE70146886818B1886846
:107A8000807E800970470020FCE72DE9F041044624
:107A90000D4616461DB916B90120BDE8F0812046F5
:107AA00013F06CF9A068008A284400B2A16808822B
:107AB000A068408A304401B2A06841820123324666
:107AC0002946204615F002FF00220B21204610F027
:107AD00043F80746012F01D03846DEE7204615F06F
:107AE00047FE0120D9E7F7B582B004460E4614B927
:107AF000049805B0F0BD00BF62223146204615F063
:107B0000BBF90190019D00BFBDB12868A8B100BFBD
:107B100063223146204615F0AFF901900198C0B2BA
:107B200007464FB13A462B6828460499984701907A
:107B3000BDF80400ADF8100000BF0498D9E70000BC
:107B40002DE9F04F95B004468B4691469A461E9D0E
:107B5000608C20F0080008306084A4F820902A8906
:107B60005946204615F088F91490A4F820A02A89D7
:107B70005946204615F080F91390608C20F00800DB
:107B80006084DDE9131088420CD1DDE913108842CE
:107B900008D1BDF85000BDF84C10884202D115B094
:107BA000BDE8F08FA4F820902A895946204615F0A8
:107BB00063F91490A4F820A0594620460AF086F8EC
:107BC00012902989129A1068149A18F009FA2889D3
:107BD0000B2833D147F6FF711498884202D01398CE
:107BE00088422BD1204615F07BFB009000EBD07033
:107BF0004710204614F002F9009000EBD0704FEAD5
:107C0000600847F6FF711498884208D1781C08F183
:107C10000101884200DA01E008F10100149047F602
:107C2000FF711398884208D1781C08F1010188423D
:107C300000DA01E008F10100139000BF2348FFF7CC
:107C400031FE064600BF1EB900BF00BF00BFFEE701
:107C500000BF06B9A3E71498F06013983061346050
:107C60002889B080C6F808B001A80BF0DFFD3146C6
:107C700001A80BF060FE164901A80BF035FE15486F
:107C8000039000BF144901A80BF036FEFF2200212B
:107C900001A80BF046FE298801A80BF036FE698882
:107CA00001A80BF01AFEE868089000BF01A80021A7
:107CB00090F8422061F3000280F8422000BF28695A
:107CC000079001A80BF04CFE00BF68E7806600201B
:107CD000816E0208D97002080970020810B51421DB
:107CE0000148FFF7D7FD10BD806600202DE9FE4F4B
:107CF00004460F4690464FF0000900254CE1E0682D
:107D000000EBC5004068C0F3406000B143E1E168AA
:107D100001EBC501496821F07F4017F050F9064694
:107D200026EA070008B9012000E00020029026EAB8
:107D3000080008B9012000E000200190DDE9010100
:107D4000814270D0E06850F835A04FF0000B6A46D1
:107D50001021504617F09EFD10B14FF0010B98E036
:107D60006A461121504617F095FD10B14FF0010BF6
:107D70008FE06A461221504617F08CFD10B14FF08B
:107D8000010B86E06A461321504617F083FD10B1BF
:107D90004FF0010B7DE06A461521504617F07AFD41
:107DA00010B14FF0010B74E06A461421504617F0F1
:107DB00071FD10B14FF0010B6BE06A460A2150468D
:107DC00017F068FD10B14FF0010B62E06A466B21BD
:107DD000504617F05FFD10B14FF0010B59E06A46B5
:107DE0006C21504617F056FD10B14FF0010B50E0DA
:107DF0006A460121504617F04DFD10B14FF0010BBE
:107E000047E06A460421504617F044FD10B14FF098
:107E1000010B3EE06A460221504617F03BFD18B1C7
:107E20004FF0010B35E0B5E06A460321504617F0EC
:107E300031FD10B14FF0010B2BE06A460521504691
:107E400017F028FD10B14FF0010B22E06A46062121
:107E5000504617F01FFD10B14FF0010B19E06A46B4
:107E60003221504617F016FD10B14FF0010B10E013
:107E70006A466E21504617F00DFD10B14FF0010B10
:107E800007E06A466D21504617F004FD08B14FF037
:107E9000010BBBF1000F02D00320BDE8FE8F6A4644
:107EA0006921504617F0F6FC10B14FF0020970E05E
:107EB0006A466A21504617F0EDFC10B14FF00209F6
:107EC00067E06A466E21504617F0E4FC10B14FF0AF
:107ED00002095EE06A466D21504617F0DBFC10B1E6
:107EE0004FF0020955E06A463721504617F0D2FCA0
:107EF00010B14FF002094CE06A463821504617F0A5
:107F0000C9FC10B14FF0020943E06A4635215046E2
:107F100017F0C0FC10B14FF002093AE06A46402168
:107F2000504617F0B7FC10B14FF0020931E06A4635
:107F30004521504617F0AEFC10B14FF0020928E081
:107F40006A464121504617F0A5FC10B14FF00209D6
:107F50001FE06A464221504617F09CFC10B14FF0DA
:107F6000020916E06A464321504617F093FC10B10F
:107F70004FF002090DE06A464921504617F08AFC8D
:107F800010B14FF0020904E0B9F1000F01D14FF038
:107F9000010900BF00BF6D1C608CC0F30510A84232
:107FA0003FF6ADAE484678E70148006870470000EC
:107FB0004802002070470146C1F30412072A00DD81
:107FC0000722D0B27047000001464FF6FF70814291
:107FD00001D11F20704709B90020FBE7712902DA9F
:107FE0000948405CF6E7A1F1710081B207480068DA
:107FF00038B107480068814203D204480068405CF9
:10800000E8E70020E6E7000038C70208F002002099
:108010000403002010B518210348FFF73BFC0120A2
:1080200018F056FA10BD00002C6600202DE9F04132
:1080300006460C4617461D4629463046084A126831
:1080400090472060206830B1296888190021044ACF
:108050001268904700E000203860BDE8F081000021
:108060002C0300202DE9F04F87B004460F469246BE
:108070009846DDE910560DB1002028801CB900207B
:1080800007B0BDE8F08F207808B90020F8E70FB9F5
:108090000020F5E74FF0000906F0020010B906F0E5
:1080A000040098B1002000E0401C215C0A2905D0A2
:1080B000215C0D2902D0215C0029F5D1215C01B1A0
:1080C000401C15B14FF0FF312980D9E706F00200BE
:1080D00008B141F6FF7800200690059038E00020B6
:1080E0000490059808B9012000E0002006A904AA20
:1080F000CDE90062CDE90210059960184346524669
:10810000394618F03DFC83460498A8EB00000FFAAE
:1081100080F8049848440FFA80F9BBF1000F00D1B1
:108120001CE005985844059020780A2802D0207851
:108130000D2800D112E00598205C0A2803D005988C
:10814000205C0D2803D10598401C059006E000BF77
:108150000598205C10B1B8F1000FC0DC00BF059895
:1081600070B905A92046094A12689047834635B17F
:108170000022594638460FF073FE0FFA80F900BF0F
:108180000DB1A5F8009005987AE700002C030020B7
:10819000024600200FA31B788B4211D113781BB924
:1081A0000123137001200BE01378012B02D100236F
:1081B000137005E01378022B02D100231370012005
:1081C0001378012B04D1202901D10223137001203F
:1081D00070470000230000002DE9F04781460E465D
:1081E00014461F46DDF820A035461BE0600800FB62
:1081F000075529464846D047B0F1000809DD04F08C
:10820000010080F00100C0EB5404E8190546064661
:1082100008E0B8F1000F02DA6408354602E02846AB
:10822000BDE8F087002CE1D10020F9E72DE9FF4FF0
:1082300095B09A46884606460025EEE1252877D176
:1082400000242746F94A0121039400E0044316F86C
:10825000013F203B01FA03F01042F7D130782A2881
:1082600011D06FF02F033078A0F13002092A16D810
:10827000039A44F0020402EB820203EB4202104430
:10828000761C0390EFE758F8042B0392002A03DAD8
:10829000504244F40054039044F00204761C3078B9
:1082A0002E2816D116F8010F44F004042A280DD008
:1082B0006FF02F023078A0F13003092B09D807EBBB
:1082C000870302EB4303C718761CF3E758F8047BD7
:1082D000761C30786C280FD006DC4C2817D0682824
:1082E0000DD06A2814D104E0742810D07A280FD158
:1082F0000DE044F400140AE044F4801401E044F476
:1083000040147278824202D104F58014761C761CE7
:10831000307866280BD013DC582877D009DC002889
:1083200075D04528F6D04628F4D047281AD193E1D5
:1083300018E0632835D0642879D0652812D18BE104
:10834000702873D008DC6728F1D069286FD06E28B8
:108350000DD06F2806D1ACE073282CD0752874D0CE
:10836000782853D05246179990476D1C54E1C4F3B6
:108370000250022809D003280DD0D8F80010042894
:108380000DD00D6008F1040846E1D8F80010EA1796
:10839000C1E90052F6E7D8F800100D80F2E70D7041
:1083A000F0E718F8041B8DF8001000208DF801008C
:1083B000EB46012003E058F804BB4FF0FF306107A3
:1083C0004FF0000102D40DE009F101018946B942E4
:1083D0000FDA8145F8DB1BF809100029F4D108E019
:1083E00009F1010189468142FADB1BF809100029D5
:1083F000F6D103985346A0EB090721463846179A51
:1084000000F080FA284400EB090507E044E008E1A9
:108410000DE01BF8010B524617999047B9F101097D
:10842000F7D2534621463846179AF2E039E00A213E
:10843000C4F302524FF0000B0091022A06D058F804
:10844000040BC117032A09D00AE023E008F1070052
:1084500020F00702F2E80201904605E000B2C117E1
:10846000042A01D140B2C117002906DA0A460021C8
:10847000404261EB02012D2202E0220504D52B22AD
:108480008DF80420012203E0E20701D02022F7E763
:10849000914657E00A2100E010214FF0000B0091B7
:1084A0000BE010214FF0000B44F00404082700916A
:1084B00003E008204FF0000B0090C4F30252022AA0
:1084C00005D058F8040B0021032A08D008E008F171
:1084D000070020F00702F2E80201904603E080B2B4
:1084E000042A00D1C0B24FF0000922072AD5327801
:1084F000702A07D0DDF800C08CF0100C5CEA0B0C81
:1085000005D00EE040228DF80420012208E050EA58
:10851000010306D030238DF804308DF805200222A7
:108520009146009B83F0080353EA0B030AD150EAFB
:10853000010201D1620705D530228DF804204FF0E9
:1085400001097F1E3278582A04D039A20C920CAA55
:1085500002920BE03BA2F9E75B46009AFCF730FE83
:108560000C9B9B5C029A521E0292137050EA01020D
:10857000F2D1029804A9081A00F1200B600702D575
:1085800024F4803400E001275F4502DDA7EB0B00F7
:1085900000E0002000EB0B01009003984944401AD2
:1085A0000390E00306D453462146179A039800F03F
:1085B000A9F90544002706E001A85246C05D1799B5
:1085C00090476D1C7F1C4F45F6DBE0030CD55346EE
:1085D0002146179A039800F095F9054404E03020ED
:1085E0005246179990476D1C0099481E009000292B
:1085F000F5DC08E00298029952460078491C029185
:10860000179990476D1CBBF10001ABF1010BF1DC38
:108610005BE100F065F90544761C307800287FF4B2
:108620000DAE19B02846BDE8F08F00000928010002
:1086300030313233343536373839616263646566D8
:10864000000000003031323334353637383941429A
:108650004344454600000000600700D4062708F1A7
:10866000070020F00700F0E80223804603F0004CEA
:108670005FEA0C0001D097A009E0200501D596A083
:1086800005E0E00701D095A001E0AFF24C001390A7
:10869000307823F0004365280CD006DC452809D04B
:1086A00046281DD047287FD13BE0662818D0672890
:1086B0007AD136E00021112F01DB112000E0781C77
:1086C000CDE9000104A90CA8FEF718FADDE90D01B7
:1086D0000C9A4FF0000B07F10109109200914EE047
:1086E0004FF000400097CDE9011004A90CA8FEF757
:1086F00005FADDE90D020C9B0F994FF0000B914636
:108700001093009211B9791C00EB0109B7EB090035
:1087100003D4C0F1FF3B07F10109A9EB0700019069
:1087200042E0012F00DA01270021112F01DD112085
:1087300000E03846CDE9000104A90CA8FEF7DEF9F7
:10874000DDE90D010C9A00914FF0000BB946109233
:1087500021070FD4009A4A4503DA914601E0A9F1B6
:108760000109B9F1010F05DD109AA9F10101515C70
:108770003029F4D0B84202DA10F1040F03DA0121F3
:10878000CDE9011010E0002803DC8344A9EB0001CF
:1087900002E0411C494500DD8946A0EB0B00401C6E
:1087A00001904FF000400290200705D40198484501
:1087B00002DB4FF0FF30019000208DF84B00029853
:1087C0000DF14B07B0F1004F25D002200C902B206B
:1087D0000D90029800280CDA404202902D200D9056
:1087E00007E00A210298FCF7D2FF3031029007F827
:1087F000011D0C99481E0C900029F2DC02980028FB
:10880000EFD1791E0D980870307800F0200040F00C
:10881000450007F8020D11A8C01BC01D0290139857
:10882000007800B1012000EB0901019801EBE07133
:10883000029801440398401A401E0390E00306D4B6
:1088400053462146179A039800F05CF805441398A4
:10885000007818B15246179990476D1CE00323D554
:1088600053462146179A039800F04CF805441BE044
:10887000BBF1000F07DB0098584504DD10981799ED
:1088800010F80B0001E017993020524690470198EC
:108890000BF1010B401E05F10105019004D12E20C2
:1088A0005246179990476D1CB9F10001A9F10109D1
:1088B000DEDC05E017F8010B5246179990476D1C56
:1088C0000299481E02900029F4DC53462146179A6B
:1088D00003989EE62D0000002B0000002000000001
:1088E0002DE9F041044600251E461746880404D4AD
:1088F00005E039462020B0476D1C641EF9D5284696
:10890000BDE8F0812DE9F041044600251E46904661
:10891000C80301D5302700E02027880404D505E0EE
:1089200041463846B0476D1C641EF9D52846BDE85F
:10893000F0814A68002A06D00A68531C0B60107048
:108940004868401E486070470A68531C0B601070EE
:108950007047000030B90A4A126822F00202084B40
:108960001A6006E0064A126822F00202921C044BCA
:108970001A60034A126861F30002014B1A607047E3
:108980000458014001490860704700000C5801403C
:108990000149086070470000105801400149086013
:1089A00070470000145801400B78426863F30822B6
:1089B00042604B78826863F3410282608B78826800
:1089C00063F3CB228260CA78521EC36A62F31753E4
:1089D000C362704700210170417081700121C17034
:1089E0007047816821F008010831816070470146B5
:1089F0008868C0F3C00008B1012070470020FCE780
:108A0000816821F00401091D816070470146886872
:108A1000C0F3800008B1012070470020FCE700008F
:108A20002DE9F0412DED108B0020D849088001215F
:108A3000D74800F08EFAD74C05E01CB90020D34986
:108A4000088004E0641ED14800880028F5D100BFEA
:108A5000D1484088D14909680844D0490860CE48C7
:108A6000C088CF4909680844CD490860CA48408990
:108A7000CC4909680844CB490860CB480078401CC1
:108A8000C9490870C9480088401CC8490880084680
:108A90000088C8282FDBC34890ED000AB8EE400AD2
:108AA00010EE100AFCF760FE41EC1B0B9FEDC00BB3
:108AB00053EC102BFCF793FD41EC1A0B53EC1A2BE3
:108AC0009FEDBD0B51EC100BFCF789FD41EC190B30
:108AD0009FEDBB0B53EC102BFCF70FFD41EC180B7B
:108AE000FCF70AFE85B2B84805800020AF4908802F
:108AF000AC49086000BFAC48007832287EDBA6484D
:108B0000008800EE100AB8EE400A9FEDB01AC0EEE1
:108B1000010AAD48008800EE100AB8EE400A20EEC7
:108B2000800AAB48D0ED000A20EE200ABDEEC00A54
:108B300010EE100AA74908809748008900EE100A35
:108B4000B8EE400ADFEDA40A30EEC00ADFEDA30A5A
:108B500060EE200A9048008900EE100AB8EE400A44
:108B600080EE801ABCEEC10A10EE100A9C49088003
:108B70000846008800EE100AB8EE400ADFED970ABA
:108B800080EE201A11EE107A3846FCF7EDFD41EC2C
:108B90001E0BB0EE4E0AF0EE6E0AFDF705FDB0EECC
:108BA00040DAF0EE60DA9FED8F0B53EC102B51ECB6
:108BB0001D0BFCF714FD41EC1C0B9FED8C0B53ECD3
:108BC000102BFCF7F3FB41EC1B0B53EC1B2B9FED25
:108BD000890B51EC100BFCF702FD41EC1A0B9FEDD9
:108BE000870B53EC102BFCF782FC41EC190BFCF7C4
:108BF000A2FD7B4908806848808900E0C1E000EE62
:108C0000100AB8EE400ADFED7F0A20EE200ADFED01
:108C10006F0A80EE201AB0EE418A9FED7B0A70EE5B
:108C2000480A9FED7A1A80EE810AF3EE090A30EEC7
:108C3000200A774880ED000A76480068FCF794FD2A
:108C400041EC1A0B60480088FCF749FD41EC1C0B15
:108C5000534890ED000AB8EE400A10EE100AFCF7F7
:108C600083FD41EC1F0B9FED6C0B53EC102BFCF7BD
:108C7000B6FC41EC1E0B9FED6A0B53EC102BFCF77E
:108C8000AEFC41EC1D0B53EC1C2BFCF736FC41EC0D
:108C90001B0B53EC1A2BFCF730FC41EC190BFCF7C7
:108CA0002BFD86B26048068060480078012810D10C
:108CB0005D4800885E490988884207DB5A48008879
:108CC0005B490988401A5849088002E0002056494B
:108CD000088058480068FCF747FD41EC1A0B3A48F9
:108CE0000088FCF7FCFC41EC1C0B2C4890ED000AC2
:108CF000B8EE400A10EE100AFCF736FD41EC1F0BEF
:108D00009FED450B53EC102BFCF769FC41EC1E0B5F
:108D10009FED430B53EC102BFCF761FC41EC1D0B5A
:108D200053EC1C2BFCF7E9FB41EC1B0B53EC1A2B0F
:108D3000FCF7E3FB41EC190BFCF7DEFC85B23E4887
:108D40000580008800EE100AB8EE400A9FED3B1A3D
:108D5000C0EE010A3448008800EE100AB8EE400A5E
:108D600020EE800ABDEEC00A354880ED000A0020E2
:108D70000A4908600A4908600B4908701FF050F85A
:108D800000BFBDEC108BBDE8F081000000000020AA
:108D900000240140A08601009C0300205001002017
:108DA00054010020580100205C0100205E010020D9
:108DB0000000000000006940000000000000B0401A
:108DC000000000000088A340A800002000F07F45BC
:108DD000DC0000209A0000200000804500401C4676
:108DE000A6000020000000000068AA40000000E08B
:108DF000E1796B3F000000000000F03F00000060E0
:108E000066127140333353400AD7A33F78978BBB28
:108E1000B4000020E80000200000000000004940ED
:108E20000000000000FEAF409C000020D4000020A5
:108E30009E000020E00000209600002000007A4400
:108E4000B00000200349096860F31341014A116032
:108E50007047000004240140826861F308228260A8
:108E60007047826861F300028260704770B5044603
:108E70000A290CDA206901EB41060725B540A84311
:108E800001EB410503FA05F5284320610FE0E06896
:108E9000A1F10A0505EB45060725B540A843A1F158
:108EA0000A0505EB450503FA05F52843E0600D2AA0
:108EB00010DBE06AA2F10D0505EB85061F25B54024
:108EC000A843A2F10D0505EB850501FA05F5284338
:108ED000E0621EE0072A0EDB206BD51F05EB85063E
:108EE0001F25B540A843D51F05EB850501FA05F5FB
:108EF000284320630DE0606B551E05EB85061F259A
:108F0000B540A843551E05EB850501FA05F5284334
:108F1000606370BD07290ADD836823F0007303F1E5
:108F200000738360836861F35343836007E0836861
:108F300023F000738360836861F353438360836825
:108F400062F3145383607047426861F3CB2242603E
:108F50007047826861F396528260704703490968DE
:108F600060F3D751014A11607047000008240140A6
:108F70002DE9F04104460E46002774B131462046E3
:108F800000F02DF80546B5F5803F05D20C2D01D92E
:108F9000284600E00C20074600BF3846BDE8F081B7
:108FA000024600BF481E084018B100BF00BF00BF06
:108FB000FEE700BF481E1040101A704710B5024669
:108FC0004B1E13444C1E23EA040000BF4B1E0B40F3
:108FD0001BB100BF00BF00BFFEE700BF10BD0246CF
:108FE00000BF481E084018B100BF00BF00BFFEE729
:108FF00000BF481E10444B1E984370472DE9F84FA0
:1090000081460E46924699F8090000F007000228B2
:1090100001D1304600E050468346564501DD3046DA
:1090200000E050460746032000EB470020F0030015
:1090300000F110053948006839490968A0EB0108BA
:10904000002405EB080037490968884206D23348F6
:109050000468606820F0004060603AE031480068D1
:10906000854221D813E04FF0FF300090002269467E
:109070002D4809F0D5FE002269462C4809F0D0FEA3
:109080002648006826490968A0EB010800BF08EBE4
:109090000500244909688842E5D8204804686068CA
:1090A00020F00040606014E0284611F07FFA04468A
:1090B00000BF1CB900BF00BF00BFFEE700BF14B96E
:1090C0000020BDE8F88F606820F0004000F100400B
:1090D000606032465946484602F0E1F82060606818
:1090E00000F04040401C6060606820F0804060609C
:1090F000A781A4F80EB06068C00F20B1204600F12F
:109100001001A16008E0054800681030A060034825
:1091100000682844014908602046D2E75002002038
:10912000EC0200204C0200207B040108A12E010863
:1091300010B50120074908700748FEF792FB20B9D7
:109140000648006817F0A0FA03E00448006817F02A
:10915000A7FA10BDC80200205C660020CC020020E7
:1091600010B5044694F84200C0F3400070B9B4F85A
:10917000400000280ADDB4F840004FF6FF71884235
:1091800004D0B4F84000401EA4F84000B4F84000F9
:10919000D0B9A06B20B194F84200C0F3400098B160
:1091A00021461A48FEF704FCFFF7C2FFE06810B141
:1091B0002046E1688847206910B120462169884728
:1091C000204611F0D1FA1FE0E06B40422063A06B13
:1091D000D0B194F84210C1F3400111B9616B49421A
:1091E000216394F842104908C94394F8422061F37E
:1091F000410284F84220206AA16A2162A062E06AEA
:10920000A16BE162A06300BF10BD00005C6600209E
:109210002DE9F04180464248006817F0F1F8064613
:109220004048007880F001003E4908703E48FEF753
:1092300018FB04466BE000203C49087094F842009B
:10924000C0F3800037490978884253D03548017807
:109250003034A07C61F38200A07420688719A07C60
:10926000303CC0F3C00010BB206B00281FDC002F77
:109270001DDB94F8420000F0010060B9606950B154
:109280002046616988470546206A28442062A06A12
:109290002844A06200BFA06810B12046A16888479A
:1092A00094F8420020F00800083084F84200206B57
:1092B00030442063206B00281BDBD4E90B1088426C
:1092C00001DDE06A20632046E16988470546606A5F
:1092D000A84206D06562606818B12946D4E9000248
:1092E0009047D4E90B10884202DB2046FFF738FF95
:1092F00000BF00BF0D48007820B10B48FEF7B1FA5F
:10930000044604E021460848FEF7B1FA0446002C62
:1093100091D117F083F802490860BDE8F0810000A0
:10932000C4020020C90200205C660020C8020020A0
:1093300070B504460D46606818B129466068FFF7AD
:10934000F7FF206818B1294620462268904770BD73
:109350002DE9FF4F8FB01F46DDF888801C980E90D6
:109360001D980D9000200B902398042806D0052806
:1093700009D006280CD014281AD114E000200C9033
:109380004FF0020917E001200C904FF0030912E0A2
:1093900001200C904FF00209FEF706FE05462868F2
:1093A000008F0B9007E001200C904FF0020902E0C3
:1093B00013B0BDE8F08F00BF002489E11E98604320
:1093C0000E9901EB20201C901F9860430D9901EB32
:1093D00020201D901C9805121D980612002D07DBF9
:1093E0001098854204DA002E02DB1198864203DBD6
:1093F000002008F8040069E11C98C0B20A901D988A
:1094000000F0FF0A0A98802807DA4FF0FF3B0A981D
:10941000C0F17F0040000A9005E04FF0010B0A9870
:10942000803840000A90BAF1800F07DA4FF0FF3021
:109430000990CAF17F004FEA400A05E00120099037
:10944000AAF180004FEA400A0F98089006FB07F047
:1094500000FB09F005FB090108980844089005EB9A
:109460000B0000287EDB05EB0B011098401E8142AB
:1094700078DC099830440028F4DB099831181198F9
:10948000401E8142F4DC0898079008980BFB090005
:109490000690099800FB07F1089801FB0900059068
:1094A0000C9800287FD0239B052B06D1079B98782A
:1094B000059B9978069B9A783BE0239B142B18D147
:1094C000DDF844C007FB0CFCDDF83CE00EEB4C0380
:1094D00006FB073C1CF8050006FB073CAC441CF8E7
:1094E0000B20DDF824C0B4440CFB073C1CF805102D
:1094F0001FE0239B062B19D1079B1B88BDF82CC0AE
:1095000063450BD0059B1B88BDF82CC0634505D077
:10951000069B1B88BDF82CC0634503D1002308F8C7
:109520000430D3E0FF20FF21FF2202E0FF20FF21D3
:10953000FF22814207D001FB0AF3CAF5807C00FBC1
:109540000C33C3F30721824209D00A9B5343DDF851
:1095500028C0CCF5807C00FB0C33C3F307228B18AA
:109560005B1000E059E008F8043018F8043003B943
:10957000ACE0079B93F800C05B780CEB03239BB235
:109580000493059B93F800C05B780CEB03239BB21C
:109590000393069B93F800C05B780CEB03239BB20C
:1095A00002930CE0FFE70798008804900698008873
:1095B0000290059800880390FF2008F80400BDF889
:1095C0001000BDF80C1088420CD1BDF81000BDF899
:1095D0000810884206D1219800EB4400BDF8101015
:1095E000018019E00AF0FF02DDE903010AF03EFE06
:1095F00003900A98C2B2049902980AF037FE0290CA
:109600007F22DDE902010AF031FE0190219800EB92
:109610004400BDF80410018057E008990A784978A1
:1096200002EB01218AB2219921F8142023990529FE
:1096300004D0062905D0142919D10EE0089988789C
:1096400017E0219931F81410BDF82C20914201D176
:10965000002100E0FF2108460BE0119A07FB02F110
:109660000F9A02EB410106FB0711485D01E0FF2064
:1096700000BF00BF15B9BBF1000F06DB1099491EF2
:10968000A9420BD1BBF1000F08DD0A99C1F1FF011E
:109690004143C1F3072108F8041015E016B90999F0
:1096A000002906DB1199491EB1420AD10999002906
:1096B00007DDCAF1FF014143C1F3072108F8041097
:1096C00002E0002108F8041000BF00BF601C04B2D3
:1096D00020988442FFF672AE00BF69E62DE9F84F8C
:1096E00004468C4690469946109FDDE90A56AA46E4
:1096F0000096002032E00C9941430AEB21250D9998
:109700004143DDF800B00BEB21262A123312002A68
:1097100005DB624503DA002B01DB434502DB002158
:10972000395419E0214603FB09FB0BEB4B0B02EB11
:10973000420EF344594491F800B091F801E00BEB6C
:109740000E2B1FFA8BFEDDF83CB02BF810E091F8E1
:1097500002B007F800B000BF411C08B20E99884261
:10976000C9DBBDE8F88F000010B50C480088A0B137
:109770000B4800680B490860094801680AA002F01C
:10978000C7F8012007498871012200210A481DF00D
:10979000CFF9012108481DF030FA10BD0A01002060
:1097A00010010020640000206F70656E2069732036
:1097B00025640D0A00000000001C004010B54FF4A5
:1097C00000710248FBF754FD012010BD3C0E002043
:1097D00000200149087070478301002010B5012165
:1097E000224808F0D5FA0A201EF0EAFB00231A46A8
:1097F0004FF416511E481DF005FF1EA01DF0F8FD88
:109800000A201EF0DDFB00231A464FF4E131184810
:109810001DF0F8FE05201EF0D3FB19A01DF0E8FD99
:1098200005201EF0CDFB16A01DF0E2FD05201EF068
:10983000C7FB15A01DF0DCFD0A201EF0C1FB17A020
:109840001DF0D6FD0A201EF0BBFB17A01DF0D0FDB9
:1098500018A0FCF731FE0A201EF0B2FB01210348DC
:1098600008F098FAFFF7AAFF10BD000000140140AD
:109870000038014041542B42415544380D0A000044
:1098800041540D0A0000000041542B4E414D454605
:1098900043506F7765720D0A0000000041542B5051
:1098A0004F5752380D0A000041542B52455345542E
:1098B0000D0A000041542B534C454550320D0A000F
:1098C000F0B52DED028B83B006460F4606B11FB9E9
:1098D00003B0BDEC028BF0BD4FF400715D48FBF7A7
:1098E000C7FC0024002591E005EB850056F8200018
:1098F00028B105EB850006EB8000806800B983E0A5
:1099000005EB850256F82230C4F50071514A101952
:1099100051A2FCF7E1FD044405EB850006EB800055
:10992000007930B1012813D0022820D003284AD171
:109930003BE005EB850206EB820292681378C4F5E2
:109940000071444A101945A2FCF7C6FD04443BE0EF
:1099500005EB850206EB82029268C4F5007113687C
:109960003C4A10193EA2FCF7B7FD04442CE005EB7D
:10997000850006EB8000806890ED000A10EE101A5A
:109980000846FBF7F1FE41EC180B8DED008B05EB63
:10999000850206EB8202C4F50071D3682D4A1019C6
:1099A00030A2FCF799FD04440EE005EB850206EBBE
:1099B0008202C4F500719368264A10192BA2FCF7A5
:1099C0008BFD044400E000BF00BF05EB850006EB03
:1099D0008000006960B105EB850206EB8202C4F5E8
:1099E000007113691B4A101920A2FCF775FD04448D
:1099F000781EA84207DDC4F50071164A10191CA292
:109A0000FCF76AFD044400BF681C85B2BD42FFF646
:109A10006BAFC4F500710F4A101916A2FCF75CFD7C
:109A2000044400BF144800780028FBD1A3B2094ABF
:109A3000124913481EF0FCFB0121114802F048F9BD
:109A400001210E48001F1DF08EFD01200A490870FB
:109A500000BF3DE73C0E002025733D00256300005C
:109A600025640000252E2A660000000025730000F2
:109A70002C0000000D0A0000830100200438014082
:109A80004400024070B504460D4600BF204600F079
:109A90003BF818B100BF00BF00BFFEE700BF28467B
:109AA00000F050F9001D616808446060204600F035
:109AB0003AF8204670BD70B505460C46284600F0C1
:109AC00041F904F11001884201D3012070BD00204A
:109AD000FCE70146A1F1080070477CB505460C463D
:109AE000204600F02FF906466A4601A918F000FE4C
:109AF00021462846DDE9003208F048FF7CBD0146DA
:109B0000087900F00100704710B50446204600F0C7
:109B100019F908B9012010BD0020FCE701460879B9
:109B200000F00200704770B50446204600F097F838
:109B300005462C60284670BD7CB506460C460020C4
:109B40000190009000256CB16A4601A9204618F0EA
:109B5000ECFD01980A2805DA6A4601A930461AF098
:109B600023FC054685B100BF284600F0EBF8A04273
:109B700003D200BF00BF00BFFEE700BF294630464A
:109B8000DDE9003219F03EFF28467CBD70B5044681
:109B90002046FFF7C8FF0546284600F0BEF82046DD
:109BA00000F0B6F870BD70B50446204600F057F8D6
:109BB0000546284600F0B6F8204600F0BEF870BD15
:109BC00070B506460D46284600F049F8044600BF29
:109BD0001CB900BF00BF00BFFEE700BF2046FFF773
:109BE0008EFF90B100BF2846FFF78EFF18B100BF6F
:109BF00000BF00BFFEE700BF2146304600F076F808
:109C000021462846FFF73EFF0546284670BD70B541
:109C100006460D462846FFF781FFF0B1284600F0C2
:109C200057F8044600BF1CB900BF00BF00BFFEE7E5
:109C300000BF00BF2046FFF762FF18B900BF00BF9A
:109C400000BFFEE700BF2146304600F04FF829462E
:109C50002046FFF717FF054600BF284670BD2DE9D7
:109C6000F0410446204600F06DF8061F204600F043
:109C7000B8F80746314618F002FF054600BF2046F7
:109C8000FFF742FF18B100BF00BF00BFFEE700BFF3
:109C90002846BDE8F0812DE9F04106460C46154600
:109CA000002794B100BF1DB900BF00BF00BFFEE791
:109CB00000BF2A462146304600F097F82046FFF7BD
:109CC00072FF204600F08DF807463846BDE8F08167
:109CD00010B5044600BF2046FFF720FF18B900BFAB
:109CE00000BF00BFFEE700BF206810BD7CB5054681
:109CF0000C46204600F026F806466A4601A918F0F0
:109D0000F7FC21462846DDE9003219F07BFE7CBDD8
:109D1000416841F0010141607047416841F0020132
:109D200041607047416821F002014160704742681C
:109D300002F003030B4343607047416821F00101C7
:109D4000416070470146486820F0030070472DE9E4
:109D5000F04706460C46304600F043F88046211F87
:109D600018F08DFE07463046FFF7ECFF211D451A1F
:109D700000BF384600F035F88146384600F031F82B
:109D800080460421FFF71AF9814503D000BF00BFC8
:109D900000BFFEE700BF00BF3046FFF7D3FF291921
:109DA000091D884203D000BF00BF00BFFEE700BF0F
:109DB00029463846FFF7BBFF00BF3846FFF7C2FF12
:109DC0000C2803D200BF00BF00BFFEE700BF214642
:109DD0003046FFF7ACFF3846FFF7D8FE3846BDE8FF
:109DE000F087014601F1080070472DE9F041064671
:109DF0000C46154600BF2046FFF781FE18B900BF8C
:109E000000BF00BFFEE700BF29462046FFF753FE14
:109E100078B129462046FFF79AFF07462046FFF70C
:109E200082FE3846FFF779FF39463046FFF755FE88
:109E300000BFBDE8F0812DE9F04106460C4615460D
:109E400000BF2046FFF75BFE18B100BF00BF00BF98
:109E5000FEE700BF29462046FFF72DFE88B12946C0
:109E60002046FFF774FF07463846FFF75BFF394689
:109E70003046FFF7A5FE074639463046FFF72DFE70
:109E800000BFBDE8F0810000024A0244C2F8001C95
:109E900070470000006000402DE9F04F89B0044693
:109EA0000D460021204611F0B6FE30B91C2128468F
:109EB00010F030FE09B0BDE8F08F2946204600F0D2
:109EC0000BFB2946204600F07DF80021204612F0C9
:109ED00067FF08900021204612F0AAFF079000219A
:109EE000204612F017FE012800D100E00020814634
:109EF0000021204613F0C7F807460021204612F043
:109F00009DFE064642F2D170874205D1608CC0F3B7
:109F1000C02008B9012000E000208246204611F050
:109F2000F7FE069000BF4FF0000824480288414623
:109F3000204612F0A1FF03900398C0B200BF8346F1
:109F4000AA6829692868CDE90209CDE900125A46B4
:109F50005146089B069808F02BF8288342F2D170EE
:109F6000864205D1608CC0F3802008B9012000E052
:109F700000200590204611F0ACFE049000BF4FF089
:109F800000080F4802884146204612F075FF0390F2
:109F90000398C0B200BF83460023EA686968686915
:109FA000CDE90213CDE900025A46079BDDE9040121
:109FB00007F0FEFF688300BF7CE70000700200200E
:109FC000740200202DE9F34F87B00C46079807F084
:109FD0002FFA8046079811F09BFE0690404601F04C
:109FE0007AFA20612169480010F02AFB206021697B
:109FF000480010F025FBA060002548E0584802907A
:10A0000038F9150041F69A7188423FD1002001903D
:10A0100029E00199079811F0FEFD00905149009840
:10A0200013F072F900B11BE0009807F01FFA8246A6
:10A03000BAF1010F00D013E0009807F007FA834649
:10A04000AB4500D00CE0009813F04AF90299884221
:10A0500001DA029802E0009813F042F9029000BF82
:10A060000198401C0190079811F0F3FD0199884276
:10A07000CFD80298002804DB0298A16821F81500C7
:10A0800003E00021A06820F8151000BF6D1C2069B6
:10A09000A842B3D80026B14600251BE038F91500C8
:10A0A00041F69B71884202DB411A0E4411E041F6F1
:10A0B0009A71884206D1A16831F8151049440FFA07
:10A0C00081F906E0A16821F8150009EB00010FFAFB
:10A0D00081F96D1C2069A842E0D80021079812F090
:10A0E0005FFE05902169491EDDE9050200FB112094
:10A0F00000B206900698A0EB090007B2002F00DA24
:10A1000000274FF0FF30049000200390002513E05B
:10A1100038F9150041F69B7188420CDB421A11B2E6
:10A1200007FB01F2B2FBF6F212B2A36823F8152086
:10A130000495039100BF6D1C2069A842E8D80498DB
:10A1400000280ADB0398301A7843B0FBF6F0381A7F
:10A1500001B2A268049822F8101009B0BDE8F08F8F
:10A1600001E0FFFF010006002DE9FC5F054600222B
:10A170001146284614F0FAFB0021284612F00EFD85
:10A1800081460021284612F05FFE484407B20021B4
:10A19000284612F0E1FD48440FFA80FA284612F0F2
:10A1A0004DFC384450440FFA80FB3B4E284611F0DA
:10A1B00050FD01904FF000085CE0A868006850F87E
:10A1C00028403649204613F09FF800B150E0204661
:10A1D00013F046FB002839D10021204612F05FFC25
:10A1E0000090009830B1012807D0022804D003283D
:10A1F00015D100E000BF00BF00BFB4F91A10B5F9D7
:10A200001600081A401CB04201DA304605E0B4F9E5
:10A210001A10B5F91600081A401C06B214E0002105
:10A22000204612F054FF70B904F1140009F029FC23
:10A230003844B04201DA304604E004F1140009F079
:10A2400020FC384406B200BF00BF10E0B4F91A1079
:10A25000B5F91600081A401CB04201DA304605E094
:10A26000B4F91A10B5F91600081A401C06B200BF5E
:10A2700008F10108019880459FD30748864209D01C
:10A2800006EB0A0006B25E4502DD3046BDE8FC9FE3
:10A290005846FBE75846F9E701E0FFFF01000400DC
:10A2A0002DE9FC5F054600221146284614F042FBCA
:10A2B0000021284612F072FC82460021284612F046
:10A2C00093FD50440FFA80F80021284612F074FDE7
:10A2D00050440FFA80F9284612F0C0FB484440442D
:10A2E00000B20190724C284611F0B3FC8346002165
:10A2F000284612F0EBFB012866D100265BE0A86837
:10A30000006850F826706B49384612F0FDFF00B126
:10A3100050E0384613F0A4FA002839D1002138461D
:10A3200012F0BDFB0090009830B1032805D006283C
:10A3300004D0082815D102E000BF00BF00BFB5F966
:10A340001800B7F91410401A401CA04201DA204648
:10A3500005E0B5F91800B7F91410401A401C04B212
:10A3600014E00021384612F0A6FE70B907F114007F
:10A3700009F0D7FB4044A04201DA204604E007F18F
:10A38000140009F0CEFB404404B200BF00BF10E04F
:10A39000B5F91800B7F91410401A401CA04201DAB0
:10A3A000204605E0B5F91800B7F91410401A401C12
:10A3B00004B200BF761C5E45A1D33D48844269D0FB
:10A3C00004EB090004B265E000265BE0A8680068C1
:10A3D00050F826703749384612F096FF00B150E029
:10A3E000384613F03DFA80BB0021384612F057FB87
:10A3F0000090009830B1012805D0042804D0072827
:10A4000015D102E000BF00BF00BFB7F91800B5F9D1
:10A410001410401A401CA04201DA204605E0B7F9AA
:10A420001800B5F91410401A401C04B215E00021C0
:10A43000384612F04CFE78B907F1140009F071FBB0
:10A440004844A04202DA204605E008E007F1140083
:10A4500009F067FB484404B200BF00BF10E0B7F941
:10A460001800B5F91410401A401CA04201DA204629
:10A4700005E0B7F91800B5F91410401A401C04B2F1
:10A4800000BF761C5E45A1D30948844202D004EB8C
:10A49000080004B20648844202D10198BDE8FC9F3E
:10A4A0000198844201DD2046F8E70198F6E70000B4
:10A4B00001E0FFFF0100040010B50446206810F021
:10A4C0003BF9606810F038F9A06810F035F9E068E1
:10A4D00010F032F910BD00002DE9F34F87B00C46A3
:10A4E000079807F0C5FB8046404600F0F4FF606126
:10A4F0006169480010F0A4F860606169480010F0DC
:10A500009FF8E060002547E05948029038F91500AF
:10A5100041F69A7188423ED14FF0000A29E0514637
:10A52000079811F078FB01905249019812F0ECFE67
:10A5300000B11CE0019807F0B9FB8346BBF1010FA5
:10A5400000D014E0019807F0A1FB00900098A84209
:10A5500000D00CE0019811F051FC0299884201DA18
:10A56000029802E0019811F049FC029000BF0AF144
:10A57000010A079811F06DFB5045D0D802980028C9
:10A5800004DB0298E16821F8150003E00020E1688F
:10A5900021F8150000BF6D1C6069A842B4D80026E0
:10A5A000B14600251BE038F9150041F69B71884241
:10A5B00002DB411A0E4411E041F69A71884206D13D
:10A5C000E16831F8151049440FFA81F906E0E168B5
:10A5D00021F8150009EB00010FFA81F96D1C606983
:10A5E000A842E0D80021079812F022FC06900798B4
:10A5F00011F06FFB01466269521E069800FB1210B3
:10A6000000B205900598A0EB090007B2002F00DA10
:10A6100000274FF0FF30049000200390002513E046
:10A6200038F9150041F69B7188420CDB421A11B2D1
:10A6300007FB01F2B2FBF6F212B2E36823F8152031
:10A640000495039100BF6D1C6069A842E8D8049886
:10A6500000280ADB0398301A7843B0FBF6F0381A6A
:10A6600001B2E268049822F8101009B0BDE8F08F3A
:10A6700001E0FFFF0100060038B5044600256E2208
:10A680002946204612F0F8FB0090009800B208B16D
:10A69000022038BD00256D222946204612F0ECFB31
:10A6A0000090009800B2B0F5807F01D00220F0E762
:10A6B000002561222946204612F0DEFB009000981A
:10A6C000C0B2FF2801D00120E3E700256822294617
:10A6D000204612F0D1FB00900098C0B208B10120D2
:10A6E000D7E70020D5E77CB504460D4616462888F6
:10A6F0002189084400B2ADF80000688861890844E7
:10A7000000B2ADF80200A8882189084400B2ADF873
:10A710000400E8886189084400B2ADF806003246BA
:10A7200069462046636998477CBD00002DE9FF4FCC
:10A730008FB00F46209DF87800F0010008B1F9486D
:10A7400000E0F9480E90F87800F0010008B1F748F1
:10A7500000E0F7480D90F87800F0010008B9F348E0
:10A7600000E0F3480C9001200B90BEE000210B911B
:10A7700000206988B5F804C0A1EB0C010AB20026DC
:10A780001AE006EB860CE96801EB8C01097C01F00C
:10A79000010141B906EB860CE96801EB8C0189895E
:10A7A000014408B207E006EB860CE96801EB8C0176
:10A7B0000989511A0AB2761C2969B142E1D80026EA
:10A7C0008EE006EB860CE96801EB8C01097C01F058
:10A7D000010100297DD100BF18B900BF00BF00BF33
:10A7E000FEE700BF92FBF0F80FFA88F306EB86094C
:10A7F000D5F80C8008EB8908B8F80C8008FB03F842
:10A800000FFA88F106EB8609D5F80C8008EB890869
:10A81000B8F9049006EB860AD5F80C8008EB8A0894
:10A82000B8F90680884501DD884607E006EB860A10
:10A83000D5F80C8008EB8A08B8F90680C14508DD18
:10A8400006EB8609D5F80C8008EB8908B8F9048076
:10A8500013E006EB8609D5F80C8008EB8908B8F9F7
:10A860000680884501DD884607E006EB8609D5F8B5
:10A870000C8008EB8908B8F90680C4468C450BD0DB
:10A880004FF0010806EB860AD5F80C9009EB8A090F
:10A89000C9F81080CDF82C8006EB8609D5F80C801D
:10A8A00008EB8908A8F808C006EB8609D5F80C80E3
:10A8B00008EB8908B8F80C80A0EB08080FFA88F0BC
:10A8C00006EB8609D5F80C8008EB8908B8F80880F3
:10A8D00000E004E0A2EB08080FFA88F200BF761C43
:10A8E0002969B1423FF66DAF00BF0B9800287FF495
:10A8F0003DAF00210F9812F001F9012800D100E0CE
:10A9000000200A9000200990089008A809A9CDE924
:10A91000001029890BB2B5F9022038781E9918F079
:10A92000ADF9F87800F0010048B10A9838B10F98F5
:10A9300011F0EEF9BDF82410084400B20990119905
:10A940000F9811F068F904468FE17A49204612F019
:10A95000DBFC40B1F878C0F3800111AA0F9807F032
:10A960004DF8044681E10021204612F03FF907909E
:10A970000798002860D000200390002610E006EB26
:10A980008601E86850F82100A04208D106EB860055
:10A99000E96801EB8000B0F90800039003E0761C41
:10A9A0002869B042EBD800BFF87800F0010050B140
:10A9B000608C20F4006000F500606084608C20F4FE
:10A9C0008060608409E0608C20F4806000F5806025
:10A9D0006084608C20F40060608404F114000D99A0
:10A9E00088470399884226D0204612F0C1FE00BF56
:10A9F000A08AADF80400E08AADF80600208BADF81F
:10AA00000800608BADF80A0000BF04F114000E9A34
:10AA10000399904701AA292120460DF09DF8204670
:10AA200011F03CFA2246222100900DF095F82046C4
:10AA300012F09EFE00BF07E0608C20F4006060848E
:10AA4000608C20F480606084002006907878012873
:10AA500012D0022819D104F114000C998847B5F9D5
:10AA60000010491C21F00101081A039000EBD0707E
:10AA7000401000B2069009E004F114000C998847D8
:10AA80002988081A00B2069000E000BF00BFF878DD
:10AA900000F0010050B10A9840B104F114000D9982
:10AAA0008847BDF82410081A00B2099000200390CE
:10AAB0006B222046039912F0DFF9029002980FFAF8
:10AAC00080F800BF002003906C222046039912F00A
:10AAD000D3F9029002980FFA80F900BF204612F0D5
:10AAE000FFFB0590204611F089F9049008F4C0405E
:10AAF000B0F5005F01D1012000E0002030B128F462
:10AB0000C040B0F5FA6F01DC012000E00020E0B1A8
:10AB100028F4C040B0F57A7F0EDD28F4C040C0F5BF
:10AB20007A700BE0373C01082B3C0108AF3B010871
:10AB3000D73A01080100060028F4C04005994843AF
:10AB4000642190FBF1F00FFA80F809F4C040B0F5F1
:10AB5000005F01D1012000E0002030B129F4C040A5
:10AB6000B0F5FA6F01DC012000E0002090B129F47B
:10AB7000C040B0F57A7F04DD29F4C040C0F57A709A
:10AB800001E029F4C04004994843642190FBF1F0AE
:10AB90000FFA80F9A18A1C98401A40440FFA80FAF3
:10ABA000E18A1D98401A48440FFA80FBF87800F0BB
:10ABB000010010B1BDF9240000E0069850440FFADE
:10ABC00080FAF87800F0010008B1069801E0BDF9BC
:10ABD000240058440FFA80FBBAF1000F02D1BBF1F8
:10ABE000000F1BD0204612F0C3FDA08A504400B2D3
:10ABF000A082208B504401B22183E08A584401B2E4
:10AC0000E182608B584401B26183204612F0B0FDAE
:10AC100000235A465146204612F058FEF87800F0BC
:10AC2000010008B10A9870B904F114000D99884721
:10AC30001F990844BDF820100844BDF824100844AA
:10AC400000B2099008E0BDF820101F980844BDF834
:10AC50002410081A00B20990F878C0F3800111AAF4
:10AC60000F9806F0CBFE044600BF24B1DDE91110B9
:10AC700081427FF46AAE13B0BDE8F08F2DE9F04F4A
:10AC80008DB005468946B9F1000F02D10DB0BDE87F
:10AC9000F08FA5F81890286810B128680FF064FDAF
:10ACA00009EB4901062202EB41000FF07FFC28600E
:10ACB00000BF286818B900BF00BF00BFFEE700BF93
:10ACC000286868600221286801FB0900801CE86090
:10ACD0000421286801FB0900001DA860B9F1010FDB
:10ACE0000CD1B420696808700020E9680880012050
:10ACF000E96848800020A9680880C7E709F10101D8
:10AD0000C8000FF09DFC074609F1010007EB800821
:10AD10004FF0000A4FEA890002B20BA90CA800F01C
:10AD200067F90024BDF930008010079000200390DF
:10AD3000CCE0002616E00BA90CA800F061F90CA8E5
:10AD400000F04BF900B90FE0BDF93000801007A901
:10AD500041F82600BDF8300000F0030003A941F8D7
:10AD60002600761C042EE6DB00BF042E00D0B3E0E4
:10AD70000A990798884219D1079800B227F8140059
:10AD80000FFA8AF028F81400DDE903010844059958
:10AD9000084406990844696808556868005D00071A
:10ADA000000E69680855601C04B28DE0DDE90701FA
:10ADB00088422CD0079800B227F814000FFA8AF0C6
:10ADC00028F814000398696808556868005D000752
:10ADD000000E69680855601C04B20798401E00B256
:10ADE00027F814000FFA8AF028F814000498001DC0
:10ADF0000599084406990844696808556868005D23
:10AE00000007000E69680855601C04B25CE00999EF
:10AE1000079888422CD0079800B227F814000FFA40
:10AE20008AF028F81400DDE9030108446968085530
:10AE30006868005D0007000E69680855601C04B270
:10AE40000798401E00B227F814000FFA8AF028F87D
:10AE50001400059808300699084469680855686820
:10AE6000005D0007000E69680855601C04B22BE005
:10AE7000079800B227F814000FFA8AF028F8140097
:10AE8000DDE90301084405990844696808556868C4
:10AE9000005D0007000E69680855601C04B2079841
:10AEA000401E00B227F814000FFA8AF028F81400A8
:10AEB00006980C30696808556868005D0007000E48
:10AEC00069680855601C04B20AF1010A0CA800F078
:10AED00084F800287FF42DAF00BF40F2D32109FB96
:10AEE00001F00290029880120190601E37F9101054
:10AEF0000198814205D1601E38F9101001988142F5
:10AF000026D0DDE90121A1EB8220B0F5007F04DC31
:10AF100000FB00F14800001407E0C0F5806000FB72
:10AF200000F148000014C0F10F00019909B227F8A0
:10AF30001410019909B228F814106A68105569684C
:10AF4000095D0907090E6A681155611C0CB200BF42
:10AF5000A61E0EE038F8160027F8140037F8160081
:10AF600028F814006868805D69680855761E601CC2
:10AF700004B2002EEEDA4FF0000B00260020E96844
:10AF8000088023E0E96821F81B6037F81600A968FB
:10AF900021F81B0010E0A86830F81B0037F91610E4
:10AFA000884203DAA86830F81B0001E037F9160080
:10AFB000A96821F81B00761C38F91600584501D104
:10AFC000A642E8DB0BF101000FFA80FBA642D9DBB9
:10AFD00038460FF0B1FB00BF58E60146B1F9020058
:10AFE000B1F90020904201DC012070470020FCE70D
:10AFF000028000234380C2F101031BB20B80704723
:10B00000B1F90020002A07DC0B8842885200D21CCC
:10B010001A4412B20A800CE042880388D21A520005
:10B02000521D0B881A4412B20A800288521E12B2B4
:10B0300002804288521C12B24280704737B582B0FB
:10B040001546022D04DCBDF80C10084605B030BDD5
:10B05000BDF80C00C0F3C400BDF80810C1F3C40172
:10B0600044181F2C01D2204600E01F20BDF8081014
:10B0700060F3C7010291BDF80C004007800EBDF8D7
:10B080000C1000EB5130BDF8081001F0070100EB87
:10B09000C100BDF8081000EB51343F2C01D220460E
:10B0A00000E03F200446E108BDF8080061F302001B
:10B0B0000290BDF8080064F34F300290BDF80C0018
:10B0C000C0F30420BDF80810C1F3042144181F2C5C
:10B0D00001D2204600E01F20BDF8081060F30C21CB
:10B0E0000291FF2D03D1BDF808100846AEE72A46AD
:10B0F000DDE9020109F07CF80190BDF80410084672
:10B10000A4E717B581B01446022C04DCBDF8081082
:10B11000084604B010BDBDF80400C0F3C400BDF87B
:10B120000810C1F3C40110FB01F04109BDF804008F
:10B1300061F3C7000190BDF80400C0F30420BDF81E
:10B140000810C1F3042110FB01F04109BDF804000F
:10B1500061F30C200190BDF804004007800EBDF89B
:10B16000041000EB5130BDF808104907890EBDF8F6
:10B17000082001EB523110FB01F08011C008BDF82E
:10B18000041060F302010191BDF804004007800E35
:10B19000BDF8041000EB5130BDF808104907890EC6
:10B1A000BDF8082001EB523110FB01F08009BDF819
:10B1B000041060F34F310191FF2C03D1BDF804104E
:10B1C0000846A6E72246DDE9010109F011F80090E2
:10B1D000BDF8001008469CE737B582B01546022D31
:10B1E00004DCBDF80C10084605B030BDBDF80C00FD
:10B1F000C0F3C400BDF80810C1F3C401441A002C08
:10B2000001DD204600E00020BDF8081060F3C70112
:10B210000291BDF80C004007800EBDF80C1000EB49
:10B220005130BDF8081001F0070100EBC100BDF876
:10B23000081000EB5134002C01DD204600E0002016
:10B240000446E108BDF8080061F302000290BDF871
:10B25000080064F34F300290BDF80C00C0F30420E6
:10B26000BDF80810C1F30421441A002C01DD20466A
:10B2700000E00020BDF8081060F30C210291FF2DC2
:10B2800003D1BDF808100846AEE72A46DDE9020101
:10B2900008F0AEFF0190BDF804100846A4E708B519
:10B2A000034600930098484080EA620008BD10B54C
:10B2B0008060C06000230361002110E0002400F1E1
:10B2C000140343F82140002206E000F13C0303EBA5
:10B2D000C11343F82200521C202AF6DB491C0A291C
:10B2E000ECDB10BD2DE9FF4F87B00546DDE9178A7D
:10B2F000DDF85890149F089CB9F1040F02D0B9F101
:10B30000060F5CD1284608F0FBFB834659465046A1
:10B310000FF037FCB5F9020078434100B5F90000A1
:10B3200001EB40000444284608F010FC0590059805
:10B3300040000490780000B20390CDF80880B5F981
:10B3400002600DE02146049A02980FF061FA03981A
:10B3500004440599029800EB41000290701C06B26B
:10B36000B5F90600B042EDDAB9F1060F26D14FF477
:10B370007F404FF0000C4FEA503E4EEA1C4C00F468
:10B38000E05E4CEACE0C00F0F80E4CEA4E1CCDF814
:10B3900000C0BDF800E0F446CDF804C04246BDF858
:10B3A0000430002107E032F81100984202D1002059
:10B3B0000AF80100491C5945F5D300BF88E0B9F1EE
:10B3C000050F41D1B5F90200784300EB4000B5F913
:10B3D000001001EB410108440444284608F0B6FB84
:10B3E000381A00B20590059800EB400000B20490B6
:10B3F000284608F05BFB0390284608F0A7FB83462D
:10B4000000261DE00020069010E0A17806980AF8BA
:10B4100000102078617800EB012081B2069828F8AE
:10B420001010E41C0698401C00B20690069858457F
:10B43000EBDB08EB4B08DA4404980444701C06B2BA
:10B4400003988642DEDB43E0B9F1140F40D1B5F931
:10B45000020078434100B5F9000001EB40000444CC
:10B46000780000B20590284608F020FB049028469A
:10B4700008F06CFB834600260BE04FEA4B022146A6
:10B4800040460FF0C5F908EB4B0805980444701CC2
:10B4900006B204988642F0DB089C099841000A989D
:10B4A00001FB0044B5F90000B5F9021007FB0100EB
:10B4B0000444002608E05A46214650460FF0A8F9F9
:10B4C000DA443C44701C06B204988642F3DB00BFA9
:10B4D0000BB0BDE8F08F0146002000E0401C31F9C0
:10B4E000102041F6FF739A42F8D170470649496827
:10B4F00060F38F31044A516082080349496862F35E
:10B500001C71014A516070470010024003494968AC
:10B5100060F30711014A51607047000000100240BB
:10B520000349496860F30A21014A516070470000ED
:10B53000001002400349496860F3CD21014A51607F
:10B540007047000000100240012807D10749496DEB
:10B5500021F030013031054A516505E00349496D5C
:10B5600021F03001014A516570470000001002408F
:10B57000052827D2DFE800F0030A11181F00134A3C
:10B58000126861F30002114B1A601CE00F4A126846
:10B5900061F310420D4B1A6015E00C4A126861F31A
:10B5A00018620A4B1A600EE0084A126A61F3000240
:10B5B000064B1A6207E0054A526A61F30002034B28
:10B5C0005A6200E000BF00BF704700000010024058
:10B5D0002DE9F04101460027002200259046002376
:10B5E000002400F065F9064626B1012E12D0022E85
:10B5F00043D112E03948406DC0F3402038B137489C
:10B60000006BC0F3406010B13548086001E0354878
:10B61000086035E03348086032E030484068C0F3E5
:10B6200000482E484068C0F383422C484068C0F36D
:10B6300041750DB90F2A03D12801401C024400E0D6
:10B64000921CB8F1000F03D127485043086013E063
:10B6500022484068C0F3404058B12048406DC0F3D4
:10B660000137B81CDFF87CC0BCFBF0F05043086029
:10B6700002E01C485043086002E01A48086000BF1E
:10B6800000BF16484068C0F303131848C45C08683C
:10B69000E040486011484068C0F302231448C45C8D
:10B6A0004868E040C8600D484068C0F3C2231148B4
:10B6B000C45C4868E040886008484068C0F3007394
:10B6C00006484068C0F3813040EA83030A48C45CFE
:10B6D0008868B0FBF4F00861BDE8F081001002401A
:10B6E000006CDC0200127A0000093D00E88D0208BF
:10B6F000F88D0208008E0208088E020810B5014677
:10B700000020094B03EB1142126801F01F040123D2
:10B71000A3401A4001F01F040123A3409A4200D025
:10B7200000E0012010BD0000001002400349096B39
:10B7300060F35961014A1163704700000010024034
:10B7400000B503460120FFF7F1FF0348406D63F3A6
:10B7500049200149486500BD0010024010B501298B
:10B760000DD10E4B03EB1042126800F01F040123B1
:10B77000A3401A43094C04EB10431A600CE0074B3A
:10B7800003EB1042126800F01F040123A3409A4308
:10B79000024C04EB10431A6010BD00000010024080
:10B7A00010B568B91C4B5B6823F480331A4C636096
:10B7B00023461B6B23F0007303F10073236317E030
:10B7C000154B5B6823F4803303F58033124C6360C0
:10B7D000012805D123465B6823F40033636007E04A
:10B7E0000D4B5B6823F4003303F500330A4C6360B0
:10B7F000094B5B6861F39543074C63600C09064B8A
:10B800005B6864F35E73044C636023465B6862F3B9
:10B81000DF73636010BD0000001002401348006831
:10B8200020F00100401C1149086000BF0F4800686B
:10B83000C0F340000028F9D00C48406820F0030015
:10B840000A49486000BF09484068C0F381000028E9
:10B85000F9D10648006806490840044908600020FC
:10B86000486008634FF41F00886070470010024072
:10B87000FFFFF2FE0D49496860F301010B4A516078
:10B8800000BF00BF00BF00BF00BF00BF00BF00BFC0
:10B8900000BF00BF00BF00BF00BF00BF00BF00BFB0
:10B8A00000BF00BF00BF00BF704700000010024093
:10B8B00002484068C0F38100704700000010024059
:10B8C00010B50446012C01D1FFF73AFF0348406D43
:10B8D00064F308200149486510BD000000100240D3
:10B8E0000349C96D60F30001014AD165704700004A
:10B8F0000010024037B582B0054614462146039831
:10B9000008F005FB0190BDF80410084605B030BDF5
:10B910000FB410B5A2B025A80190802102A8019B08
:10B92000249AFAF707FE0020019000240CE000BFE3
:10B93000802109481BF02AFE0028F9D002A8015DE9
:10B9400005481BF007FE641C02A8005D0028EED12C
:10B9500022B010BC5DF814FB004400402DE9FF4FFD
:10B960008DB007460D461646E87A022803DC012012
:10B9700011B0BDE8F08F28892A6901460C90109813
:10B98000FBF770FE04460CB90020F1E7217D01F0C1
:10B990001F000CF089FF10B14FF0060818E0207D61
:10B9A00000F01F000E2801D1804611E0207D00F03C
:10B9B0001F00142801D180460AE0217D01F01F00FC
:10B9C0000CF055FF10B14FF0050801E04FF00408EE
:10B9D000B8F10E0F09D1288818B96888B0F5807FB2
:10B9E00003D04FF005080020A061206A38B100BFE5
:10B9F00000BF31463846226A19F0D2FFDEE0A06966
:10BA0000002859D031460BA808F029F8288818B921
:10BA10006888B0F5807F32D0304608F0B3F88346AE
:10BA200000BFF0887188401A401C00B20890281DA1
:10BA30006988CDE90010B5F9003059460BA8089A7D
:10BA4000FBF70AFDBDF82C003188084400B2ADF8C0
:10BA50002C00BDF82E007188084400B2ADF82E000D
:10BA6000BDF830003188084400B2ADF83000BDF8B0
:10BA700032007188084400B2ADF8320000BF0BAA52
:10BA800009A8B968FBF7E7F98146B9F1000F04D1BD
:10BA9000204601F0A0FB01206AE7D7F808A009A81A
:10BAA000B860CDF80080324629463846A36909F0CF
:10BAB0001DF8C7F808A081E032460BA8B968FBF76B
:10BAC000CAF90A900A9820B9204601F084FB0120A7
:10BAD0004EE70BA808F056F809900BA808F052F8AA
:10BAE00000EB400003900EF0ABFD8146D7F808A0B4
:10BAF0000BA907A807F0B3FF012107A808F095F8E4
:10BB0000BDF92C00B6F90010401A0690BDF92E00C0
:10BB1000B6F90210A0EB010BBDF92E00059042E032
:10BB200007AA514602A8FBF796F90A900A9800B9AD
:10BB300036E0CDF80090099803B20FFA8BF2069820
:10BB400001B220460DF0CCFB0490049801280ED0E1
:10BB500020460DF0E5FA00BF00BF48460EF0ECFDB0
:10BB6000204601F038FBC7F808A0002000E702A833
:10BB7000B8604B4607AA29463846CDF8008008F041
:10BB8000B5FFBDF81E00401C00B2ADF81E00BDF8A8
:10BB90002200401C00B2ADF822000BF1010B00BFE7
:10BBA0000598401C0590BDF9321005988142B7DA1E
:10BBB000C7F808A048460EF0BFFD00BF204601F0C0
:10BBC0000AFB0120D4E610B5044620461CF0F8F923
:10BBD00010BD10B5044620461CF007FA10BD10B584
:10BBE000044620461CF028FA10BD00002DE9F0475D
:10BBF00005460C4616462D480078002853D0B4F967
:10BC00000400B4F90010401A471CB4F90600B4F956
:10BC10000210401A00F1010807FB08F04FEA400942
:10BC2000B4F806C01FFA8CF3B4F804C01FFA8CF203
:10BC3000B4F802C01FFA8CF1B4F800C01FFA8CF0FF
:10BC4000FAF7DDF84FF48051194806F0A1F84FF4E7
:10BC50000041184806F09EF80021174800F038F817
:10BC6000164800F059F810B1144800F045F8134890
:10BC7000801D00F051F818B11048801D00F03CF80C
:10BC80001FFA89F10C4800F028F80B480C300660C8
:10BC90000B480949083108600A4805600121064837
:10BCA00000F016F800BFBDE8F08700001802002081
:10BCB000000C01400008014008040240020000108E
:10BCC0000C3800401402002010B507F0DDF910BD5B
:10BCD000026861F300020260704741607047002112
:10BCE0000160416001814181017341738173C173BE
:10BCF0000174417470470000B0F1805F04D920F0F6
:10BD00007041034A116001E0024948607047000039
:10BD10000404024000000240014600200022B1F16C
:10BD2000805F02D9054B1A6801E0054B1A6802EAE8
:10BD300001030BB1012000E0002070470004024025
:10BD400000000240D0F8A430C3F300633BB9D0F840
:10BD5000A43023F0807303F18073C0F8A43001296C
:10BD600006D1D0F8A03062F30703C0F8A03034E069
:10BD7000022906D1D0F8A03062F30F23C0F8A0301A
:10BD80002BE0032906D1D0F8A03062F31743C0F8A6
:10BD9000A03022E0042906D1D0F8A03062F31F635E
:10BDA000C0F8A03019E0052906D1D0F8A43062F31C
:10BDB0000703C0F8A43010E0062906D1D0F8A4305B
:10BDC00062F30F23C0F8A43007E0072905D1D0F8AB
:10BDD000A43062F31743C0F8A430704702684BF6F2
:10BDE000EF731A40026002680B891A4302604B7CB1
:10BDF000026863F30D320260CB7B026863F38B222F
:10BE000002608B7B026863F3092202604B7B02684D
:10BE100063F3C71202600B7B026863F38612026051
:10BE20000B7C026863F3451202604A8942600A682B
:10BE300082604A68C26070471AB103680B430360AE
:10BE400002E003688B430360704700000146002056
:10BE50000022B1F1805F02D9054B1A6801E0054B61
:10BE60001A6802EA01030BB1012000E000207047CC
:10BE700000040240000002400021026822F001029A
:10BE800002600022026042608260C260014640F2AD
:10BE9000FF420A40B2F5816F0DD2CAB2083A1423AC
:10BEA000B2FBF3F293000F229A400D4B5B681A43EA
:10BEB0000B4B5A6012E040F2FF420A40B2F5916F1C
:10BEC0000CD2CAB2083A1423B2FBF3F293000F2249
:10BED0009A40044B1B681A43024B1A6070470000DB
:10BEE00000000240040402402DE9F74F9EB00C46CA
:10BEF000E078022802DC21B0BDE8F08F1CA8209970
:10BF000007F0A4FDB4F9200001282EDD94F82200EA
:10BF1000FD282ADB208840B3BDF8700014F8231FE9
:10BF20004908C1F38001084400B2ADF87000BDF8C3
:10BF3000720021784908C1F34001084400B2ADF80D
:10BF40007200BDF8740021784908C1F3C001401A9D
:10BF500000B2ADF87400BDF8760014F82319C1F3EF
:10BF60004001401A00B2ADF876001E981CA9826804
:10BF70001AA8FAF770FF00B9BDE7E07B00F00706EA
:10BF800016B9A088199001E0E0881990BDF86410F6
:10BF90006089814200D100261CA809F087FD189015
:10BFA0001C2111A8F9F764F9A0788DF85D00BDF89F
:10BFB0006400ADF84C00189860B9208850B94EB9AB
:10BFC0001CA81190E0788DF85C0011A91E980AF069
:10BFD00025FC90E7E078FD2801DBFF2000E0E07819
:10BFE00010901CA807F0C7FD0F901CA807F065FD76
:10BFF0000E90DDE90E01814201DA0F9800E00E9803
:10C000000D90B4F900100D98B1EB600F02DAB4F99D
:10C01000000001E00D98401007461AA807F0ABFD9C
:10C0200081464FF0FF300C9000200B90002F01DC78
:10C03000189870B148460EF003FB0B9000233AB2FB
:10C040001CA905A80AF0AAF8002105A809F030FAF1
:10C050000C90BDF86800ADF80C00BDF86C00ADF8B0
:10C0600010000B98149003A811901690FF208DF8E3
:10C070005C00A01DDDE90E210CF0EAF98046B8F164
:10C08000000F0CD0022E0AD1BDF96810D8F80800B4
:10C0900000EB4100BDF97010A0EB41001290189820
:10C0A000A0B3BDF96A502CE028B2ADF80E0028B25A
:10C0B000ADF812004A4610990B980EF0F1FCBDF94C
:10C0C00068100FFA89F32AB20B9809F09FFC8DF8DB
:10C0D00054009DF85400012802D102208DF854002C
:10C0E000012E09D1BDF97210691AD8F8080000EBC9
:10C0F00041000088ADF84C0011A91E980AF08EFB93
:10C100006D1CBDF96E00A842CEDACCE0FFE7002539
:10C110005CE0BDF8720028440FFA80FABDF87600A2
:10C12000401B0FFA80FBBDF96A00504504DDBDF9E4
:10C130006E00584500DA48E04A4610990B980EF018
:10C14000AFFCBDF90C100FFA89F352460B9809F0B9
:10C150005DFC8DF854009DF85400012802D10220A6
:10C160008DF85400BDF96A00504514DCADF80EA0FE
:10C17000ADF812A0012E0AD1BDF97210AAEB01018F
:10C18000D8F8080000EB41000088ADF84C0011A978
:10C190001E980AF043FBBDF96E00584514DBADF85C
:10C1A0000EB0ADF812B0012E0AD1BDF97210ABEB92
:10C1B0000101D8F8080000EB41000088ADF84C0000
:10C1C00011A91E980AF02AFB00BF6D1CBD42A0DB1E
:10C1D000BDF87000ADF80400BDF87400ADF80800BB
:10C1E000BDF87200384400B2ADF80600BDF8760024
:10C1F000C01B00B2ADF80A0001A809F057FC00907E
:10C200000098B0B9AEB9BDF87200384400B2ADF8CC
:10C210000E00BDF87600C01B00B2ADF812001098F9
:10C220008DF85C000020149011A91E980AF0F6FA0F
:10C2300038E010988DF85C0001208DF85400BDF9AD
:10C240007600A0EB070ABDF97200C51927E0009837
:10C2500070B14A4610990B980EF022FCBDF9681097
:10C260000FFA89F32AB20B9809F0D0FB8DF854002D
:10C2700028B2ADF80E0028B2ADF81200012E09D197
:10C28000BDF97210691AD8F8080000EB4100008867
:10C29000ADF84C0011A91E980AF0C0FA6D1C554566
:10C2A000D5DD00BF00BF0B9810B10B980EF044FA1B
:10C2B0000C98401C28B10C980AF058F805A809F011
:10C2C000D1FBB8F1000F02D040460CF0B8F800BF27
:10C2D00011E62DE9F04F91B006460C46154620694F
:10C2E00010B911B0BDE8F08FA07E022800DCF8E79D
:10C2F00029460FA8B268FAF7AEFD00B9F1E7D6F803
:10C3000008800FA8B06020690DF00CF80746022FD6
:10C3100055D1002041F6FF71CDE90001029003469E
:10C320000EA8D4E9041214F0E1FB284607F023FC20
:10C33000824600EBDA70298801EB6000BDF9389085
:10C3400009EBD971A0EB610000B2ADF83000BDF887
:10C350003000BDF838100844401E00B2ADF834007B
:10C36000284607F0AAFB824600EBDA70698801EBE9
:10C370006000BDF93A9009EBD971A0EB610000B201
:10C38000ADF83200BDF83200BDF83A100844401E46
:10C3900000B2ADF8360004A808F094FF606904907C
:10C3A000208BADF81C00A07E8DF82A0000200090A4
:10C3B0000CAA04A93046236908F0CCFBB0E00EA912
:10C3C00020690CF0D9FE8146B9F1010F7DD108A892
:10C3D00008F0A3FBA0788DF82C00208BADF8280086
:10C3E000E07E8DF82A00A07E8DF82B00207FE8BB30
:10C3F000284607F0C0FB834600EBDB70298801EB81
:10C4000060000E99C1F38A2A0AEBDA71A0EB610091
:10C4100000B2ADF81800284607F04FFB834600EB4A
:10C42000DB70698801EB60000E994FEA515A0AEB04
:10C43000DA71A0EB610000B2ADF81A00BDF8180087
:10C440000E99C1F38A210844401E00B2ADF81C00C9
:10C45000BDF81A000E9900EB5150401E00B2ADF825
:10C460001E0006AA08A93046236900E002E008F091
:10C4700003FB51E06888ADF81A00BDF81A000E9968
:10C4800000EB5150401E00B2ADF81E003DE0288880
:10C49000ADF81800BDF818000E99C1F38A210844C0
:10C4A000401E00B2ADF81C0019E006AA08A93046EB
:10C4B000236908F0E1FABDF818000E99C1F38A214A
:10C4C000084400B2ADF8180000E026E0BDF81C00FA
:10C4D0000E99C1F38A21084400B2ADF81C00BDF9E1
:10C4E0001800B5F904108842DFDDBDF81A000E9976
:10C4F00000EB515000B2ADF81A00BDF81E000E99C5
:10C5000000EB515000B2ADF81E00BDF91A00B5F9AC
:10C5100006108842BBDD00BF01E000BF00BF00BFC6
:10C52000C6F8088000BFDCE62DE9F04F87B08346EF
:10C530000C46164694F82200022802DC07B0BDE83B
:10C54000F08F208C00B9F9E794F82300C0F3440081
:10C5500000B9F3E794F8230000F0010000B1EDE723
:10C56000304607F008FB8146304607F0A6FA07463A
:10C57000B4F90050B94501DA484600E03846824631
:10C58000B5EB6A0F01DD4FEA6A05314605A807F0F1
:10C590005DFABDF9141094F82300400800F004007F
:10C5A00010B1B4F9200003E0B4F92000284440425F
:10C5B000084400B2ADF81400BDF9181094F8230037
:10C5C000400800F0080010B1B4F9200003E0B4F90D
:10C5D000200028444042081A00B2ADF81800BDF906
:10C5E000161094F82300400800F0020010B1B4F9CE
:10C5F000200003E0B4F9200028444042084400B27F
:10C60000ADF81600BDF91A1094F82300C0F34000ED
:10C6100010B1B4F9200003E0B4F9200028444042EE
:10C62000081A00B2ADF81A00208C281A0FFA80F808
:10C63000B8F1000F01DA4FF00008A07894F822104A
:10C64000CDE90210E08BADF804002BB205AA31460B
:10C650005846CDF8008000F002F800BF6EE72DE9E3
:10C66000FF4FA3B00D4616461F463298FF2801DB48
:10C67000FF2000E032983290284609F017FA229005
:10C68000229868B967B9309850B93298009032460C
:10C690002946319B239800F0A9FA27B0BDE8F08F16
:10C6A00023982946826820A8FAF7D5FB00B9F4E759
:10C6B00020A807F060FA81461C2119A80EF02AFA7A
:10C6C00048460DF0BDFF1C904FF0FF301890002F32
:10C6D0000ADD00233A46294612A809F05FFD002131
:10C6E00012A808F0E5FE1890012331460CA8309AF4
:10C6F00009F054FD00210CA808F0DAFE0B9009A8FF
:10C7000019901E90BDF8C400ADF86C0032988DF8F9
:10C710007C0033988DF87D00B5F900003844B6F9F7
:10C720000010884203DDB5F90000384401E0B6F995
:10C73000000000B2ADF81C00B5F90400C01BB6F94A
:10C740000410884203DAB5F90400C01B01E0B6F911
:10C75000040000B2ADF82000B5F902003844B6F983
:10C760000210884203DDB5F90200384401E0B6F951
:10C77000020000B2ADF81E00B5F90600C01BB6F904
:10C780000610884203DAB5F90600C01B01E0B6F9CD
:10C79000060000B2ADF8220007A807F0ECF90690F9
:10C7A000B5F90200B6F90210884201DC012000E070
:10C7B00000208246B5F90600B6F90610884201DB72
:10C7C000012000E000208346229800284CD0BDF8CC
:10C7D0008000ADF82400BDF88400ADF82800BDF954
:10C7E000824029E0BAF1000F04D1BDF91E00A04239
:10C7F00000DD20E0BBF1000F04D1BDF92200A04212
:10C8000000DA1DE020B2ADF8260020B2ADF82A0013
:10C8100049461C980EF0B5F9BDF980100FFA89F35E
:10C8200022B21C9809F0F2F88DF8740019A9239827
:10C8300009F0F4FF00BF641CBDF98600A042D1DA04
:10C8400000BF0CA809F00EF90B9809F08FFD18989D
:10C85000401C28B112A809F005F9189809F086FDC6
:10C860001C980DF069FF18E7B5F90000B6F9001043
:10C87000884201DC012000E000200590B5F90400A9
:10C88000B6F90410884201DB012000E0002004908A
:10C8900001200390059860B1049850B1BAF1000FDF
:10C8A00007D0BBF1000F04D00698322801DA00202F
:10C8B000039001208DF87400BAF1000F15D0039891
:10C8C00098B1BDF81C00ADF82400BDF82000ADF80B
:10C8D00028006888ADF826007088401E00B2ADF8C8
:10C8E0002A0019A9239809F099FFBBF1000F15D070
:10C8F000039898B1BDF81C00ADF82400BDF82000E5
:10C90000ADF82800F088401C00B2ADF82600E88899
:10C91000ADF82A0019A9239809F080FF059898B16D
:10C920002888ADF824003088401E00B2ADF82800F9
:10C93000BDF81E00ADF82600BDF82200ADF82A00B3
:10C9400019A9239809F06AFF049898B1B088401C8F
:10C9500000B2ADF82400A888ADF82800BDF81E008C
:10C96000ADF82600BDF82200ADF82A0019A92398D9
:10C9700009F054FF0398F0BBBDF88000ADF8240027
:10C98000BDF88400ADF82800B6F90200B5F9021030
:10C99000401AB84201DA384604E0B6F90200B5F9A7
:10C9A0000210401A00B20290002442E0688820443D
:10C9B00000B20190E888001B00B20090BDF982101F
:10C9C0000198814205DDBDF986100098814200DAA8
:10C9D0002EE049461C980EF0D4F8BDF924100FFA49
:10C9E00089F3019A1C9809F011F88DF87400BDF9CB
:10C9F0008210019800E020E0814209DC0198ADF846
:10CA000026000198ADF82A0019A9239809F006FF1D
:10CA1000BDF986100098814209DB0098ADF8260028
:10CA20000098ADF82A0019A9239809F0F7FE00BF75
:10CA3000641C02988442B9DBC7E0BDF88000ADF801
:10CA40002400BDF98410BDF91C00401E814202DAA9
:10CA5000BDF9840002E0BDF91C00401E00B2ADF833
:10CA6000280009A807F087F88046B8F1000F48DDD4
:10CA7000059810B9BAF1000F1ED0BDF9824017E039
:10CA800020B2ADF8260020B2ADF82A0041461C982D
:10CA90000EF077F8BDF92410434622B21C9808F036
:10CAA000B5FF8DF8740019A9239809F0B7FE641C2E
:10CAB000BDF91E00A042E3DC059810B9BBF1000FE0
:10CAC0001FD0BDF92200441C17E020B2ADF82600AB
:10CAD00020B2ADF82A0041461C980EF052F8BDF97C
:10CAE0002410434622B21C9808F090FF8DF8740081
:10CAF00019A9239809F092FE641CBDF98600A04292
:10CB0000E3DABDF98010BDF92000401C814202DD4E
:10CB1000BDF9800002E0BDF92000401C00B2ADF874
:10CB20002400BDF88400ADF8280009A807F023F818
:10CB30008046B8F1000F48DD049810B9BAF1000F33
:10CB40001ED0BDF9824017E020B2ADF8260020B219
:10CB5000ADF82A0041461C980EF013F8BDF92410D8
:10CB6000434622B21C9808F051FF8DF8740019A9B1
:10CB7000239809F053FE641CBDF91E00A042E3DCBB
:10CB8000049810B9BBF1000F1FD0BDF92200441C5E
:10CB900017E020B2ADF8260020B2ADF82A004146D9
:10CBA0001C980DF0EEFFBDF92410434622B21C98EC
:10CBB00008F02CFF8DF8740019A9239809F02EFEB7
:10CBC000641CBDF98600A042E3DA0CA808F04AFF15
:10CBD0000B9809F0CBFB12A808F044FF189809F055
:10CBE000C5FB1C980DF0A8FD00BF56E52DE9FF4FD1
:10CBF00089B080460C461546DDF858901C216846E1
:10CC00000DF088FF07A80090BDF83000ADF80800CF
:10CC10008DF81890B4F90200B5F90210884201DCD1
:10CC2000012000E000200646B4F90600B5F9061020
:10CC3000884201DB012000E000200746B4F9000033
:10CC4000B5F90010884201DC012000E00020824696
:10CC5000B4F90400B5F90410884201DB012000E0BA
:10CC6000002083462088ADF81C00A088ADF8200085
:10CC70006088ADF81E006888401E00B2ADF8220042
:10CC80001EB16946404609F0C9FDE888401C00B263
:10CC9000ADF81E00E088ADF822001FB1694640469D
:10CCA00009F0BCFD2088ADF81C002888401E00B2A9
:10CCB000ADF8200016B1B5F9020001E0B4F90200A8
:10CCC000ADF81E0017B1B5F9060001E0B4F9060091
:10CCD000ADF82200BAF1000F03D06946404609F0D2
:10CCE0009DFDA888401C00B2ADF81C00A088ADF8DE
:10CCF0002000BBF1000F03D06946404609F08EFDCD
:10CD00000DB0BDE8F08F00002DE9F04105463F4829
:10CD1000006807F00DFE04462868C66B706B10B102
:10CD20003046716B88473948006800680088374989
:10CD300009680968498810FB01F0E168884201D15F
:10CD4000012000E000200746206898B1606888B1A3
:10CD500087B90CE02D4800680068806A38B12B4A1A
:10CD600012681068294A12681268916A8847206917
:10CD70000028EFD101202061244800680068C068C5
:10CD8000806900F0010050B1204800680068C06868
:10CD90008069C0F3400010B10120606101E0002013
:10CDA0006061606908B1012000E0002080462868C9
:10CDB000406998B12868007CC0F3011048B1286828
:10CDC000007CC0F3800020B1D6E9001000F020F80C
:10CDD00004E0D6E900212868FDF785FC206890B1C1
:10CDE000606880B12868007C00F0010010B1B8F1E3
:10CDF000000F08D02168A068884202D16068A06056
:10CE000001E02068A060BDE8F08100004802002039
:10CE10002DE9F34F83B004468848006805688748C9
:10CE200000680068007CC0F3400040B1287CC0F37B
:10CE3000800020B100BF00BF05B0BDE8F08F287CA6
:10CE4000C0F3011002280AD121462846049A00F0B6
:10CE500004F921462846049AFDF745FCEBE0287CBE
:10CE6000C0F30110012804D0287CC0F3011003286E
:10CE7000F4D1002002907148006807F059FD824605
:10CE8000204606F055FE0646204606F001FE834683
:10CE90004FF4A050B0FBF6F000B2584505DA4FF45D
:10CEA000A050B0FBF6F000B200E058460190B4F993
:10CEB0000280287CC0F3011001280BD168882188EA
:10CEC000401A401E00B2E080E088801B401C00B287
:10CED000608006E02088608060883044401E00B298
:10CEE000E08000279EE0ABEB07010198814201DD65
:10CEF000019801E0ABEB07000FFA80F90120CAF8B6
:10CF0000100047BBB34526DBB146297CC1F30111B4
:10CF1000032901D1012100E0002108463146049A8D
:10CF200000F00FF9287CC0F30110012807D1A4F804
:10CF3000008008EB0600401E00B2A0803FE0288879
:10CF4000401EA0EB080000B2A080A088801B401CFF
:10CF500000B2208033E0029820B94FF420500DF049
:10CF60006FFB029002980090297CC1F30111032904
:10CF700001D1012100E0002108464A463146049BC8
:10CF800000F0B2F8287CC0F3011001280AD108EBA8
:10CF9000070000B2208008EB07004844401E00B2A2
:10CFA000A0800CE02888401EA0EB0800C01B00B247
:10CFB000A080A088A0EB0900401C00B2208007EBF5
:10CFC000090058450DDBDAF8180000F0010040B107
:10CFD000DAF81800C0F3400018B10120CAF81400B4
:10CFE00002E00020CAF81400029808B9049800E092
:10CFF0000298024621462846FDF775FB04E0A86A20
:10D0000010B12846A96A8847DAF810000028F6D13E
:10D0100006FB09F1049800EB4100049007EB0900BE
:10D0200007B200BF5F45FFF65EAF029810B10298ED
:10D030000DF082FB00BF00BFFEE6000048020020AA
:10D0400018B5048800940C88048014880C801C880F
:10D050001480BDF800401C8018BD2DE9FC5F05461A
:10D060000C461646204606F063FD8246204606F032
:10D070000FFD83461AFB0BF001900198471E4FF0FD
:10D08000000811E006EB47000088009006EB47001F
:10D0900006EB48010988018006EB4800BDF8001046
:10D0A00001807F1E08F101084745EBD8B4F90690CE
:10D0B00068886188401A401E00B2E0806888A0EB52
:10D0C0000900401E00B26080B4F9049028882188CD
:10D0D000401A401E00B2A0802888A0EB0900401E24
:10D0E00000B22080BDE8FC9F2DE9F04704461D46B4
:10D0F000089F01FB02F0A0F1010C481E00FB02F8A2
:10D1000000231AE008EB03000CB1ACEB0000002692
:10D110000FE0A946AD1C07EB400AB9F80090AAF849
:10D1200000900CB1104400E0801A06F101090FFADA
:10D1300089F68E42EDDB581C03B29342E2DBBDE878
:10D14000F0872DE9F04782460C46154600263BE065
:10D15000002731E0601E801B0FFA80F8601EC01BA4
:10D160000FFA80F9BAF1000F12D007FB048C05EB1F
:10D170004C0308FB049C05EB4C0209FB046C05EB1B
:10D180004C0106FB047C05EB4C00FFF759FF11E056
:10D1900009FB046C05EB4C0308FB049C05EB4C02FB
:10D1A00007FB048C05EB4C0106FB047C05EB4C00F3
:10D1B000FFF746FF781C07B2601C00EBD071B7EB9D
:10D1C000610FC7DB701C06B204EBD471B6EB610FC4
:10D1D000BEDBBDE8F08710B5044620460BF0A0FF8B
:10D1E00010BD00002DE9FF4FA1B00646144624985B
:10D1F000807B00F00F052298807E1F90032D00D1C8
:10D200000425012D06D0022D0BD0042D10D0082DA1
:10D210001DD114E0DFF86C834FF0800A02201E90CD
:10D220001AE0DFF864834FF0C00A04201E9013E078
:10D23000DFF858834FF0F00A10201E900CE0DFF862
:10D2400050834FF0FF0A4FF480701E9004E000BF3F
:10D2500000BF25B0BDE8F08F00BF1F98FD2823DA7E
:10D26000CC4801781F98814203D1CB480068A8427E
:10D2700013D000200DE018F80010FF2901D11F99EC
:10D2800004E018F800101F9A51430912C34A1154C0
:10D29000401C1E998842EED300BFDFF80083BD49D1
:10D2A0001F980870BC4805602498B0F806B0249810
:10D2B00000891B900BFB05F01A90B4F90000B168CF
:10D2C000B1F90010884201DB002005E0B068B0F938
:10D2D0000000B4F90010401A1990B4F90000584445
:10D2E000B168B1F90410884201DC584606E0B06824
:10D2F000B0F90400B4F90010401A401C1890B4F9B9
:10D300000200B168B1F90210884201DB002005E09B
:10D31000B068B0F90200B4F90210401A1790B4F9DD
:10D3200002101B980844B168B1F90610884201DC6C
:10D330001B9806E0B068B0F90600B4F90210401A74
:10D34000401C16901A9917984843199901FB05003B
:10D3500015902E99159801EBD0002E90159800F09D
:10D3600007071C210DA80DF0D5FB22988089ADF888
:10D370003C002298807E8DF84C002298807FC0F37C
:10D38000C2008DF84D00FAF70FFE019007F0D4FAB5
:10D390000C901B980BFB00F10C98814201DD0C985E
:10D3A00002E01B990BFB01F00B900B980DF048F974
:10D3B0008146CDF8409000200A90218819980844B1
:10D3C00000B2ADF82000218818980844401E00B231
:10D3D000ADF8240061881798084400B2ADF8220027
:10D3E000BDF82200ADF8260000BFBDF82400BDF84E
:10D3F0002010401A401C00B2079000BFBDF820006A
:10D40000ADF81400BDF82200ADF81600BDF82400F8
:10D41000ADF81800BDF82600ADF81A0000BFBDF841
:10D4200016101698084400B2ADF81A0005A808F0C6
:10D430003DFB049008A80D901290C5F108000390E0
:10D4400019980BEB00011898081A68430290179876
:10D450001C9078E00A9801902AFA07F02090199819
:10D460001D9028E02E980078209908400399C91B48
:10D47000C8401490149830B1149818F800100A9805
:10D4800009F8001003E000210A9809F80010039839
:10D49000874204D22F442098E840209005E00027DE
:10D4A000CDF880A02E98401C2E900A98401C0A901F
:10D4B0001D98401C1D9018991D988842D2DB049835
:10D4C000A0B1BDF92620BDF92010019B09EB030096
:10D4D000079B08F09BFA8DF844009DF8440028B99A
:10D4E000019909EB010007990DF014FBDDE9180122
:10D4F000411A0A9801440B98814206D2BDF82600D1
:10D50000401C00B2ADF8260012E002208DF8440065
:10D510000DA9304609F082F9BDF82600401C00B282
:10D52000ADF82200BDF82200ADF8260000200A90D8
:10D53000029807442E9800EBD7002E9007F00707BB
:10D540001C98401C1C9016991C98884282DBBDF9DF
:10D550002200BDF9261088420ED0BDF82600401EDC
:10D5600000B2ADF8260002208DF844000DA9304627
:10D5700009F054F900200A9048460DF0DDF800BF8C
:10D5800067E60000448E0208468E0208528E0208AA
:10D59000628E0208580200205C020020E064002035
:10D5A0002DE9FF4F8FB00C4615461E46B4F9020018
:10D5B000401E0E900E9840100D900E9800F0010144
:10D5C0000D9808440C90B5F90000B6F90010884297
:10D5D00002DAB5F9000001E0B6F90000ADF8280064
:10D5E000B5F90000B6F90010884202DDB5F9000077
:10D5F00001E0B6F90000401E00B2ADF82C006988C9
:10D600000C98081A00B2ADF82A0069880D980844F1
:10D6100000B2ADF82E000F980AA982680AA8F9F79F
:10D620001AFC8246BAF1000F02D113B0BDE8F08FA8
:10D63000E08818B1A08808B1012000E000208346EE
:10D64000012009900AA808F031FA10B100200990D1
:10D6500004E0BBF1000F01D0002009901C2102A8BA
:10D660000DF058FA0AA802902088ADF81000207A30
:10D670008DF82000099820B102A90F9809F0CEF882
:10D6800078E00AA806F070FA0746BDF92E0001906E
:10D69000BDF82A00ADF82E0000200090BBF1000F6D
:10D6A0000BD0B4F90600B4F904100844BDF92810F1
:10D6B00091FBF0F200FB1210009038460CF0C0FF16
:10D6C0008046CDF814800AA80790BDF92A904AE058
:10D6D000394640460DF055FABDF928103BB20FFA15
:10D6E00089F2404608F092F98DF81800BBF1000F5E
:10D6F00027D09DF8180020B3009800211BE0B4F952
:10D700000420824207DBA3881B1A1AB28B1819B2B5
:10D71000831818B20BE0B4F90620B4F904301A44A7
:10D72000824201DC002002E0002208F801204A1CAD
:10D7300011B2421C10B2B942E1DB02228DF818206E
:10D7400000BF02A90F9809F069F8BDF82A00401C33
:10D7500000B2ADF82A00BDF82E00401C00B2ADF8B2
:10D760002E0009F1010901988145B1DD40460CF018
:10D77000E3FF00BF00BF58E72DE9FF4FC7B08B465E
:10D7800091469A46B9F90200BAF90210884210DAB5
:10D79000B9F80200ADF81A01BAF80200ADF81601A6
:10D7A000B9F80000ADF81801BAF80000ADF814019E
:10D7B0000FE0BAF80200ADF81A01B9F80200ADF8AE
:10D7C0001601BAF80000ADF81801B9F80000ADF87C
:10D7D0001401BDF91401BDF91811441ABDF916015F
:10D7E000BDF91A11451A002C01DD204600E0604207
:10D7F000002D01DD294600E06942884201DD01205B
:10D8000000E000204490BBF902600020439044985F
:10D8100070B1002D01DD284600E068424101002C76
:10D8200001DD204600E0604291FBF0F043900DE006
:10D83000002C01DD204600E060424101002D01DDA9
:10D84000284600E0684291FBF0F04390E04943989D
:10D85000085C70433F30C611771006F0010000EB02
:10D860000708BDF91801BDF91411884202DABDF9A3
:10D87000180101E0BDF91401801B00B2ADF80401EC
:10D88000BDF91801BDF91411884202DDBDF9180176
:10D8900001E0BDF91401304400B2ADF80801BDF952
:10D8A0001A01BDF91611884202DABDF91A0101E028
:10D8B000BDF91601801B00B2ADF80601BDF91A01D1
:10D8C000BDF91611884202DDBDF91A0101E0BDF96A
:10D8D0001601304400B2ADF80A01479841A98268A8
:10D8E00041A8F9F7B8FA4090409810B94BB0BDE89C
:10D8F000F08F4498F0B3002C24DD0021BDF8160110
:10D90000C01B00B2CDE90001BDF91431BDF81A0108
:10D91000C01B02B2BDF9181135A808F0C1F90121E8
:10D92000BDF81601404400B2CDE90001BDF9143143
:10D93000BDF81A01404402B2BDF918112AA808F036
:10D94000AFF94AE00021BDF81601404400B2CDE92C
:10D950000001BDF91431BDF81A01404402B2BDF90D
:10D96000181135A808F09CF90121BDF81601C01B5B
:10D9700000B200E00DE0CDE90001BDF91431BDF8C1
:10D980001A01C01B02B2BDF918112AA808F088F9C3
:10D9900023E00021BDF91601CDE90001BDF8140115
:10D9A000404403B2BDF91A21BDF81801404401B248
:10D9B00035A808F075F90121BDF91601CDE900017E
:10D9C000BDF81401C01B03B2BDF91A21BDF818013E
:10D9D000C01B01B22AA808F063F9002135A807F09E
:10D9E00067FD139000212AA807F062FD12904FF006
:10D9F000FF30119010909BF80900C0F3001068BB35
:10DA00000321BDF81A01204400B2CDE90001BDF8A0
:10DA10001801401B03B2BDF91A21BDF918111FA846
:10DA200008F03EF90221BDF81601204400B2CDE90C
:10DA30000001BDF81401401B03B2BDF91621BDF968
:10DA4000141114A808F02CF900211FA807F030FDCC
:10DA50001190002114A807F02BFD109041A806F0AA
:10DA600083F80F90FAF7A0FA019006F065FF0D9089
:10DA700041A806F045F801460D98814203D241A81D
:10DA800006F03EF800E00D980C900C980CF0D8FDD4
:10DA90000B90BDF90A010A90BDF80601ADF80A0124
:10DAA00000200990DDE90B010DF06BF81C2102A8A4
:10DAB0000DF030F841A80290BBF80000ADF810005E
:10DAC0009BF808008DF820000B98059041A807905E
:10DAD000BDF906010E9040E0BDF90411099B0B9AB7
:10DAE000D0180F9A13B20E9A12B207F08FFF8DF86A
:10DAF00018009DF8180028B9099A0B9988180F99F1
:10DB00000DF008F80F990998084409900F990998A1
:10DB100001440C98814206D2BDF80A01401C00B2B3
:10DB2000ADF80A0116E002208DF8180002A9479806
:10DB300008F074FEBDF80A01401C00B2ADF8060101
:10DB4000BDF80601ADF80A0100200990DDE90B01DE
:10DB50000DF017F80E98401C0E900A990E98884206
:10DB6000BADDBDF90601BDF90A1188420CD0BDF835
:10DB70000A01401E00B2ADF80A0102208DF818001B
:10DB800002A9479808F04AFE0B980CF0D5FD35A87D
:10DB900007F068FF2AA807F065FF1198401C10B134
:10DBA0001FA807F05FFF1098401C10B114A807F0E1
:10DBB00059FF139808F0DAFB129808F0D7FB119878
:10DBC00008F0D4FB109808F0D1FB00BF8EE60000EF
:10DBD000628F02082DE9FF4F91B00C4615461E4694
:10DBE000B4F90200401E1090109840100F90109849
:10DBF00000F001010F9808440E9029880E98081A29
:10DC000000B2ADF8300029880F98084400B2ADF892
:10DC10003400B5F90200B6F90210884202DAB5F90B
:10DC2000020001E0B6F90200ADF83200B5F90200D9
:10DC3000B6F90210884202DDB5F9020001E0B6F93A
:10DC40000200401E00B2ADF8360011980CA982689F
:10DC50000CA8F9F700F98146B9F1000F02D115B00F
:10DC6000BDE8F08FE08818B1A08808B1012000E07D
:10DC70000020824601200B900CA807F017FF10B17E
:10DC800000200B9004E0BAF1000F01D000200B90AF
:10DC90001C2104A80CF03EFF0CA804902088ADF8CD
:10DCA0001800207A8DF828000B9820B104A911984B
:10DCB00008F0B4FD66E00CA805F056FF8346BDF9F8
:10DCC00036000390BDF83200ADF8360058460CF02F
:10DCD000B7FC0290029807900CA8099000200190D0
:10DCE000BAF1000F0BD0B4F90600B4F904100844DF
:10DCF000BDF9321091FBF0F200FB12100190019F70
:10DD0000BDF9328037E0594602980CF03AFFBDF970
:10DD100030100FFA8BF30FFA88F2029807F076FEB4
:10DD20008DF82000BAF1000F13D09DF8200070B1DB
:10DD3000B4F90400B84202DA00208DF82000B4F9EA
:10DD40000600B4F904100844B84200DC0027781C2F
:10DD500007B204A9119808F061FDBDF83200401C1B
:10DD600000B2ADF83200BDF83600401C00B2ADF88C
:10DD7000360008F1010803988045C4DD02980CF0D4
:10DD8000DBFC00BF00BF6AE72DE9F14F90B01098AF
:10DD900009F0DEFE05462C46109809F080FE064686
:10DDA0000EA928460DF05FFF002794F84800C0F345
:10DDB000001008B147F0010794F84800C0F3401084
:10DDC00008B147F00207002128460FF068F942F237
:10DDD000D171884205D1688CC0F3C02008B947F0E2
:10DDE000040706A807F06EFAB4F84400ADF82E0058
:10DDF0004620005BADF830008DF8357006AA002192
:10DE000028460FF095FA0DA8411E626A03780BB9F7
:10DE10000123037000BF28460BF0FCFD0790284645
:10DE20000BF0F2FD08904FF6FF710798884223D05F
:10DE30000898884220D04FF4802B55225946284616
:10DE40000FF01AF80246594601902846F9F74BFEA2
:10DE5000029002980390BDF80C00ADF8260000BFB8
:10DE60002022594628460FF007F8029002980390A6
:10DE7000BDF80C00ADF8280094F8480000F0070049
:10DE8000022805D094F8480000F0070003281FD1AD
:10DE90009DF83400022803D09DF83400032817D1E0
:10DEA00041F6FF71BDF92A008DE88300BDF92C30E1
:10DEB000069A03A8616A12F019FE0EA805F085FE05
:10DEC000BDF90C10884202DA01208DF8340000BF41
:10DED00004F1300894F8480000F00700032805D04A
:10DEE0000EA805F006FEB0F5806F01DA4FF00008CD
:10DEF0000EA904A8B268F8F7AEFF8146B9F1000F89
:10DF000002D111B0BDE8F08F94F8480000F007008E
:10DF100070B928460EF03EF98346CBF1000002B2FC
:10DF200000210EA805F069FE688BADF83E0000BF29
:10DF300094F8480000F00700022805D094F8480043
:10DF400000F0070003280ED1D6F808B004A8B0608E
:10DF5000CDF800800EAA06A93046636A06F0FAFDE5
:10DF6000C6F808B007E0CDF800800EAA06A9304632
:10DF7000636A06F0EFFDD6F808A004A8B06094F834
:10DF8000480000F0070003284FD141F6FF71BDF9AA
:10DF90002A008DE88300BDF92C30069A03A8616A37
:10DFA00012F0A4FD0EA805F010FEBDF90C10884279
:10DFB0001BDA20221146069809F052FF00EB4000C0
:10DFC000B4F84410BDF80C201144084400B2ADF878
:10DFD0002E004620005BADF83000CDF800800EAA80
:10DFE00006A93046636A06F0B5FD0EA805F081FD6E
:10DFF000BDF90E10884217DAB4F84400ADF82E00CF
:10E00000069809F042FF4621095BBDF80E20114435
:10E01000084400B2ADF83000CDF800800EAA06A981
:10E020003046636A06F096FD00BFC6F808A000BF40
:10E0300067E72DE9F74F8AB00C46904694F82A001E
:10E04000022802DC0DB0BDE8F08FE08C00B9F9E7E2
:10E0500094F82A90B9F1FD0F01DD4FF0FF09414618
:10E0600008A805F0F3FC208D401E05B2BDF8200085
:10E07000401B00B2ADF82000BDF82200401B00B2EA
:10E08000ADF82200BDF82400284400B2ADF8240009
:10E09000BDF82600284400B2ADF8260008A906A85D
:10E0A00005F0D4FCBDF81800E18C401A00B2ADF8C0
:10E0B0001800BDF81C00E18C084400B2ADF81C004B
:10E0C000BDF81A00E18C401A00B2ADF81A00BDF894
:10E0D0001E00E18C084400B2ADF81E0008A805F04F
:10E0E0004AFD824608A805F0E8FC0746B4F900603E
:10E0F000BA4501DA504600E038468346B6EB6B0F6E
:10E1000001DD4FEA6B06E08C304400B20590A07848
:10E1100094F82A10CDE90210A08CADF8040030B2BA
:10E12000009008AA06A9059B0A98FEF798FA00BF76
:10E1300088E77CB50446A06985686089002856D1C7
:10E14000A089002853D1E088218988424FDAE188EC
:10E1500008B212F0DDFBB4F90410B4F90E20891AEC
:10E1600048432168498801EBE03000B2ADF8020075
:10E17000E1885A3108B212F0CBFBA18810FB01F004
:10E180002168098801EBE03000B2ADF80400218974
:10E1900008B212F0BDFBA18810FB01F0216849888C
:10E1A00001EBE03000B2ADF8060021895A3108B227
:10E1B00012F0AEFBB4F90410B4F90E20891A4843EA
:10E1C0002168098801EBE03000B2ADF800002A4672
:10E1D00069466846F8F73FFE06463EB1A169C1F8B8
:10E1E00008D0D4E90412A06908F0D2F8C2E060892E
:10E1F00010B1A08900287BD16089D0BB206800883D
:10E20000ADF8000020684088A188084400B2ADF84D
:10E210000600E18808B212F07BFBB4F90410B4F9EF
:10E220000E20891A48432168498801EBE03000B28A
:10E23000ADF80200E1885A3108B212F069FBA188FA
:10E2400010FB01F02168098801EBE03000B2ADF865
:10E2500004002A4669466846F8F7FDFD06463EB1C9
:10E26000A169C1F808D0D4E90412A06908F090F8B7
:10E2700000BFA08900287DD120680088A1880844BB
:10E2800000B2ADF8040020684088ADF80200218992
:10E2900008B212F03DFBA18810FB01F0216849880B
:10E2A00001EBE03000B2ADF8060021895A3108B226
:10E2B00012F02EFBB4F90410B4F90E20891A484369
:10E2C0002168098801EBE03000B2ADF800002A4671
:10E2D00069466846F8F7BFFD06463EB1A169C1F838
:10E2E00008D0D4E90412A06908F052F842E0FFE730
:10E2F0006089A189884205D1608918B12089E188A7
:10E30000884211DB6089022802D1A08901280BD044
:10E310006089032802D1A089022805D060890328DA
:10E3200028D1A089012825D120680088ADF80000F7
:10E3300020684088ADF8020020680088A188084461
:10E3400000B2ADF8040020684088A188084400B2FB
:10E35000ADF806002A4669466846F8F77CFD064691
:10E360003EB1A169C1F808D0D4E90412A06908F04F
:10E370000FF800BFA06985607CBD7CB50446A0692C
:10E3800085686089012856D1A089012853D1E08889
:10E39000218988424FDAE18808B212F0B9FAA188DF
:10E3A00010FB01F02168498801EBE03000B2ADF8C4
:10E3B0000600E1885A3108B212F0AAFAB4F9041042
:10E3C000B4F90E20891A48432168098801EBE0302E
:10E3D00000B2ADF80400218908B212F099FAB4F93C
:10E3E0000410B4F90E20891A48432168498801EBCA
:10E3F000E03000B2ADF8020021895A3108B212F0C3
:10E4000087FAA18810FB01F02168098801EBE03050
:10E4100000B2ADF800002A4669466846F8F71BFDD1
:10E4200006463EB1A169C1F808D0D4E90412A0693A
:10E4300007F0AEFFC7E06089012802D0A08901285B
:10E440007ED1608901283AD120680088A188401ACD
:10E4500000B2ADF8000020684088ADF80200E18805
:10E4600008B212F055FAA18810FB01F02168498822
:10E4700001EBE03000B2ADF80600E1885A3108B295
:10E4800012F046FAB4F90410B4F90E20891A484380
:10E490002168098801EBE03000B2ADF804002A469B
:10E4A00069466846F8F7D7FC06463EB1A169C1F84F
:10E4B00008D0D4E90412A06907F06AFF00BFA08960
:10E4C0000128B7D120680088401E00B2ADF80400D2
:10E4D00020684088A188084400B2ADF80600218970
:10E4E00008B212F015FAB4F90410B4F90E20891A22
:10E4F00048432168498801EBE03000B2ADF80200E2
:10E5000021895A3108B212F003FAA18810FB01F0F8
:10E510002168098801EBE03000B2ADF800002A461E
:10E5200069466846F8F797FC06463EB1A169C1F80E
:10E5300008D0D4E90412A06907F02AFF43E0FFE7FE
:10E540006089A189884206D16089012803D0208989
:10E55000E18888420FDB608910B9A08902280AD0BF
:10E56000608910B9A089032805D0608903282AD1C1
:10E57000A089022827D120680088A188401A00B20B
:10E58000ADF8000020684088ADF8020020680088DF
:10E59000401E00B2ADF8040020684088A1880844FD
:10E5A00000B2ADF806002A4669466846F8F753FC03
:10E5B00006463EB1A169C1F808D0D4E90412A069A9
:10E5C00007F0E6FE00BFA06985607CBD7CB504460F
:10E5D000A06985686089022856D1A089022853D194
:10E5E000E088218988424FDAE1885A3108B212F076
:10E5F0008FF9A18810FB01F02168098801EBE03058
:10E6000000B2ADF80000E18808B212F081F9B4F967
:10E610000410B4F90E20891A48432168498801EB97
:10E62000E03000B2ADF80600218908B212F070F9AE
:10E63000A18810FB01F02168498801EBE03000B2AD
:10E64000ADF8020021895A3108B212F061F9B4F92B
:10E650000410B4F90E20891A48432168098801EB97
:10E66000E03000B2ADF804002A4669466846F8F783
:10E67000F2FB06463EB1A169C1F808D0D4E9041204
:10E68000A06907F085FECCE06089022802D0A0894D
:10E6900002287DD1608902283CD120680088401E74
:10E6A00000B2ADF8040020684088A188401A00B28A
:10E6B000ADF80200E1885A3108B212F029F9A188B8
:10E6C00010FB01F02168098801EBE03000B2ADF8E1
:10E6D0000000E18808B212F01BF9B4F90410B4F993
:10E6E0000E20891A48432168498801EBE03000B2C6
:10E6F000ADF806002A4669466846F8F7ACFB0646C0
:10E700003EB1A169C1F808D0D4E90412A06907F0AC
:10E710003FFE00BFA0890228B5D120680088A188EB
:10E72000401A00B2ADF8000020684088401E00B2D8
:10E73000ADF8060021895A3108B212F0E9F8B4F9AF
:10E740000410B4F90E20891A48432168098801EBA6
:10E75000E03000B2ADF80400218908B212F0D8F818
:10E76000A18810FB01F02168498801EBE03000B27C
:10E77000ADF802002A4669466846F8F76CFB064683
:10E780004EB1A169C1F808D0D4E90412A06900E033
:10E7900002E007F0FDFD44E06089A189884206D1CE
:10E7A0006089022803D02089E18888420FDB6089D4
:10E7B00010B9A08903280AD06089012802D1A08954
:10E7C000032804D0608901282BD1A08948BB206888
:10E7D0000088A188401A00B2ADF800002068408887
:10E7E000A188401A00B2ADF8020020680088401EDF
:10E7F00000B2ADF8040020684088401E00B2ADF8B9
:10E8000006002A4669466846F8F725FB06463EB1EB
:10E81000A169C1F808D0D4E90412A06907F0B8FDD5
:10E8200000BFA06985607CBD7CB50446A069856891
:10E830006089032856D1A089032853D1E088218913
:10E8400088424FDAE1885A3108B212F061F8B4F91F
:10E850000410B4F90E20891A48432168098801EB95
:10E86000E03000B2ADF80000E18808B212F050F8D4
:10E87000A18810FB01F02168498801EBE03000B26B
:10E88000ADF8020021895A3108B212F041F8A1888E
:10E8900010FB01F02168098801EBE03000B2ADF80F
:10E8A0000400218908B212F033F8B4F90410B4F965
:10E8B0000E20891A48432168498801EBE03000B2F4
:10E8C000ADF806002A4669466846F8F7C4FA0646D7
:10E8D0003EB1A169C1F808D0D4E90412A06907F0DB
:10E8E00057FDC7E06089032802D0A08903287ED1A4
:10E8F000608903283CD120680088A188084400B2C0
:10E90000ADF8040020684088401E00B2ADF8060053
:10E91000E1885A3108B211F0FBFFB4F90410B4F9E0
:10E920000E20891A48432168098801EBE03000B2C3
:10E93000ADF80000E18808B211F0EAFFA18810FBF1
:10E9400001F02168498801EBE03000B2ADF8020027
:10E950002A4669466846F8F77EFA06463EB1A1693E
:10E96000C1F808D0D4E90412A06907F011FD00BF76
:10E97000A08903287ED120680088ADF800002068B7
:10E980004088A188401A00B2ADF8020021895A31AE
:10E9900008B211F0BDFFA18810FB01F021680988C1
:10E9A00001EBE03000B2ADF80400218908B211F0AB
:10E9B000AFFFB4F90410B4F90E20891A4843216856
:10E9C000498801EBE03000B2ADF806002A466946FE
:10E9D0006846F8F740FA06463EB1A169C1F808D08A
:10E9E000D4E90412A06907F0D3FC43E0FFE7608993
:10E9F000A189884206D16089032803D02089E18853
:10EA000088420FDB6089022801D1A08950B160895A
:10EA1000012801D1A08928B1608902282AD1A089C2
:10EA2000012827D120680088ADF8000020684088C0
:10EA3000A188401A00B2ADF8020020680088A188C1
:10EA4000084400B2ADF8040020684088401E00B2BF
:10EA5000ADF806002A4669466846F8F7FCF906460E
:10EA60003EB1A169C1F808D0D4E90412A06907F049
:10EA70008FFC00BFA06985607CBD000070B5A4B0AC
:10EA800006460D4620AA22A930460DF0A1FB22A879
:10EA900005F036F828B920A805F032F808B924B0F6
:10EAA00070BD12A9304615F0D3FB0446012C00D0EE
:10EAB000F5E7294668460CF063FE1B4801900220EA
:10EAC000029012A804904FF480300D9022A805F017
:10EAD00017F880B122A803906A461A21304609F03F
:10EAE0003BF822AA12A9284607F052FC6A461B21CD
:10EAF000304609F031F820A805F002F890B120A8BE
:10EB000003906A461A21304609F026F820A803909F
:10EB100020AA12A9284607F03BFC6A461B21304672
:10EB200009F01AF800BFBAE7208E02082DE9F74F66
:10EB3000A2B00F46F88D10B925B0BDE8F08F97F858
:10EB40003600022800DCF7E7F88D012808D1B7F974
:10EB50003400002804DC388E10B9788E00B9EBE759
:10EB600024980088398E0844B98E401A00B2ADF856
:10EB7000800024988088398E0844B98E084400B2F9
:10EB8000ADF8840024984088798E0844B98E401AE4
:10EB900000B2ADF882002498C088798E0844B98EFE
:10EBA000084400B2ADF88600B7F92E0000EBD07132
:10EBB000BDF88020A2EB6101491E09B2ADF87810C2
:10EBC000B7F92E0000EBD071BDF8842002EB610193
:10EBD000491C09B2ADF87C10B7F92E0000EBD071DA
:10EBE000BDF88220A2EB6101491E09B2ADF87A108E
:10EBF000B7F92E0000EBD071BDF8862002EB610161
:10EC0000491C09B2ADF87E1097F836001D901D988A
:10EC1000FD2801DDFF201D9022981EA982681BA8F7
:10EC2000F8F719F900B987E719A8249904F00EFF3D
:10EC30004FF0FF32114619A804F0CEFFB7F900805B
:10EC400019A804F098FF834619A804F036FF8345FD
:10EC500003DA19A804F08FFF02E019A804F02DFFD1
:10EC600018901898B8EB600F02DD18984FEA60080A
:10EC7000B7F90000179020A804F07DFF834620A874
:10EC800004F01BFF834503DA20A804F074FF02E0C0
:10EC900020A804F012FF1890DDE91701B0EB610F16
:10ECA00002DD189840101790B7F92E1017980C181D
:10ECB00004FB04F148000BF0C3FC8246B7F92E2098
:10ECC000179803B2514620A816F087FD1EA806F03B
:10ECD000EDFE16904FF00109169820B9F878FF283C
:10ECE00001DBB87808B14FF000094FF0FF300F900A
:10ECF000B9F1000F0BD101230FFA88F219A910A85E
:10ED000007F04CFA002110A806F0D2FB0F901EA8C5
:10ED100004F031FF83460BF093FC0E901C2102A8F7
:10ED20000BF0F8FE0CA8029007900E980590B88D95
:10ED3000ADF8100097F836008DF82000B8788DF8FF
:10ED400021001EA804F017FF834600EBDB70BDF81E
:10ED5000781001EB600000B201901EA804F0ADFE37
:10ED6000834600EBDB70BDF87A1001EB600000B267
:10ED70000090BDF87C00ADF83400BDF87C00001BAD
:10ED8000401C00B2ADF83000BDF87A00ADF832009A
:10ED9000BDF87A002044401E00B2ADF83600BDF93F
:10EDA00030100198814202DDBDF9300000E0019889
:10EDB000ADF83000BDF936100098814202DABDF995
:10EDC000360000E00098ADF8360022980CA9826861
:10EDD0000AA8F8F740F8002866D00FFA88F219A9B7
:10EDE0000AA8F8F779F800285ED10AA804F0C3FE53
:10EDF00083465646BDF92A00BDF97A10401A00FB39
:10EE00000466BDF92810BDF97C00001B401C081ADF
:10EE10000644B9F1000F09D00FFA88F219A90AA81F
:10EE2000F8F7D5F810B10120099001E0CDF8249051
:10EE3000BBF1000F37DD0E980590BDF82800ADF846
:10EE40003000BDF82C00ADF8340002208DF8180019
:10EE5000BDF92A5023E0ADF83250ADF8365009988C
:10EE6000A8B9224631460E980BF0D2FCBDF9281005
:10EE70005B462A460E9806F0C9FD8DF818009DF8ED
:10EE80001800012804D102208DF8180000E0059632
:10EE900002A9229807F0C2FC2644681C05B2BDF9FD
:10EEA0002E00A842D7DA00BFBDF87C00ADF83400D0
:10EEB000BDF87C00001B401C00B2ADF83000BDF86E
:10EEC0007E00001B401C00B2ADF83200BDF87E0091
:10EED000ADF83600BDF930100198814202DDBDF970
:10EEE000300000E00198ADF83000BDF93210009814
:10EEF000401C814202DDBDF9320001E00098401C57
:10EF000000B2ADF8320022980CA982680AA8F7F77F
:10EF1000A2FF002866D00FFA88F219A90AA8F7F70D
:10EF2000DBFFA8BB0AA804F026FE83465646BDF9BF
:10EF30003600BDF92E10401A00FB0466BDF92810FA
:10EF4000BDF97C00001B401C081A0644B9F1000FF3
:10EF500009D00FFA88F219A90AA8F8F738F810B101
:10EF60000120099001E0CDF82490BBF1000F38DDBD
:10EF70000E980590BDF82800ADF83000BDF82C00C3
:10EF8000ADF8340002208DF81800BDF92E5024E0B1
:10EF900028E0ADF83250ADF836500998A8B92246AD
:10EFA00031460E980BF034FCBDF928105B462A461A
:10EFB0000E9806F02BFD8DF818009DF8180001281A
:10EFC00004D102208DF8180000E0059602A92298CD
:10EFD00007F024FC2644681E05B2BDF92A00A842A9
:10EFE000D7DD00BFBDF87800204400B2ADF8300096
:10EFF000BDF87C00001B00B2ADF83400BDF87A000B
:10F00000ADF83200BDF87A002044401E00B2ADF8E1
:10F010003600BDF936100098814202DABDF936009B
:10F0200000E00098ADF8360022980CA982680AA882
:10F03000F7F711FF002870D00FFA88F219A90AA873
:10F04000F7F74AFF002868D10AA804F094FD834628
:10F050005646BDF92A00BDF93210401A00FB04667D
:10F06000B9F1000F09D00FFA88F219A90AA8F7F729
:10F07000AEFF10B10120099001E0CDF82490BBF162
:10F08000000F49DD099810B90E98059001E00020A5
:10F090000590BDF82800ADF83000BDF82C00ADF8A3
:10F0A0003400BDF92A5033E0ADF83250ADF8365097
:10F0B0000998C8B931785A460E980BF0F1FCBDF9A1
:10F0C00028105B462A460E9806F0A0FC8DF8180022
:10F0D0009DF81800012802D102208DF8180002A91D
:10F0E000229807F09BFB10E01D98FF2801D1307893
:10F0F00005E0307897F8361010FB01F000128DF81B
:10F10000200002A9229807F089FB2644681C05B25A
:10F11000BDF92E00A842C7DA00BF97F836008DF877
:10F120002000BDF87800204400B2ADF83000BDF8F2
:10F130007C00001B00B2ADF83400BDF87E00001B5F
:10F14000401C00B2ADF83200BDF87E00ADF83600CC
:10F15000BDF932100098401C814202DDBDF9320039
:10F1600001E00098401C00B2ADF8320022980CA9D2
:10F1700082680AA8F7F76FFE00287DD00FFA88F2A0
:10F1800019A90AA8F7F7A8FE00287AD10AA804F05E
:10F19000F2FC83465646BDF93600BDF92E10401AE2
:10F1A00000FB0466BBF1000F6ADDB9F1000F09D066
:10F1B0000FFA88F219A90AA8F7F709FF10B1012080
:10F1C000099001E0CDF82490099810B90E980590A7
:10F1D00001E000200590BDF82800ADF83000BDF832
:10F1E0002C00ADF83400BDF92E5042E0ADF832509D
:10F1F000ADF83650B9F1000F09D00FFA88F219A90D
:10F200000AA8F7F7E4FE10B10120099001E0CDF85B
:10F2100024900998C8B931785A460E980BF040FCF2
:10F22000BDF928105B462A460E9806F0EFFB8DF8D4
:10F2300018009DF81800012802D102208DF818004E
:10F2400002A9229807F0EAFA10E01D98FF2801D1E0
:10F25000307805E0307897F8361010FB01F0001296
:10F260008DF8200002A9229807F0D8FA2644681EDB
:10F2700005B2BDF92A0001E003E001E0A842B5DDD6
:10F2800000BF97F836008DF82000BDF87C00001B09
:10F29000401C00B2ADF83000BDF87C00ADF8340081
:10F2A000BDF87A00204400B2ADF83200BDF87E000F
:10F2B000001B00B2ADF83600BDF932100098401CBA
:10F2C000814202DABDF9320001E00098401C00B230
:10F2D000ADF83200BDF936100098814202DDBDF96B
:10F2E000360000E00098ADF83600BDF93010019806
:10F2F000814202DDBDF9300000E00198ADF8300038
:10F3000022980CA982680AA8F7F7A5FDE0B30FFAC6
:10F3100088F219A90AA8F7F7DFFDA8BB0AA804F02C
:10F320002AFC83465646601E00FB0466BDF9281081
:10F33000BDF97C00001B401C081A0644B9F1000FFF
:10F3400009D00FFA88F219A90AA8F7F740FE10B100
:10F350000120099001E0CDF82490099808B13046C9
:10F3600000E00E980590BBF1000F33DDBDF82800DA
:10F37000ADF83000BDF82C00ADF8340002208DF857
:10F380001800BDF92A5021E025E0ADF83250ADF863
:10F3900036500998A0B95A4631460E980BF038FA03
:10F3A000BDF928105B462A460E9806F02FFB8DF813
:10F3B00018009DF81800012802D102208DF81800CD
:10F3C00002A9229807F02AFA681C05B2BDF92E009E
:10F3D000A842DADA00BF5646002515E03046331958
:10F3E000591E002208E0037891F800C080F800C0A0
:10F3F0000B70401C491E521C04EBD47CB2EB6C0F0A
:10F40000F1DB2644681C05B2A542E7DBBDF87800B5
:10F41000ADF83000BDF878002044401E00B2ADF8D1
:10F420003400BDF87A00204400B2ADF83200BDF8D7
:10F430007E00001B00B2ADF83600BDF93210009816
:10F44000401C814202DABDF9320001E00098401C04
:10F4500000B2ADF83200BDF936100098814202DDED
:10F46000BDF9360000E00098ADF83600BDF9341063
:10F470000198401E814202DABDF9340001E0019892
:10F48000401E00B2ADF8340022980CA982680AA888
:10F49000F7F7E1FCD0B30FFA88F219A90AA8F7F739
:10F4A0001BFD98BB0AA804F066FB83465646601E07
:10F4B00000FB0466BDF92800BDF93010401A06446F
:10F4C000B9F1000F09D00FFA88F219A90AA8F7F7C5
:10F4D0007EFD10B10120099001E0CDF8249009983B
:10F4E00008B1304600E00E980590BBF1000F33DD07
:10F4F000BDF82800ADF83000BDF82C00ADF83400A0
:10F5000002208DF81800BDF92A5021E025E0ADF861
:10F510003250ADF836500998A0B95A4631460E9887
:10F520000BF076F9BDF928105B462A460E9806F0D6
:10F530006DFA8DF818009DF81800012802D10220FC
:10F540008DF8180002A9229807F068F9681C05B226
:10F55000BDF92E00A842DADA00BFBDF87800ADF898
:10F560003000BDF878002044401E00B2ADF83400F1
:10F57000BDF87A00ADF83200BDF87A002044401E94
:10F5800000B2ADF83600BDF934100198401E81423A
:10F5900002DABDF9340001E00198401E00B2ADF876
:10F5A0003400BDF936100098814202DABDF9360008
:10F5B00000E00098ADF8360022980CA982680AA8ED
:10F5C000F7F749FCD0B30FFA88F219A90AA8F7F7A0
:10F5D00083FC98BB0AA804F0CEFA83465646BDF9D0
:10F5E0002A00BDF93210401A00FB0466BDF928005C
:10F5F000BDF93010401A0644B9F1000F09D00FFAD6
:10F6000088F219A90AA8F7F7E2FC10B101200990C5
:10F6100001E0CDF824900E980590BBF1000F36DD87
:10F62000BDF82800ADF83000BDF82C00ADF834006E
:10F6300002208DF81800BDF92A5024E028E0ADF82A
:10F640003250ADF836500998A8B9224631460E9886
:10F650000BF0DEF8BDF928105B462A460E9806F03E
:10F66000D5F98DF818009DF81800012804D1022062
:10F670008DF8180000E0059602A9229807F0CEF850
:10F680002644681C05B2BDF92E00A842D7DA00BF97
:10F69000BDF87800ADF83000BDF878002044401E79
:10F6A00000B2ADF83400BDF87E00001B401C00B273
:10F6B000ADF83200BDF87E00ADF83600BDF932106D
:10F6C0000098401C814202DDBDF9320001E0009843
:10F6D000401C00B2ADF83200BDF934100198401E54
:10F6E000814202DABDF9340001E00198401E00B207
:10F6F000ADF8340022980CA982680AA8F7F7ABFB92
:10F70000D0B30FFA88F219A90AA8F7F7E5FB98BB5E
:10F710000AA804F030FA83465646BDF93600BDF912
:10F720002E10401A00FB0466BDF92800BDF9301008
:10F73000401A0644B9F1000F09D00FFA88F219A94E
:10F740000AA8F7F744FC10B10120099001E0CDF8B8
:10F7500024900E980590BBF1000F36DDBDF828000F
:10F76000ADF83000BDF82C00ADF8340002208DF863
:10F770001800BDF92E5024E028E0ADF83250ADF865
:10F7800036500998A8B9224631460E980BF040F839
:10F79000BDF928105B462A460E9806F037F98DF819
:10F7A00018009DF81800012804D102208DF81800D7
:10F7B00000E0059602A9229807F030F82644681E5A
:10F7C00005B2BDF92A00A842D7DD00BFBDF8780018
:10F7D000204400B2ADF83000BDF87C00001B00B240
:10F7E000ADF83400BDF87A00204400B2ADF8320024
:10F7F000BDF87E00001B00B2ADF836000E980590F3
:10F8000022980CA982680AA8F7F725FBA0B30FFA83
:10F8100088F219A90AA8F7F75FFB68BB0AA804F0E9
:10F82000AAF98346BBF1000F25DDBDF82800ADF82D
:10F830003000BDF82C00ADF83400BDF92A5016E0B8
:10F84000ADF83250ADF8365059460E980BF099F994
:10F85000BDF928105B462A460E9806F0D7F88DF8B9
:10F86000180002A9229806F0D9FF681C05B2BDF95C
:10F870002E00A842E4DA00BFB9F1000F05D110A8AC
:10F8800006F0F0F80F9806F071FD50460AF054FFAC
:10F890000E980AF051FF00BFFFF74EB910B553485C
:10F8A0000078012803D052480078012871D1002443
:10F8B0004E480078012804D1012400204B490870EB
:10F8C00007E04B480078012803D1841E00204849F6
:10F8D000087048480078012806D0022829D003285B
:10F8E0004CD0042871D166E004EBC40000EB041096
:10F8F0004149098801EB80003F490880084600889B
:10F9000048F6A041884201DD084601E03A480088F7
:10F91000394908800846008840F6C411884201DA57
:10F92000084601E0344800883349088011F008FF98
:10F930004CE004EBC40000EB04103049098801EBF3
:10F9400080002E4908800846008841F27071884284
:10F9500001DD084601E0294800882849088008465A
:10F960000088B0F5967F02DA4FF4967001E02348E4
:10F9700000882249088011F047FB27E020480088D2
:10F9800020441F49088008460088782802DD782036
:10F9900002E029E01A4800881949088008460088D2
:10F9A000012801DA012001E0154800881449088087
:10F9B00011F0F6FB0AE01348007810B118F0F6F9E0
:10F9C00001E018F011FA01E0FFE700BF00BFF9F70E
:10F9D000CBFE01200C4988710C480068086001F0DA
:10F9E00037F914F0E5F900BF10BD00000101002057
:10F9F00002010020D5000020D6000020D800002001
:10FA0000DA000020040000206C000020100100201B
:10FA100030B502460B46002017E000EB40040C4DC9
:10FA200005EB440132F810400D88AC4203DA8C88B3
:10FA300022F8104007E032F810404D88AC4202DD59
:10FA40008C8822F81040411C88B29842E5DB30BD1A
:10FA5000B801002010B5028802F13203642493FB40
:10FA6000F4F303EBC30404EB03134FF6FF7404EA4F
:10FA700083033D4C238023461B883C4C23804188D4
:10FA800001F13203642493FBF4F303EBC30404EBAE
:10FA900003134FF6FF7404EA8303354C23808388F5
:10FAA000344C2380C38800EE103AB8EE400ADFEDF4
:10FAB000320A80EE201A314B83ED001A038900EEE2
:10FAC000103AB8EE400ADFED2C0A80EE201A2C4BDB
:10FAD00083ED001A438900EE103AB8EE400ADFEDDC
:10FAE000260A80EE201A274B83ED001A838900EE48
:10FAF000103AB8EE400ADFED200A80EE201A224BC1
:10FB000083ED001AC38900EE103AB8EE400ADFED2B
:10FB10001A0A80EE201A1D4B83ED001A038A00EEAC
:10FB2000103AB8EE400ADFED140A80EE201A184BA6
:10FB300083ED001A837C174C2370838A00EE103A01
:10FB4000B8EE400ADFED0C0A80EE201A124B83ED6E
:10FB5000001AC38A114C2380038B114C2380438BE2
:10FB6000104C238010BD0000D6000020240400208B
:10FB7000D8000020DA00002000007A44DC000020D9
:10FB8000E0000020E4000020E8000020EC0000205D
:10FB9000F400002004000020F000002006010020F6
:10FBA000080100200A01002010B50446207EC0F3A1
:10FBB000800008B1002010BD207A232802D024281C
:10FBC00003D100E000BF0120F5E700BF00BF4FF404
:10FBD000804160680DF08DFB08B90020EBE7207ACA
:10FBE00011381C2823D2DFE800F00E0F1011121379
:10FBF000141516171822221922221A1D1B1C222244
:10FC000022221E1F222000BF00BF00BF00BF00BF76
:10FC100000BF00BF00BF00BF00BF00BF00BF00BFEC
:10FC200000BF00BF00BF00BF00BF0020C3E701202E
:10FC3000C1E72DE9F041044609F08EFB07469FB16C
:10FC40003868806818B1217A386882689047207EC9
:10FC5000C0F3400010B10120BDE8F081207E00F02B
:10FC6000010008B10020F7E70126002160680CF0D0
:10FC7000A5F805464FF0000827E02868F0B1287A7B
:10FC800000F08000802819D1287A802805D0287AB1
:10FC900020F08000217A884210D16868E060204618
:10FCA00029688847207EC0F3400008B10120D3E7CF
:10FCB000207E00F0010008B10020CDE708F1010826
:10FCC000414660680CF07AF805460DB1012ED4D09B
:10FCD000214600200BF07AFF06460EB9002003E013
:10FCE000002160680CF06AF805464FF0000823E038
:10FCF0002868D0B1287A00F08000B0B9287A18B10D
:10FD0000287A217A884210D16868E0602046296804
:10FD10008847207EC0F3400008B101209CE7207E88
:10FD200000F0010008B1002096E708F10108414603
:10FD300060680CF043F805460DB1012ED8D0012EB5
:10FD400011D16068406870B12046FFF72DFF50B1B7
:10FD50006068406860602046FFF76BFF0646012E32
:10FD600001D0002078E7304676E7002141724160FB
:10FD70000121017201707047064909680140814202
:10FD800004D10449091D0860086002E00149091D09
:10FD90000860704710040140014600200022044B17
:10FDA0001B6803EA01020AB1012000E0002070474D
:10FDB00014040140014600204868234A1268824327
:10FDC000214B1A601A1D126882431B1D1A604A7A61
:10FDD0000AB30A782AB91A1F126802431B1F1A6055
:10FDE00006E0194A121D12680243174B1B1D1A60C8
:10FDF000154A083212688243134B08331A601A1DE1
:10FE0000126882431B1D1A600A7A2AB91A1F1268E7
:10FE100002431B1F1A6016E00A7A012A07D10A4A18
:10FE20000C3212680243084B0C331A600BE0064A8E
:10FE3000083212680243044B08331A601A1D126814
:10FE400002431B1D1A60704700040140012905D1BF
:10FE5000054A12680243044B1A6004E0024A126821
:10FE60008243014B1A6070470004014010B50446FC
:10FE700014480068201A13498988884220D91148FB
:10FE800004601148007860B110480088352817DAFE
:10FE90004FF400410E4801F07BFF00200A49087032
:10FEA0000EE00948007858B908480088372807DD6F
:10FEB0004FF40041064801F06DFF0120024908702F
:10FEC00010BD00008400002018000020A6000020C3
:10FED000001001402DE9FF4F87B005468B46914643
:10FEE000DDE914A6584603F02AFE0690584603F0B2
:10FEF000D6FD05901798012804D0022804D00328C5
:10FF000006D103E0494F08E0494F06E0494F04E0BD
:10FF100000BF00BF0BB0BDE8F08F00BF8EBB2888CC
:10FF2000049028885246014602900A98B8470390E8
:10FF30004FF0000821E0002418E0BDF8100035F86B
:10FF4000141088420CD005EB44000088049005EBA7
:10FF5000440000885246014602900A98B847039030
:10FF600005EB4400BDF80C100180641C0698844227
:10FF7000E3DB05EB490508F1010805988045DADB6C
:10FF800051E0FFE700200290288804903078FD2897
:10FF900001DB504603E0307800FB0AF0000A0190D4
:10FFA000019A04990A98B84703904FF0000836E088
:10FFB00000242BE0305D00B927E0315D02988142DA
:10FFC00005D1BDF8100035F81410884217D0305D07
:10FFD000FD2801DB504603E0305D00FB0AF0000A1B
:10FFE000019005EB4400008800900146019A0A98B0
:10FFF000B8470390305D029035F81400049005EB8B
:020000040801F1
:100000004400BDF80C10018000BF641C06988442B7
:10001000D0DB05EB49051698064408F10108059860
:100020008045C5DB00BF00BF74E700003DB000089D
:10003000D9B1000803B100082DE9FF4F87B004468D
:100040009246DDE91485089803F079FD8146089809
:1000500003F025FD8346002D7ED1B8F1FD0F0CDBAA
:10006000002707E04A4620460A9903F060FF04EBA8
:100070004A047F1C5F45F5DB93E100BF0021084681
:100080000A464FEA501CBDF800306CF302034FEAF9
:10009000D10C0093BDF800306CF3C7034FEAD20CCB
:1000A0000093BDF800306CF30C2300938308BDF877
:1000B00000C063F34F3CCDF800C0BDF800C06346FC
:1000C0000193BDF8041008460690424606990A9826
:1000D00004F08EF8059008F104004FEAD0084FEACA
:1000E000C8604FEA10680A9A404603A90192BDF819
:1000F0000420C2F3C40212FB00F20A80BDF80420FF
:100100005207920EBDF8043002EB533212FB00F29C
:100110004A80BDF80420C2F3042212FB00F28A8058
:1001200000BFC8F1FF000290002722E000261BE07C
:10013000BDF8180034F8161088420FD004EB4600C2
:100140000088069004EB460000880190014603A851
:10015000029A04F083F900E00EE0059004EB4600FB
:10016000BDF814100180761C4E45E1DB04EB4A0417
:100170007F1C5F45DADB14E1BDF8280000EB00408E
:100180000690B8F1FD0F6FDBA9F104000590002780
:10019000B4E0002614E02878FF2803D1BDF8280039
:1001A00020800AE02A782088014603900A9804F00B
:1001B0001FF80490BDF8100020806D1CA41C761C54
:1001C0004E4503DA05F003000028E4D172E0286808
:1001D00004900498401CA8B904F0030048B1BDF88D
:1001E00028102180A01C06990160BDF82810E1802C
:1001F00005E02046069901600699416000BF083479
:100200002D1D56E00498002851D02878FF2803D1EE
:10021000BDF8280020800AE02A7820880146029054
:100220000A9803F0E5FF0390BDF80C0020806D1CD8
:10023000A41C2878FF2803D1BDF8280020800AE0FC
:100240002A782088014602900A9803F0D1FF039093
:10025000BDF80C0020806D1CA41C2878FF2804D158
:10026000BDF8280020800BE04CE02A782088014669
:1002700002900A9803F0BCFF0390BDF80C002080A8
:100280006D1CA41C2878FF2803D1BDF8280020800D
:100290000AE02A782088014602900A9803F0A8FF15
:1002A0000390BDF80C0020806D1CA41C01E02D1DE6
:1002B0000834361D0598864289DD14E02878FF2829
:1002C00003D1BDF8280020800AE02A782088014662
:1002D00003900A9803F08CFF0490BDF81000208072
:1002E0006D1CA41C761C4E45E8DBAAEB090004EB50
:1002F00040041698A0EB090005447F1C5F45FFF6FB
:1003000048AF4DE00020039020880590208804909D
:1003100000200290002740E0002635E0287888B3CE
:1003200029780398814209D02878FF2801D14046D6
:1003300003E0287800FB08F0000A0290297803986F
:10034000814205D1BDF8140034F81610884214D04B
:100350000298FF2802D10A98049009E004EB4600B5
:10036000008801900146029A0A9803F041FF049028
:100370002878039034F81600059004EB4600BDF889
:10038000101001806D1C761C4E45C7DB04EB4A043F
:100390001698A0EB090005447F1C5F45BCDB00BF3D
:1003A00000BF0BB0BDE8F08F2DE9FF4F85B081464F
:1003B0000C46DDE912A7F7F7F7FD804607BBB4F955
:1003C000026018E0B4F9005010E0CDF808A0BDF8C4
:1003D0002000ADF8040030B20090D8F800002BB235
:1003E000D0F81CC04946079AE0476D1CB4F90400D8
:1003F000A842EADA761CB4F90600B042E2DA2EE04E
:10040000204603F09CFB8346204603F048FB049003
:10041000002620E0002519E0785DB0B1785D00FB92
:100420000AF0000A0290BDF82000ADF804006088D0
:10043000304400B20090218829440BB2D8F8000063
:10044000D0F81CC04946079AE0476D1C5D45E3DBC8
:1004500014980744761C04988642DBDB00BF09B081
:10046000BDE8F08F10B502460B4610681C68A0422C
:1004700001D1012010BD0020FCE710B502460B465B
:10048000506820F040401C68A04203D2506820F021
:1004900040401860002010BD2DE9FF4F87B00E4688
:1004A0009046DDE91494002107980CF0E0FD0690D9
:1004B000002107980CF0B6FB0590F078C0F34000DF
:1004C000A8B1F07800F0010020B142F2D171069895
:1004D000884208D0F07800F0010040B942F2D171B2
:1004E0000598884203D1F07820F00200F070F0788F
:1004F00000F0010008B1944800E094480490F078BE
:1005000000F0010008B9904800E0904882460020C1
:100510006080A08020612080A060E060CDF80C8029
:10052000039907980BF077FB0546DCE003984045FC
:1005300006D04FF4000128460CF0DBFE00B1D5E0F8
:10054000834928460CF0E0FE00287DD10021284692
:100550000CF04CFB02900298002876D02069401CD9
:100560002061A088484400B2A080207D00F00100F6
:1005700000286BD0216901EB810188000AF060F846
:10058000074600BF1FB900BF00BF00BFFEE700BFA6
:100590001FB903980BB0BDE8F08FE06858B120692F
:1005A000401E00EB800082003846E1680AF030F916
:1005B000E0680AF0C1F82069401E00EB800047F8AF
:1005C0002050F07800F0010050B14FF0000B0222F3
:1005D000594628460CF050FC0190019800B20AE000
:1005E0004FF0000B0522594628460CF045FC0190BF
:1005F000019800B200BF2169491E01EB810107EBA0
:1006000081018880F07800F0010050B14FF0000BBC
:100610000322594628460CF02FFC0190019800B2A5
:100620000AE04FF0000B0622594628460CF024FC45
:100630000190019800B200BF2169491E01EB8101C0
:1006400007EB8101C88002E039E012E027E0029860
:100650002169491E01EB810107EB8101C86000217E
:100660002069401E00EB800007EB80000161E7601D
:1006700015E02846049988470746F078C0F3400003
:1006800030B1B4F90400C1190A98814200DD2DE0AF
:10069000A08807EB0901084400B2A08000BF2846EB
:1006A000D047B4F90010884202DD2846D04701E067
:1006B000B4F900002080A068401CA06000BFF07862
:1006C000C0F3800010B14FF0FF3000E0012003992B
:1006D000084403900398002800DA07E0039907987C
:1006E0000BF099FA0546002D7FF420AF00BFB4F956
:1006F0000400002804DDA088A0EB090000B2A0805F
:10070000206908B10A9801E0B4F904006080CDB115
:100710000398404516D1079880680068039950F8FF
:100720002150F078C0F3800103AA079801F066F920
:1007300045B12846D04720802846049988476080E4
:100740000120A060039825E7E1D20108FDBD010862
:100750000100060003200B49C96801F0010109B13D
:1007600000200EE00749C968C1F3800109B10120EA
:1007700007E00449C968C1F3001109B1022000E093
:10078000032070470020024000B502460323FFF714
:10079000E1FF034603E0FFF7DDFF0346521E0BB9FE
:1007A000002AF8D102B90423184600BD03200B49E2
:1007B000C96C01F0010109B100200EE00749C96CC4
:1007C000C1F3800109B1012007E00449C96CC1F3FC
:1007D000001109B1022000E0032070470020024010
:1007E00000B502460323FFF7E1FF034603E0FFF7EE
:1007F000DDFF0346521E0BB9002AF8D102B90423CB
:10080000184600BD00F0E04120F0E04031B1B1F108
:10081000805F06D0B1F1005F0AD105E0064AD060E2
:1008200007E0054AD06404E0034A8C32106000E01F
:1008300000BF00BF704700000020024070B50446B2
:100840000D460326B4F1006F16D32848844213D80E
:100850002748006920F00100401C254908612580D7
:100860004FF48010FFF790FF06462148006920F002
:1008700001001F49086136E01C48401C844216D321
:10088000B4F1016F13D21A48006D20F00100401C32
:100890001749086525804FF48010FFF7A1FF064631
:1008A0001348006D20F00100114908651BE0B4F108
:1008B000046F18D30E489030006820F00100401CEF
:1008C0000B499031086025804FF4801000F0F2F859
:1008D00006460748D0F8900020F001000449C1F80E
:1008E000900000F0C1F8304670BD0000FFFF07081F
:1008F000002002400648006920F080008030044952
:1009000008610846006D20F080008030086570475F
:100910000020024003200B49C96801F0010109B120
:1009200000200EE00749C968C1F3800109B1012028
:1009300007E00449C968C1F3001109B1022000E0D1
:10094000032070470020024000B502460323FFF752
:10095000E1FF034603E0FFF7DDFF0346521E0BB93C
:10096000002AF8D102B90423184600BD10B50B4681
:10097000002105E0048823F81140801C4C1CA1B222
:100980009142F7DB10BD000030B504460325B4F1F9
:10099000006F1BD33248844218D83248006920F0D7
:1009A0000200801C2F49086108464461006920F05C
:1009B0004000403008614804FFF7E6FE054629483C
:1009C000006920F002002749086146E02448401CE5
:1009D00084421BD3B4F1016F18D22248006D20F07D
:1009E0000200801C1F49086508464465006D20F020
:1009F0004000403008654804FFF7F2FE05461948FC
:100A0000006D20F002001749086526E0B4F1046F7C
:100A100023D314489030006820F00200801C114954
:100A2000C1F890000846C0F894400E489030006825
:100A300020F0400040300B49903108604FF0FF300B
:100A400000F038F805460748D0F8900020F0020082
:100A500004499031086000F007F8284630BD0000D6
:100A6000FFFF0708002002404FF0046000680248C2
:100A700000680248006870470010400800204008E5
:100A800003200B49096801F0010109B100200EE0C3
:100A900007490968C1F3800109B1012007E0044951
:100AA0000968C1F3001109B1022000E0032070477A
:100AB0008C20024000B502460323FFF7E1FF034606
:100AC00003E0FFF7DDFF0346521E0BB9002AF8D101
:100AD00002B90423184600BD04480549486005488A
:100AE00048600248486403484864704723016745EA
:100AF00000200240AB89EFCD2DE9F84F81468A46B0
:100B000016464FF00308FFF7E7FFA9F100600090D9
:100B10000098C70A0098C0F3490BCBF58064A64241
:100B200000DC344670E04FF0006101EBC7204A144E
:100B30003849FFF71BFF00250BE00BEB050035499B
:100B400031F810004FF6FF71884200D003E0681CB6
:100B500085B2A542F1DB00BFA54239DA4FF08040F3
:100B6000FFF7F2FE8046B8F1010F02D0B8F1020F94
:100B700003D11420FFF746FE05E0B8F1040F02D1BF
:100B80000020BDE8F88F4FF0006101EBC720FFF7B0
:100B9000FBFE8046B8F1030F01D00020F1E70025ED
:100BA00008E03AF8150005EB0B011A4A22F811008B
:100BB000681C85B2A542F4DB4FF0006101EBC72051
:100BC0004A14144900F028F801280AD00020D8E778
:100BD00022465146484600F01FF8012801D0002067
:100BE000CFE7A64200D110E07F1C4FF0000B0AEBCC
:100BF000440A09EB4409301B86B2B6F5806F02DD6A
:100C00004FF4806400E034468DE700BFFFF772FECA
:100C10000120B6E7741000202DE9F04105460E468C
:100C200017464FF0030800240EE036F8141028464B
:100C3000FFF704FE8046B8F1030F02D00020BDE8A4
:100C4000F081AD1C601C84B2BC42EEDB0120F6E7F3
:100C5000012003498871034800680860704700005C
:100C60004C000020100100202DE9F04F97B0044601
:100C700000BF00BF4FF0000BDC48028859462046F9
:100C80000CF0FAF80A900A98C6B200BFF0439DF83B
:100C90005B1060F300018DF85B10B0089DF85B10ED
:100CA00060F341018DF85B10F0089DF85B1060F374
:100CB00082018DF85B1000BFCD480288594620465E
:100CC0000CF0DAF80A900A98C0B28DF8580000BF0C
:100CD000C8480288594620460CF0CEF80A900A9877
:100CE000C0B28DF8590000BFC3480288594620465B
:100CF0000CF0C2F80A900A98C0B28DF85A00002190
:100D000020460BF0FBFE012800D100E000201590EA
:100D10009DF85B0000F0010020B9002120460CF096
:100D200033F803E0002120460CF076F814909DF88B
:100D30005B0000F0010020B1002120460CF024F8F7
:100D400003E0002120460CF067F813909DF85B004B
:100D500000F0010018B120460AF0DAFF02E0204658
:100D60000AF0B7FF12904FF0000B3222594620468E
:100D70000CF082F80A900A9800B2119000BF10227D
:100D8000594620460CF078F80A900A98E18A014406
:100D9000119801EB000B20460BF010FAABEB0000B2
:100DA00000B210904FF0000B1222594620460CF072
:100DB00063F80A900A98A18A0144119801EB000B8C
:100DC00020460BF0F1F9ABEB000000B20F909DF85C
:100DD0005A709DF85B0000F0010008B110A800E017
:100DE0000FA80546002120460CF041F90E90002185
:100DF00020460BF017FF0D909DF85B0000F00100FE
:100E000040B142F2D1710D98884203D1608CC0F399
:100E1000802068B19DF85B0000F0010048B942F203
:100E2000D1710E98884204D1608CC0F3C02000B903
:100E30000027159850B19DF85B0000F0010028B91B
:100E40000FB9012702E0012F00D100274FF0000861
:100E500000200C900B90002F49D09DF85B00C0F350
:100E6000800018B1A0684068401E00E00020814664
:100E700017E000200A9005A91398CDE900014A4621
:100E800016A92046129BFFF707FB8246BDF81410F7
:100E90001498084440440FFA80F80B98401C0B90BB
:100EA000D146A0684068484502DDB9F1000FE0DA9C
:100EB0000B9820B11498A8EB00000FFA80F89DF869
:100EC0005B0000F0010018B120460AF002FF02E0CA
:100ED00020460AF01DFF83460CA8CDE900500B9870
:100EE00003B242465946384611F0C8FE00BF9DF88D
:100EF0005B00C0F3800018B1A0684068401E00E0AD
:100F000000208146159840B19DF85B0000F001007B
:100F100018B92888404400B228804DE001200A908A
:100F200005A91398CDE900014A4616A92046129B4F
:100F3000FFF7B2FA8246159850B19DF85B0000F0B9
:100F4000010028B92888BDF81410401A00B2288082
:100F500005AABDF94030DDE91210CDE90131CDE936
:100F60000302BDF93C0053464A4616A900902046AC
:100F7000F9F7DCFBD146089809F0DEFB0020089069
:100F8000159868B19DF85B0000F0010040B9298810
:100F9000BDF8302014981044081A00B228800AE0E6
:100FA0002988BDF81400BDF830200244149810447C
:100FB000084400B2288000BFA0684068484502DDB0
:100FC000B9F1000FAADA42F2D1710E98884202D02C
:100FD0000D98884202D120460CF0A1FF00222B215F
:100FE000204606F0B9FD17B0BDE8F08F6202002080
:100FF0006402002066020020680200202DE9FE4FF6
:1010000004468946924600200290207F00F00100AD
:1010100010B10298BDE8FE8FE56800264FF0010B85
:101020000120019000BF95B9207FC0F3C00000B936
:101030005EB9019808B90298ECE72046C847054612
:101040004FF0000B0020019001E00298E2E71EB98A
:101050002E460EB90298DDE7BBF1000F07D02946F6
:101060002046D0470546B54201D10298D2E74FF05D
:10107000010B05B9D7E728680BF000FD00F08000F0
:1010800000B1D0E72F6809E0012138460CF031F9B2
:1010900000B105E038460AF001FF0746002FF3D102
:1010A00000BF2FB1012138460CF023F900B1BAE797
:1010B00000BF00BFE068A84201D10298AAE7E0683B
:1010C00098B1204600F02CFB0090E16808680F21E1
:1010D000009A06F041FD0746012F01D0029899E7DA
:1010E000E16808680CF044FB00BFE560204600F0B2
:1010F00017FB0746E1683A4608680E2106F02CFD0A
:101100008046B8F1010F01D0029883E7E1680868D2
:101110000CF02EFB206910B1204621698847012080
:101120000290029876E7000070B504460D4600BFB5
:101130008021054816F02AFA0028F9D0E1B20248C9
:1011400016F008FA204670BD003801402DE9F04144
:101150000446204600F060F9054611480068001B6F
:10116000461B0F480068401B0D490860B6B1274672
:1011700061193246204609F04BFB06E0A068401B8F
:10118000A060204600F048F9044405480068844205
:10119000F4D1B819294609F0BDFC00BFBDE8F081C3
:1011A0005002002010B5BCB004468048008800EE14
:1011B000100AB8EE400ADFED7E0A80EE201A7D4864
:1011C00080ED001A7C48008800EE100AB8EE400A54
:1011D000DFED770A80EE201A784880ED001A784813
:1011E00090ED000AB8EE400ADFED710A80EE201A99
:1011F000744880ED001A7448008800EE100AB8EEBA
:10120000400ADFED6B0A80EE201A704880ED001A6C
:101210006F48008800EE100AB8EE400ADFED640A5D
:1012200080EE201A6B4880ED001A6B4890ED000AA2
:10123000B8EE400ADFED5E0A80EE201A674880EDC6
:10124000001A674890ED000ADFED660A20EE200ADA
:10125000BDEEC00A644880ED000A64480088644915
:101260000880644890ED000A634880ED000A6348F6
:1012700090ED000A624880ED000A624800786249F9
:10128000086062480078624908601422614937A802
:10129000F3F7C7FF142237A92046F3F7C2FF142241
:1012A0005C49143132A8F3F7BCFF142232A904F1CF
:1012B0001400F3F7B6FF1422564928312DA8F3F78E
:1012C000B0FF14222DA904F12800F3F7AAFF14227D
:1012D00050493C3128A8F3F7A4FF142228A904F1AF
:1012E0003C00F3F79EFF14224A49503123A8F3F73C
:1012F00098FF142223A904F15000F3F792FF14225F
:10130000444964311EA8F3F78CFF14221EA904F18E
:101310006400F3F786FF14223E49783119A8F3F7E9
:1013200080FF142219A904F17800F3F77AFF142240
:1013300038498C3114A8F3F774FF142214A904F16E
:101340008C00F3F76EFF14223249A0310FA8F3F797
:1013500068FF14220FA904F1A000F3F762FF142222
:101360002C49B4310AA8F3F75CFF14220AA904F14E
:10137000B400F3F756FF14222649C83105A8F3F745
:1013800050FF142205A904F1C800F3F74AFF142204
:101390002049DC316846F3F744FF1422694604F122
:1013A000DC00F3F73EFF3CB010BD000096000020CB
:1013B00000007A44180100209C0000201C0100203D
:1013C000B0000020200100209A000020240100200D
:1013D000A400002028010020AC0000202C010020E7
:1013E000B80000200000C84230010020A600002004
:1013F00034010020C000002038010020BC00002083
:101400003C0100200400002040010020D400002006
:1014100044010020448C02080146B1F90C2003234A
:1014200003EB420222F0030202F1100070470000B9
:1014300038B50446002504480288294620460BF0AA
:101440001BFD0090009838BD6E02002038B50446A0
:10145000002505480288294620460BF00DFD009026
:101460000098C0B238BD00007602002038B50446AE
:10147000002505480288294620460BF0FDFC009017
:101480000098C0B238BD00007802002010B5AEB0A0
:1014900004461422354929A8F3F7C3FE142229A9CA
:1014A0002046F3F7BEFE14223049143124A8F3F786
:1014B000B8FE142224A904F11400F3F7B2FE14229A
:1014C0002A4928311FA8F3F7ACFE14221FA904F102
:1014D0002800F3F7A6FE142224493C311AA8F3F79A
:1014E000A0FE14221AA904F13C00F3F79AFE14227C
:1014F0001E49503115A8F3F794FE142215A904F1E2
:101500005000F3F78EFE14221849643110A8F3F747
:1015100088FE142210A904F16400F3F782FE14225D
:10152000124978310BA8F3F77CFE14220BA904F1C1
:101530007800F3F776FE14220C498C3106A8F3F7F5
:1015400070FE142206A904F18C00F3F76AFE14223F
:101550000649A03101A8F3F764FE142201A904F1A1
:10156000A000F3F75EFE2EB010BD0000348D02081F
:101570002DE9FC4781460E4616B90020BDE8FC87E0
:10158000D9F81040606930B160690068B04202D19A
:1015900060694068F2E70025B1E005EB8501A068CD
:1015A00050F82100371A05EB8501A06800EB810097
:1015B0008088B84200D2A0E04FF0000805EB85011A
:1015C000A06800EB8100807C022808D105EB850132
:1015D000A06800EB8100C08800EB070884E005EB01
:1015E0008501A06800EB8100807C78B905EB85025D
:1015F000A16801EB8201C86805EB8502A16801EBD7
:101600008201C988C25D01EB02086DE005EB85012E
:10161000A06800EB8100807C03282AD1B8B2019039
:101620003E48009005EB8503A06800EB8300028A2A
:1016300005EB8503A06800EB83000223816801A805
:10164000F6F7CAFD8246BAF1000F11D005EB85020C
:10165000A16801EB82018968AAEB0101481005EB42
:101660008502A16801EB8201C98801EB000800BF77
:101670003AE005EB8501A06800EB8100807C012841
:1016800032D1B8B201902548009005EB8503A068DF
:1016900000EB8300028A05EB8503A06800EB830062
:1016A0000223816801A8F6F797FD8246BAF1000F80
:1016B00019D005EB8503A26802EB83029268AAEBBE
:1016C0000202501005EB8503A26802EB8302D16889
:1016D00005EB8503A26802EB8302D28831F8103053
:1016E00002EB030800BF00BF606920B160690660BB
:1016F0006069C0F80480404640E7681C85B2608A93
:10170000C0F30800A8423FF748AF606920B16069A4
:10171000066000206169486000202FE731740208EC
:101720002DE9F041054600260027002007F01AFEAB
:10173000044616E0204607F04CFE8046606DA84245
:101740000AD1B8F1020F02D12046BDE8F081B8F10C
:10175000040F00D126462746204607F003FE044624
:1017600000BF002CE6D10EB13046EEE70FB138468F
:10177000EBE7002007F0F6FDE7E70246114600E040
:10178000096821B18869C0F30F100028F8D009B9A1
:10179000002070478869C0F30F10FAE72DE9FC5F5D
:1017A00080460D461646D8F810704FF0000A788A29
:1017B000C0F34030002840D1FC68A068800FD8B941
:1017C000D4F8009005EB062080B2019026480090E6
:1017D000A06820F040420223494601A8F6F7FCFC2D
:1017E0008346BBF1000F06D0ABEB090148106168DE
:1017F00011F900A000BF1FE00121A068B1EB907FAC
:101800001AD1D4F8009005EB0640019017480090DB
:10181000A06820F040420423494601A8F6F7DCFC0A
:101820008346BBF1000F06D0ABEB0901881061685D
:1018300011F900A000BF00BF12E0F8684368595DCD
:1018400083689A5D00290ADD002A08DD531E4C1EBC
:1018500090F80DC004FB0C33046814F903A000BF1A
:101860005046BDE8FC9F0000812E0108612E010852
:1018700070B504460E46002513E0E06800EBC50095
:101880004068C0F3006058B1E06800EBC5004068F4
:1018900020F07F40B04203D1E06850F8350070BDC1
:1018A0006D1C608CC0F30510A842E6D8608C00095E
:1018B000401C618C60F309116184628CC2F30512D3
:1018C000D100E06808F082FFE06000BFE06818B96E
:1018D00000BF00BF00BFFEE700BF608CC0F3051073
:1018E000451E1AE0681EE16801EBC0004068C0F3C5
:1018F000006038B9681EE16801EBC0004068C0F3C1
:10190000406000B10BE0E06800EBC5010246681ED4
:1019100002EBC00205CA05C16D1E002DE2D100BF59
:10192000E16801EBC500082109F0F4F8082008F08F
:101930003DFEE16841F83500E16851F835000EF0F0
:10194000ADF8E06800EBC500406820F0807000F161
:101950008070E16801EBC5014860E06800EBC500FC
:10196000406866F31700E16801EBC5014860E06874
:1019700050F8350093E700002DE9FC410746884602
:1019800016463868C068C068B0FBF8F4B44200DDA1
:101990003446194800680068806958B30020ADF8E3
:1019A0000000ADF80400ADF8020025B200BF681ECB
:1019B00000B2ADF806001049096808680E490968C8
:1019C00009688A6969469047684602F061F8A04252
:1019D00000DC03E0681E05B2002DE8DC00BF002D2E
:1019E00004DC00BF00BF0020BDE8FC81BDF906009B
:1019F000441C00BF2046F7E74802002010B503460C
:101A000069B11068401E10601068002805DB9868F6
:101A10000068146850F8240010BD0020FCE710682E
:101A2000401C106010689C686468A04205DA9868E1
:101A30000068146850F82400EEE70020ECE730B5A9
:101A40000446481CE56835F8100035F81150401B75
:101A500000B21080A06830F8110000B21880E06871
:101A600030F811006568284430BD2DE9F04F87B08B
:101A700004468946924698465046F6F79CFA01215C
:101A80008140C8B206904FF0FF300590208C049042
:101A90000498C04380B2039094F82200C0F3C000C1
:101AA0000190002531E0E06800EBC5067068C0F3E6
:101AB000406000B92EE0019800B125E0E16801EB3B
:101AC000C501496821F07F400DF075FA8346CB458A
:101AD00000D019E0306880790699084000B913E019
:101AE00002AA514630680DF0D5FE0746012F06D1F7
:101AF0000298C8F80000012007B0BDE8F08F022F5F
:101B000001D10220F8E700BF6D1C608CC0F3051006
:101B1000A842C8D800BF47E0E06850F83500807997
:101B20000699084000B93EE0E06800EBC50BE168AB
:101B300001EBC501496821F07F400DF03CFA0090AF
:101B4000E16801EBC501496821F07F400DF037FAEB
:101B500006460098484500D025E00398304000B183
:101B600021E00598864200DC1DE002AA5146DBF820
:101B700000000DF08FFE0746012F0FD1049886421A
:101B800004D10298C8F800000120B5E70598B042DA
:101B900008DA05960298C8F8000003E0022F01D188
:101BA0000220A9E700BF6D1C608CC0F30510A8429D
:101BB000B2D80598002804DB0298C8F8000001207C
:101BC0009AE7002098E72DE9FC5F83468A46904615
:101BD0001D46082001907F200090404608EBD07100
:101BE0004C1008F0010080F00109CBF15A0108B255
:101BF0000EF08EFEAAEB04014843C61158460EF0C3
:101C000087FEAAEB04014843C711002E0ADDA6F1A6
:101C10007F000612301B484400B22880301900B201
:101C2000A8800AE006F17F000612301B00B228806F
:101C30003019A0EB090000B2A880002F0ADDA7F13F
:101C40007F000712381B484400B26880381900B280
:101C5000E8800AE007F17F000712381B00B26880B5
:101C60003819A0EB090000B2E880BDE8FC9F000035
:101C700038B50446002504480288294620460BF062
:101C8000FBF80090009838BD7202002038B5044679
:101C9000002505480288294620460BF0EDF8009003
:101CA0000098C0B238BD00007C02002038B5044660
:101CB000002505480288294620460BF0DDF80090F3
:101CC0000098C0B238BD00007E02002070B5044606
:101CD0000E46002510E0E06800EBC5004068C0F348
:101CE000406040B1E06800EBC500406820F07F40F4
:101CF000B04200D105E06D1C608CC0F30510A84215
:101D0000E9D800BF608CC0F30510A84203D0E0689A
:101D100000EBC50070BD608C0009401C618C60F355
:101D200009116184628CC2F30512D100E06808F0E9
:101D30004DFDE060608CC0F30510451E09E0E068D1
:101D400000EBC5010246681E02EBC00205CA05C1D0
:101D50006D1E002DF3D10821E06808F0DBFE08209D
:101D600008F024FCE1680860E16808680DF096FE60
:101D7000E068406820F0007000F10070E1684860A1
:101D8000E068406866F31700E1684860E068C1E712
:101D900041617047016170474FF6FF71016000219A
:101DA00081710171042141710121C17170470000ED
:101DB00010B500228B071C0F0F2303FA04F28B10BF
:101DC00033B1012B13D0022B20D0032B3CD12CE0BC
:101DD0001F4B9B6893431E4CA36023469B688C0754
:101DE000240F00FA04F42343194CA3602DE0184B90
:101DF000DB689343164CE3602346DB688C07240FB3
:101E000000FA04F42343124CE3601EE0104B1B69FC
:101E100093430F4C236123461B698C07240F00FA60
:101E200004F423430A4C23610FE0094B5B6993439D
:101E3000074C636123465B698C07240F00FA04F4A6
:101E40002343034C636100E000BF00BF10BD0000EE
:101E500000000140F0B50A461588ABB29579032D14
:101E600001D100241AE0957965B9557905F00F0480
:101E70005579182D01D1036110E05579282D0DD128
:101E800043610BE0957905F00805167906F0040624
:101E90003543D67906F0030645EA0604DDB2A5B15E
:101EA000002110E001258D401D405DB105688F00C7
:101EB0000F26BE40B543056005688E0004FA06F69D
:101EC00035430560491C0829ECD3FF2B15DD1B1297
:101ED000002110E001258D401D405DB145688F0057
:101EE0000F26BE40B543456045688E0004FA06F6ED
:101EF00035434560491C0829ECD3F0BD024600205B
:101F000093680B408B4200D000E001207047000036
:101F1000F0B50C46104F07EB1062C0F30741C0F359
:101F20000725C6B2C5F12007A7EB010C4FF0FF371C
:101F300007FA0CF3C5F120077F1AFB40CB408B401A
:101F400017689F4317602CB106FA01FC176847EA2F
:101F50000C071760F0BD00000000014037B584B0E9
:101F600005461446114890F8200000F0010070B1B9
:101F7000022112200DF086F822460390059902F006
:101F8000B3F90290BDF80810084607B030BD022131
:101F900012200DF0A1F822460190059902F0A4F953
:101FA0000090BDF800100846EFE70000E065002053
:101FB0002DE9F04F064688461746DDE9095CDDE964
:101FC0000B490022B8F1000F03D09246A4F800A0FC
:101FD00069E0052F03D0062F01D0042F03D1002381
:101FE000012D00D10127002106E03CF811A09A4400
:101FF00092440FFA8AF2491CA942F6D3A2EB030AD3
:102000000FFA8AF2072F4DD2DFE807F00409144CCB
:102010003E2C1B004FF0000AA4F800A042E0A6EB03
:10202000020A0AEBDA7B4FEA6B0B0FFA8BFBA4F880
:1020300000B037E0A6EB020A0FFA8AFAA4F800A073
:1020400030E04FF0000AA4F800A0A6EB020A0FFA55
:102050008AFBA5F1010A0FFA8AFA9BFBFAFA0FFA3A
:102060008AF31FE0A6EB020A0FFA8AFA0FFA85FB41
:102070009AFBFBFA0FFA8AF39A4603EBDA7B4FEAF4
:102080006B0BA4F800B00DE0A6EB020A0FFA8AFB76
:1020900005F1010A0FFA8AFA9BFBFAFA0FFA8AF3A2
:1020A000238000BF00BF00210CE034F811A03CF8F1
:1020B00011B0DA449A440FFA8AFA01F1010B24F8BC
:1020C0001BA0491CA5F1010A8A45EED834F81AB0C4
:1020D0003CF81AA0DA44B4F800B0AAEB0B0A0FFAE5
:1020E0008AF0B9F1000F10D000210CE034F811A0F3
:1020F000A6EB0A0A3CF811B0AAEB0B0A0FFA8AFA0F
:1021000024F811A0491CA942F0D3BDE8F08F2DE9B5
:10211000F04F8DB0044600BF00BF2046FFF788F99E
:1021200081462046FFF7A4FD0746B9F1000F00D015
:1021300017B90DB0BDE8F08F06A92046F7F7ACFE41
:102140000C2103A808F0E6FC4FF0000B32225946A0
:1021500020460AF091FE0090009805B200BF00BF33
:102160001222594620460AF087FE00900098284423
:102170000FFA80FA00BF1022594620460AF07CFE72
:1021800000900098284400B2029020460AF00CF813
:10219000A18A5144081A00B2ADF8140020460AF092
:1021A0000DF80146E28A02981044401A01B2ADF8D7
:1021B0001610002609E0A068006850F826B003AAAF
:1021C00006A9584600F03EFC761CA0684068B04264
:1021D000F1D806A8F8F770F9002120460AF053FF5D
:1021E0000190002120460AF029FD804642F2D1717B
:1021F0000198884202D00846804502D120460BF063
:102200008EFE00222B21204605F0A6FC00BF90E7A1
:1022100001460020302905DB392903DCA1F1300219
:10222000D0B21CE0612902DBA1F12002D1B2A1F100
:102230004102062A10D2DFE802F0030507090B0D60
:102240000A200BE00B2009E00C2007E00D2005E040
:102250000E2003E00F2001E0002000BF00BF704708
:102260001AB901F0FE03036102E041F001030361CA
:102270007047026861F38A220260704709B901233E
:1022800000E00023026863F3C71202607047014652
:102290000869C0B2704701617047026861F30002CB
:1022A0000260704701F45F42D24392B2426101F092
:1022B00002020AB14269826901F010022AB1426940
:1022C000026822F00102521C026070470CB50246FF
:1022D000002001900090080F019021F07F410198AB
:1022E00010B95069009002E0090C906900900098C4
:1022F000084008B101200CBD0020FCE7026861F332
:1023000086120260704700002DE9F04385B0044654
:10231000894615464FF0000800260027206820F067
:10232000010020606846F9F753F93E48844202D024
:102330003D48844202D1DDF80C8004E03B488442F1
:1023400001D1DDF808803A48B8FBF0F086B2606849
:1023500066F307006060374885421DD86800B8FB07
:10236000F0F087B2042F00DA0427E06967F30B006E
:10237000E061E06920F40040E061701C3F2805DD69
:10238000206A20F03F003F30206247E0701C216A45
:1023900060F30501216241E0B9F1000F09D105EBBD
:1023A0004500B8FBF0F087B2E06920F48040E061BE
:1023B0000CE005EBC50000EB0510B8FBF0F087B2B0
:1023C000E06920F4804000F58040E06107B9012712
:1023D000E06967F30B00E061E06920F4004000F57C
:1023E0000040E061144885420CD84FF49670704369
:1023F0004FF47A7190FBF1F0401C216A60F3050103
:1024000021620BE0C6EB0610C0004FF47A7190FB1E
:10241000F1F0401C216A60F30501216205B0BDE8BE
:10242000F08300000054004000580040005C014070
:1024300040420F00A0860100801A060070B50446D5
:102440000D46164601212068FFF713FF206800F0B3
:102450003CFA334600220121204600F045FA10B133
:102460000D20207670BD20688068C0F3C03028B988
:10247000E9B201222068FFF7F3FE38E005F440726C
:10248000F02343EAE2112068FFF705FF33460122FB
:102490000821204600F028FA10B10E202076E1E74E
:1024A000E9B22068FFF7F7FE3346012202212046F9
:1024B00000F01AFA10B10F202076D3E7022120682D
:1024C000FFF7F0FE206800F000FA334600220121F9
:1024D000204600F009FA10B10D202076C2E705F47D
:1024E0004072F12343EAE2112068FFF7D4FE33463D
:1024F00001220221204600F0F7F910B10F202076CA
:10250000B0E70020AEE7026861F3CB2202607047BB
:1025100070B504460D461646206800F0D6F93346DD
:1025200000220121204600F0DFF910B10D202076B5
:1025300070BD20688068C0F3C03028B9E9B20022BD
:102540002068FFF78DFE15E005F44072F02343EAA2
:10255000E2112068FFF79FFE334601220821204642
:1025600000F0C2F910B10E202076E1E7E9B2206850
:10257000FFF791FE334601220221204600F0B4F914
:1025800010B10F202076D3E70020D1E72DE9F041EC
:1025900004460F4615469846012F04D1E9B220683B
:1025A000FFF779FE15E0290A2068FFF774FE43461D
:1025B00001228021204600F097F906462EB12068BE
:1025C00000F08AF93046BDE8F081E9B22068FFF7F3
:1025D00062FE0020F7E700002DE9F04704468A4636
:1025E00017469846DDE90969089D65602681002047
:1025F00020764B4600227B49204600F075F910B149
:102600000120BDE8F08700212068FFF77CFF012151
:102610002068FFF72EFE4A4639462046FFF778FF2E
:1026200020B1206800F058F90220EAE70221206872
:10263000FFF738FE4B4601228021204600F054F976
:1026400020B1206800F048F90320DAE74B46424603
:1026500051462046FFF79AFF08B10420D1E74B46C8
:1026600001228021204600F03FF920B1206800F0CF
:1026700033F90520C5E74A4639462046FFF7DEFE16
:1026800020B1206800F028F90620BAE7012E0BD10E
:1026900000212068FFF7EDFD02212068FFF702FE10
:1026A000206800F019F916E0022E0CD101212068F3
:1026B000FFF729FF02212068FFF7F4FD00212068C1
:1026C000FFF7D7FD07E001212068FFF7D2FD0221C7
:1026D0002068FFF7E7FD7FE0032E6ADC012E13D1AF
:1026E0004B4600224021204600F0FEF820B1206831
:1026F00000F0F2F8072084E72068FFF7C8FD05F82E
:10270000010B701E86B267E0022E1DD14B460022DF
:102710000421204600F0E8F820B1206800F0DCF841
:1027200008206EE7206800F0D7F82068FFF7AFFDBB
:1027300005F8010B701E86B22068FFF7A8FD05F8AA
:10274000010B701E86B247E04B4600220421204652
:1027500000F0CAF820B1206800F0BEF8092050E768
:1027600000212068FFF785FD2068FFF790FD05F840
:10277000010B701E86B24B4600220421204600F059
:10278000B3F820B1206800F0A7F80A2039E72068E4
:1027900000F0A2F82068FFF77AFD05F8010B701E23
:1027A00086B22068FFF773FD05F8010B701E86B234
:1027B00012E04B4600224021204600F095F820B15F
:1027C000206800F089F80B201BE72068FFF75FFD09
:1027D00005F8010B701E86B2002E3FF77DAF00207A
:1027E0000FE70000000002102DE9F04704468A467A
:1027F00017469846DDE90969089D65602681002035
:1028000020764B4600222B49204600F06DF810B18F
:102810000120BDE8F08700212068FFF774FE4A46DA
:1028200039462046FFF774FE20B1206800F054F8C6
:102830000220EEE702212068FFF734FD4B4601221B
:102840008021204600F050F820B1206800F044F8C4
:102850000320DEE74B46424651462046FFF796FEF0
:1028600008B10420D5E712E04B4601228021204622
:1028700000F03AF820B1206800F02EF80520C8E7F3
:1028800015F8011B2068FFF706FD701E86B2002EAA
:10289000EADC4B4601220421204600F025F820B155
:1028A000206800F019F80620B3E7206800F014F85B
:1028B0000020AEE700000210836861F3CF3383602D
:1028C000836862F3090383607047016821F48071B3
:1028D00001F5807101607047016821F4007101F514
:1028E00000710160704700002DE9F04104460F4679
:1028F00015461E46224887420FD107E0301EA6F13A
:10290000010603D112202076BDE8F0813946206807
:10291000FFF7DCFC0028F1D130E029E005F00100F0
:1029200080B14FF480612068FFF7D0FC50B120687F
:10293000FFF7D2FF4FF480612068FFF7B3FC11204E
:102940002076E1E705F0020058B110212068FFF77A
:10295000BDFC30B110212068FFF7A4FC10202076C8
:10296000D2E7301EA6F1010602D112202076CBE775
:1029700039462068FFF7AAFC0028CFD00020C3E723
:102980000000021070470121017170472DE9F047E6
:1029900004460D4616461F4604F13C0000EBC610E7
:1029A00050F8278000BFB8F1000F03D100BF00BF6F
:1029B00000BFFEE700BF00BF1DB900BF00BF00BFE2
:1029C000FEE700BFC5F80880EC60C8F80C5000BFF7
:1029D0002846F7F706FA82462846F7F702FA8146B4
:1029E0000421F6F7EBFA824503D000BF00BF00BF19
:1029F000FEE700BF04F13C0000EBC61040F8275092
:102A00000121B14020690843206104F1140050F80D
:102A100026000121B940084304F1140141F82600C1
:102A2000BDE8F08701460A2907D00B2905D00C29FB
:102A300003D00D2901D00E2901D1012070470020BB
:102A4000FCE700002DE9F74F94B004460D46F1492C
:102A500020460AF059FC10B117B0BDE8F08F2046AF
:102A6000FEF704FD13902046FFF720F9129012980C
:102A700008B1139800B9EFE72046FEF7E7FC0646D9
:102A80002046FFF703F9074600BF00200390E24805
:102A90000288204603990AF0EFF902900298C0B22A
:102AA000119000BF00200390DC4802882046039963
:102AB0000AF0E2F902900298C0B21090286830F94A
:102AC00016100F91296813983044401E31F81010E9
:102AD000AA6813983044401E32F81000084400B22F
:102AE0000E90DDE90E01401A00B20D90686830F9D1
:102AF00017100C91696812983844401E31F8101074
:102B0000EA6812983844401E32F81000084400B2B7
:102B10000B90DDE90B01401A00B20A90002120461B
:102B200009F0F8FF012809D1119810B9022011907D
:102B300004E01198022801D10020119000BF208BE1
:102B4000A18A401A401C00B2099000BF608BE18A44
:102B5000401A401C00B20890119830B1012818D0DA
:102B6000022827D0032808D000BF286830F916A013
:102B7000608C20F4006060842CE0286830F916A096
:102B80000D980990608C20F4006000F5006060846E
:102B900020E0296831F81630099A0D99881A00EB5F
:102BA000D07103EB61010FFA81FA608C20F40060B0
:102BB00060840FE020460AF093FB296831F8162064
:102BC0000D991144081A0FFA80FA608C20F4006005
:102BD000608400BF00BF109830B1012818D00228CF
:102BE00027D0032808D000BF686830F917B0608C80
:102BF00020F4806060842CE0686830F917B00A988F
:102C00000890608C20F4806000F58060608420E093
:102C1000696831F81730089A0A99881A00EBD07160
:102C200003EB61010FFA81FB608C20F4806060840B
:102C30000FE0204609F0E2F8696831F817200A9998
:102C40001144081A0FFA80FB608C20F480606084C5
:102C500000BF00BF20460AF043FB0999884205D116
:102C6000204609F0CBF8089988422BD000BFA08AF3
:102C7000ADF80800E08AADF80A00208BADF80C0032
:102C8000608BADF80E0000BF20460AF071FD04F124
:102C90001400099900F0CFFF04F11400089900F026
:102CA000C4FF20460AF064FD02AA2921204604F050
:102CB00053FF204609F0F2F822462221019004F049
:102CC0004BFF00BF002003906B22204603990AF0BF
:102CD000D3F8029002980FFA80F800BF002003900A
:102CE0006C22204603990AF0C7F8029002980FFA66
:102CF00080F900BF20460AF0F3FA0790204609F059
:102D00007DF8069008F4C040B0F5005F01D10120C5
:102D100000E0002030B128F4C040B0F5FA6F01DCCB
:102D2000012000E0002090B128F4C040B0F57A7F87
:102D300004DD28F4C040C0F57A7001E028F4C040FA
:102D400007994843642190FBF1F00FFA80F809F4E9
:102D5000C040B0F5005F01D1012000E0002030B19B
:102D600029F4C040B0F5FA6F01DC012000E000203A
:102D700090B129F4C040B0F57A7F04DD29F4C04059
:102D8000C0F57A7001E029F4C040069948436421F7
:102D900090FBF1F00FFA80F90AEB08000FFA80FAC5
:102DA0000BEB09000FFA80FB169800895044A18AAA
:102DB000401A00B205901698408900EB0B01E08A9A
:102DC000081A00B20490059808B90498F8B1204692
:102DD0000AF0CEFCA18A0598084400B2A082218B9B
:102DE0000598084401B22183E18A0498084401B29D
:102DF000E182618B0498084401B2618320460AF0A5
:102E0000B7FC00232046DDE904210AF05FFD00BF86
:102E100022E60000010006007A0200208002002065
:102E20002DE9F04106460F46154600200FF0A8FC9C
:102E300004460DE039462046B047012804D105B1CB
:102E40002C600120BDE8F08120460FF099FC04467B
:102E500024B1606820F040400028EBD10020F1E769
:102E600030B5024614460B4620881D88A84203D080
:102E700020881D88401B30BD60885D88401BFAE7B4
:102E800030B5024614460B4620781D78A84203D080
:102E900020781D78401B30BD60785D78401BFAE7D4
:102EA00070B505460C462646686820F040403168FB
:102EB000884204D12846FEF749F9012070BD002060
:102EC000FCE72DE9FC4106460F461446984608F0FB
:102ED000010000B30125002206F1140104F10800ED
:102EE000F3F7FAFF78B100208DF8000004F1080034
:102EF00001906A461221304604F02EFE9DF8000033
:102F000000B9002500BF3DB16089218A0844401EF8
:102F100001B2E18100E00025B4F90E00B4F9061019
:102F2000884201DDE188E1812A462146384602F0E7
:102F3000EFF9BDE8FC812DE9F04188B004460F4669
:102F400015461E463846F4F78EFD804606A93846DB
:102F500008F0FDFE4246414606A800F03DFE022D67
:102F60002AD1DDE90601CDE9020100231A4602A9B2
:102F700038460AF0B8F802AA04A8A168F3F76BFF74
:102F800018B9002008B0BDE8F081DDE90401CDE901
:102F9000000101230022694638460AF0A4F806AA77
:102FA00069466846F3F757FF08B90020EAE700983A
:102FB00030600198706012E0012D0CD106AA04A8BF
:102FC000A168F3F748FF08B90020DBE704983060F8
:102FD0000598706003E000BF00BF0020D2E7012029
:102FE000D0E700002DE9F0410446204608F031FE0C
:102FF0000746002607E0A068006850F826502846DB
:10300000FFF7F0FF761CBE42F5D394F8220000F0E3
:10301000010028B3608C20F00100608420460AF093
:103020007EFF20460AF00CFED7B10021204609F0B1
:103030001DFE05469DB11248006885420FD8681EE6
:103040001049096801EBC000D0F80480681E0D49E2
:10305000096851F8302041462046904700BF00BF24
:1030600094F82200C0F3400038B1608C20F00200D8
:103070006084002120460AF00BFDBDE8F0810000CD
:103080003C020020DC02002010B515F091F84FF44E
:1030900080416648FEF77CFE6420F8F794FD4FF40B
:1030A00080416248FEF776FE6420F8F78CFD4FF40D
:1030B00080415F48FEF76CFE6420F8F784FD4FF412
:1030C00080515B48FEF764FE112000F001F9782082
:1030D000F8F779FD362000F0FBF8702000F0D0F80A
:1030E0003A2000F0F5F8052000F0CAF8B22000F010
:1030F000EFF80C2000F0C4F80C2000F0C1F800201C
:1031000000F0BEF8332000F0BBF8332000F0B8F830
:10311000B72000F0DDF8352000F0B2F8BB2000F059
:10312000D7F8322000F0ACF8C22000F0D1F801202E
:1031300000F0A6F8C32000F0CBF8152000F0A0F8AE
:10314000C42000F0C5F8202000F09AF8C62000F056
:10315000BFF80F2000F094F8D02000F0B9F8A420B8
:1031600000F08EF8A12000F08BF8E02000F0B0F81D
:10317000D02000F085F8082000F082F80E2000F042
:103180007FF8092000F07CF8092000F079F805208C
:1031900000F076F8312000F073F8332000F070F87A
:1031A000482000F06DF8172000F06AF8142000F0B5
:1031B00067F8152000F064F8312000F061F8342041
:1031C00000F05EF8E12000F083F8D02000F058F81D
:1031D000082000F055F80E2000F052F8092000F009
:1031E0004FF8092000F04CF8152000F049F8312084
:1031F00000F046F8332000F043F8482000F040F893
:10320000172000F03DF8142000F03AF8152000F0E7
:1032100037F8312000F034F8342000F031F8212064
:1032200000F056F8292000F053F810BD00100140BE
:10323000000C014070B50546002405E0641C42F214
:103240001070844200D970BD02210C4812F0E8FBD6
:103250000028F3D02946094812F0DBFB002404E0E3
:10326000641CB4F5801F00D3EDE78021034812F001
:10327000D7FB0128F4D000BFE5E70000003800408C
:1032800010B504464FF480510548FEF781FD2046F5
:10329000FFF7D0FF4FF480510148FEF77BFD10BDD2
:1032A000000C014010B504464FF480510748FEF76A
:1032B0006FFD2012FFF7BEFFE0B2FFF7BBFF4FF438
:1032C00080510248FEF766FD10BD0000000C014071
:1032D00010B504464FF480510A48FEF759FD4FF4EB
:1032E00000410948FEF754FD2046FFF7A3FF4FF4C5
:1032F00000410548FEF74EFD4FF480510148FEF7AE
:1033000049FD10BD000C0140000801402DE9F04FBF
:1033100085B007468B4691461E460E9DE86900FB28
:103320000BF080120490E86900280DDD04984845F0
:1033300016DD95F82800C0F3400018B1012005B053
:10334000BDE8F08F0020FAE70498484508DA95F8C0
:103350002800C0F3400008B10120F0E70020EEE7AC
:103360000BEB0601E869484380120490E8690028E5
:103370000BDD0498484514DA95F82800C0F34000A6
:1033800008B10020DBE70120D9E70498484508DDB3
:1033900095F82800C0F3400008B10020CFE70120D5
:1033A000CDE7E869002806DD4FEA0920A96948430E
:1033B0008012039006E009F101000002A969484368
:1033C000801203900398001202900398C0B20190FB
:1033D000019810B94FF0FF0807E00198C0F1FF0015
:1033E000696A4843FF21A1EB20280298A0EB0B0457
:1033F0000198D8B1002C18DBB44216DA0198C0F15C
:10340000FF00C8F1FF014843FF21A1EB602000F05D
:10341000FF0A95F82800C0F3400008B1CAF1FF0A7E
:10342000385D51460FF099F93855641C1BE0002CAB
:1034300012DBB44210DAA88CA8EB600000F0FF0A9F
:1034400095F82800C0F3400008B1CAF1FF0A385DC2
:1034500051460FF082F93855686AA8EB0008641CE1
:10346000B44200DB02E0686A4045E0DB00BFB442E2
:103470001DDA002C1BDBA86900FB08F0801200900D
:10348000009800FB08F0C0F3472AE869002801DA39
:10349000CAF1FF0A95F82800C0F3400008B1CAF14C
:1034A000FF0A385D51460FF058F9385500BF95F8BE
:1034B0002800C0F3400068B10298A0EB0B04B442AE
:1034C00001DD00203BE7002C0FDB2146384607F0EA
:1034D00021FB0AE0641C002C01DA00202FE7B44233
:1034E00003DC311B381907F015FB022027E72DE913
:1034F000FF4F87B007468A461E46149DA869099962
:10350000484380120690A869002802DD0698401CF6
:103510000690069850450ADA95F82800C0F3400056
:1035200018B101200BB0BDE8F08F0020FAE7A869C0
:1035300009994843801206900AEB060106988142D9
:1035400008DA95F82800C0F3400008B10020E9E748
:103550000120E7E709980002A96948438012059015
:1035600005984FEA202B0598C0B204900998401C9A
:103570000002A96948438012039003980012029048
:103580000398C0B20190ABEB0A040298834509D0BE
:10359000A869002806DA049820B9FF200490DDF815
:1035A00008B0641E0298834534D1002C12DBB4426B
:1035B00010DA019904980844C0F3470895F82800E8
:1035C000C0F3400008B1C8F1FF08385D41460FF074
:1035D000C4F83855641C95F82800C0F3400060B169
:1035E000ABEB0A04B44201DB00209BE7002C03DBB9
:1035F0002146384607F08EFAC9E0B44200DD344671
:103600000CB900208EE7002CF6DD311B381907F0CD
:1036100081FABCE0A86900285ADAE86940420499B6
:1036200048434FEAA029002C12DBB44210DA049878
:1036300009FB00F0C0F3472895F82800C0F34000CC
:1036400008B1C8F1FF08385D41460FF086F83855DB
:10365000641EC9F1FF00A9694942484380120090E5
:10366000002C16DBB44214DAC9F1FF00009948437C
:10367000FF21A1EB602000F0FF0895F82800C0F3BF
:10368000400008B1C8F1FF08385D41460FF065F809
:103690003855A41C95F82800C0F3400068B1ABEB86
:1036A0000A00441EB44201DD344610E0002C0EDD59
:1036B0002146384607F02EFA09E0B44201DD012028
:1036C00030E7002C03DB311B381907F023FA5DE0EB
:1036D0000498C0F1FF00E96948434FEAA029002C93
:1036E00017DBB44215DA0498C0F1FF0000FB09F0C3
:1036F000FF21A1EB602000F0FF0895F82800C0F33F
:10370000400008B1C8F1FF08385D41460FF025F8C8
:103710003855641CC9F1FF00A96948438012009024
:10372000002C13DBB44211DAC9F1FF0000994843C1
:10373000C0F3472895F82800C0F3400008B1C8F14D
:10374000FF08385D41460FF008F83855641C95F8BD
:103750002800C0F3400060B1ABEB0A04B44201DDC5
:103760000020DFE6002C10DB2146384607F0D2F9B6
:103770000BE0B44200DD34460CB90020D2E6002C48
:1037800003DD311B381907F0C5F900BF00BF022067
:10379000C8E600002DE9F04105460E464FF000084E
:1037A0001348F4F75EF804461DE021461048F4F78C
:1037B0005EF807462068A84200D09DB96068B04214
:1037C00000D07EB921460A48F4F7F2F8206910B11A
:1037D000204621698847204606F0C6FFF5F7A8FC79
:1037E0004FF001083C46002CDFD14046BDE8F08197
:1037F0005C66002070B506460D460B48F4F731F8BC
:1038000004460DE02068B04205D16068A84200D0AF
:103810000DB9204670BD21460348F4F728F8044648
:10382000002CEFD10020F5E75C66002010B50446BF
:103830004421204607F06EF94FF4FA70E062002050
:1038400020626420A0620120A4F840000448E061E6
:1038500094F8420020F00100401C84F8420010BDA2
:10386000A9380108F8B504464FF4806000900023A1
:103870001946D4E90B2006F075FE06464FF4806029
:1038800040F2B6334FF4617200210090304600F0F0
:10389000D8F90746216AA06A401A00FB07F5AD1265
:1038A000206A05442846F8BDF8B504464FF4806008
:1038B000009000231946D4E90B2006F053FE06467B
:1038C000216AA06A401A00FB06F5AD12206A054481
:1038D0002846F8BD4A42026370474A420263704775
:1038E0004160704741607047416070474160704778
:1038F000C161704781637047C1607047A0F8401094
:103900007047C1627047C1627047C1627047C1624F
:103910007047016241628262704701624162826265
:103920007047016241628262704701624162826255
:10393000704701607047016070470160704730B5A3
:1039400003468D1A002D01DD8D1A00E0551A2C4614
:103950004FF47A756543B5FBF3F000B9401C30BDF8
:1039600070B50546686818B1D5E90001FFF712FF88
:103970002148F4F711F818B10CF050FD1F49086008
:103980001D48F3F78FFF044600BF1CB900BF00BFFE
:1039900000BFFEE700BF0CB9002070BD44222946DD
:1039A000204606F035FF2868A84200D1246014485C
:1039B000017814F8420F61F38200207014F8420974
:1039C00000F00100A0B1606950B1204661698847EC
:1039D0000646206A30442062A06A3044A06200BFDC
:1039E000606828B1206818B1D4E90002216A9047C4
:1039F000F5F79EFB2046D0E75C660020C40200205D
:103A0000C90200200A8802804A8842808A8882800F
:103A1000CA88C28070470A8802804A8842808A88A1
:103A20008280CA88C28070470A8802804A884280A1
:103A30008A888280CA88C28070470A8802804A8841
:103A400042808A888280CA88C28070470A88028041
:103A50004A8842808A888280CA88C28070470A88E1
:103A600002804A8842808A888280CA88C2807047E1
:103A70000A8802804A8842808A888280CA88C280F6
:103A800070470146C8884A88801A401C00B27047B7
:103A90000146C8884A88801A401C00B27047014617
:103AA000C8884A88801A401C00B270470146C888FE
:103AB0004A88801A401C00B270470146C8884A886C
:103AC000801A401C00B270470146C8884A88801A94
:103AD000401C00B270470146C8884A88801A401CC2
:103AE00000B270470146C8884A88801A401C00B25C
:103AF00070470146C8884A88801A401C00B2704747
:103B000010B50146B1F90420B1F90030D21A521CA7
:103B1000B1F90630B1F902401B1B5B1C02FB03F03C
:103B200010BD014688880A88801A401C00B2704780
:103B3000014688880A88801A401C00B270470146F6
:103B400088880A88801A401C00B27047014688881D
:103B50000A88801A401C00B27047014688880A888B
:103B6000801A401C00B27047014688880A88801A73
:103B7000401C00B27047014688880A88801A401CA1
:103B800000B27047014688880A88801A401C00B23B
:103B90007047014688880A88801A401C00B2704726
:103BA000014688880A88801A401C00B27047014686
:103BB00088880A88801A401C00B2704701468888AD
:103BC0000A88801A401C00B27047014688880A881B
:103BD000801A401C00B2704703885B1A1BB2038036
:103BE00083880B441BB2838043889B1A1BB243809B
:103BF000C38813441BB2C380704703880B441BB2B5
:103C0000038083880B441BB28380438813441BB218
:103C10004380C38813441BB2C380704710B5029C15
:103C2000018042808380C48010BD42880A44521EB5
:103C300012B2C280704702880A44521E12B28280B9
:103C400070472DE9F04F04460D46C4F5806101FB35
:103C500001F0860A06FB01F04FEA902C04FB04F009
:103C6000870A07FB04F04FEA90280CFB05F04FEAA7
:103C7000902906EB4600604350434FEA105A01EB8F
:103C80004100784358434FEA105B099808FB00F065
:103C90004FEA902E09EB0A0058447044BDE8F08FBB
:103CA00030B5044601F4C040B0F5005F01D10120F9
:103CB00000E0002030B121F4C040B0F5FA6F01DC23
:103CC000012000E0002080B121F4C040B0F57A7FEF
:103CD00004DD21F4C040C0F57A7001E021F4C04059
:103CE0005843642590FBF5F001B202F4C040B0F5F2
:103CF000005F01D1012000E0002030B122F4C0407B
:103D0000B0F5FA6F01DC012000E0002080B122F460
:103D1000C040B0F57A7F04DD22F4C040C0F57A706F
:103D200001E022F4C0405843642590FBF5F002B254
:103D3000944201DA204600E01046884201DA084643
:103D400030BD944201DA2046FAE71046F8E730B574
:103D5000044601F4C040B0F5005F01D1012000E04D
:103D6000002030B121F4C040B0F5FA6F01DC012031
:103D700000E0002080B121F4C040B0F57A7F04DD7E
:103D800021F4C040C0F57A7001E021F4C0405843EE
:103D9000642590FBF5F001B202F4C040B0F5005F7D
:103DA00001D1012000E0002030B122F4C040B0F584
:103DB000FA6F01DC012000E0002080B122F4C04055
:103DC000B0F57A7F04DD22F4C040C0F57A7001E0DE
:103DD00022F4C0405843642590FBF5F002B29442AF
:103DE00001DA204600E01046884201DA084630BD7C
:103DF000944201DA2046FAE71046F8E708B50022B7
:103E00001146104600F020F90090BDF80010084659
:103E100008BD08B500221146104600F033F90090A5
:103E2000BDF80010084608BD1CB5002108460A462A
:103E30004409BDF8003064F30203CC080093BDF8D8
:103E4000003064F3C703D4080093BDF8003064F376
:103E50000C2300938308BDF8004063F34F340094B3
:103E6000BDF8004023460193BDF8041008461CBD70
:103E700008B500221146104600F040F90090BDF848
:103E80000010084608BD01B583B003980190BDF845
:103E90000400C0F3C400C0EBC00202EB0020C01D50
:103EA000C0F347108DF80200BDF804004007800EF3
:103EB000BDF8042000EB523000EB400202EB002082
:103EC000C01CC0F387108DF80100BDF80400C0F3DA
:103ED0000420C0EBC00202EB0020C01DC0F347105D
:103EE0008DF80000FF208DF80300009802909DF8E7
:103EF00008009DF80A20032313FB02009DF8092007
:103F0000042313FB0201C1F3C70004B000BD13B5C5
:103F100082B00C46FFF7ACFF22460190029900F0F8
:103F20005FFA0090BDF80010084604B010BD37B528
:103F300003461C4604F0030525B1BDF804501D805E
:103F40009B1C521EBDF8045005EB0541184610E0BD
:103F50000160001D0160001D0160001D0160001D69
:103F60000160001D0160001D0160001D0160001D59
:103F7000103A102AECD8034604E0BDF804501D8026
:103F80009B1C521E002AF8D13EBD0160704708B547
:103F9000014601F47800C1F3423242EA104001F4D4
:103FA000E05240EAC20001F0F80240EA42100090FC
:103FB000BDF80020104608BD08B5014601F47800A0
:103FC000C1F3423242EA104001F4E05240EAC2003A
:103FD00001F0F80240EA42100090BDF800201046BF
:103FE00008BD08B5014601F47800C1F3423242EA47
:103FF000104001F4E05240EAC20001F0F80240EA49
:1040000042100090BDF80020104608BD18B50346C8
:104010004C09BDF8000064F30200DC080090BDF814
:10402000000064F3C700D4080090BDF8000064F3FA
:104030000C2000908808BDF8004060F34F340094D5
:10404000BDF80040204618BD18B503464C09BDF820
:10405000000064F30200DC080090BDF8000064F387
:10406000C700D4080090BDF8000064F30C20009055
:104070008808BDF8004060F34F340094BDF800405C
:10408000204618BD18B503464C09BDF8000064F37E
:104090000200DC080090BDF8000064F3C700D408FB
:1040A0000090BDF8000064F30C2000908808BDF873
:1040B000004060F34F340094BDF80040204618BD26
:1040C00018B503464C09BDF8000064F30200DC0893
:1040D0000090BDF8000064F3C700D4080090BDF85C
:1040E000000064F30C2000908808BDF8004060F3E5
:1040F0004F340094BDF80040204618BD18B5034663
:104100004C09BDF8000064F30200DC080090BDF823
:10411000000064F3C700D4080090BDF8000064F309
:104120000C2000908808BDF8004060F34F340094E4
:10413000BDF80040204618BD18B503464C09BDF82F
:10414000000064F30200DC080090BDF8000064F396
:10415000C700D4080090BDF8000064F30C20009064
:104160008808BDF8004060F34F340094BDF800406B
:10417000204618BD37B581B0BDF804000002BDF877
:10418000045040EA252080B20190BDF808000002EA
:10419000BDF8085040EA252080B20290101DC208E8
:1041A000BDF8080040EA0040104D00EA0501BDF8E6
:1041B000040040EA004000EA0503581A504301EBAE
:1041C000501000EA050444EA144080B20090BDF8A3
:1041D00000000002BDF8005040EA252080B20090A7
:1041E000BDF80050284604B030BD00001FF8E007BD
:1041F00037B581B0BDF804000002BDF8045040EAB4
:10420000252080B20190BDF808000002BDF80850DA
:1042100040EA252080B20290101DC208BDF80800B7
:1042200040EA0040104D00EA0501BDF8040040EAF4
:10423000004000EA0503581A504301EB501000EA11
:10424000050444EA144080B20090BDF8000000026A
:10425000BDF8005040EA252080B20090BDF8005023
:10426000284604B030BD00001FF8E00737B581B024
:10427000BDF804000002BDF8045040EA252080B2D9
:104280000190BDF808000002BDF8085040EA252062
:1042900080B20290101DC208BDF8080040EA00403C
:1042A000104D00EA0501BDF8040040EA004000EAB4
:1042B0000503581A504301EB501000EA050444EA84
:1042C000144080B20090BDF800000002BDF800501C
:1042D00040EA252080B20090BDF80050284604B086
:1042E00030BD00001FF8E00737B581B0BDF804000D
:1042F0000002BDF8045040EA252080B20190BDF8CC
:1043000008000002BDF8085040EA252080B2029063
:10431000101DC208BDF8080040EA0040104D00EA38
:104320000501BDF8040040EA004000EA0503581A00
:10433000504301EB501000EA050444EA144080B2F7
:104340000090BDF800000002BDF8005040EA2520B2
:1043500080B20090BDF80050284604B030BD000087
:104360001FF8E00737B581B0BDF804000002BDF8C2
:10437000045040EA252080B20190BDF808000002F8
:10438000BDF8085040EA252080B20290101DC208F6
:10439000BDF8080040EA0040104D00EA0501BDF8F4
:1043A000040040EA004000EA0503581A504301EBBC
:1043B000501000EA050444EA144080B20090BDF8B1
:1043C00000000002BDF8005040EA252080B20090B5
:1043D000BDF80050284604B030BD00001FF8E007CB
:1043E00037B581B0BDF804000002BDF8045040EAC2
:1043F000252080B20190BDF808000002BDF80850E9
:1044000040EA252080B20290101DC208BDF80800C5
:1044100040EA0040104D00EA0501BDF8040040EA02
:10442000004000EA0503581A504301EB501000EA1F
:10443000050444EA144080B20090BDF80000000278
:10444000BDF8005040EA252080B20090BDF8005031
:10445000284604B030BD00001FF8E00707B581B062
:1044600003461888BDF80810C1F3C40101FB02001F
:1044700000EBC01101EBC030C00DBDF8001060F3BF
:10448000C7010091BDF808004007800EBDF8081074
:1044900000EB5130598800FB021000EBC01101EB1A
:1044A000C030800EBDF8001060F302010091BDF82D
:1044B00008004007800EBDF8081000EB5130598805
:1044C00000FB021000EBC01101EBC030C00DBDF8C5
:1044D000001060F34F3100919888BDF80810C1F3C7
:1044E000042101FB020000EBC01101EBC030C00D44
:1044F000BDF8001060F30C21009100BF00BFBDF8B3
:104500000010084604B000BD07B581B00346188806
:10451000BDF80810C1F3C40101FB020000EBC0119B
:1045200001EBC030C00DBDF8001060F3C701009171
:10453000BDF808004007800EBDF8081000EB5130B0
:10454000598800FB021000EBC01101EBC030800E57
:10455000BDF8001060F302010091BDF808004007AB
:10456000800EBDF8081000EB5130598800FB021096
:1045700000EBC01101EBC030C00DBDF8001060F3BE
:104580004F3100919888BDF80810C1F3042101FB58
:10459000020000EBC01101EBC030C00DBDF80010EF
:1045A00060F30C21009100BF00BFBDF80010084669
:1045B00004B000BD01B581B0BDF80400C0F3C40073
:1045C000C0EBC00101EB0020C01DC0F347108DF807
:1045D0000200BDF804004007800EBDF8041000EB97
:1045E000513000EB400101EB0020C01CC0F38710EC
:1045F0008DF80100BDF80400C0F30420C0EBC00139
:1046000001EB0020C01DC0F347108DF80000FF2013
:104610008DF8030000980CBD08B5FF221146104626
:10462000FFF730FD0090BDF80010084608BD1CB52E
:10463000FF2108460A464409BDF8003064F302032E
:10464000CC080093BDF8003064F3C703D40800938E
:10465000BDF8003064F30C2300938308BDF80040DC
:1046600063F34F340094BDF8004023460193BDF836
:10467000041008461CBD70B505460C460CB9002058
:1046800013E0284600F046F960435030A02190FB2B
:10469000F1F0012808DD284600F03CF96043503075
:1046A000A02190FBF1F000E0012000B270BD2DE9E7
:1046B000F04104460F4615461E461C21204606F0D2
:1046C00029FA276065602068A060E660BDE8F08197
:1046D0001CB504465021204606F01CFA4FF4A07089
:1046E0002080F02060804FF0FF30A080E08000202C
:1046F00020816081206920F0080008302061206955
:1047000020F0400020618221206961F3D0102061F7
:104710004FF47F400021420B42EA114100F4E05285
:1047200041EAC20100F0F80241EA42110091BDF8ED
:10473000002011460191BDF8040020870248206442
:1047400060645820A0641CBD396E0108FEB50546A2
:104750006648F3F7A7F8044600BF1CB900BF00BFC6
:1047600000BFFEE700BF0CB90020FEBDE86B98B9A2
:10477000A86C05F01BFF064600BF1EB900BF00BFB6
:1047800000BFFEE700BF0EB90020EEE73146284625
:104790002A6C9047EE6300BF4FF4B471204606F0D8
:1047A000B9F925600120C4F85401082104F5AC7062
:1047B000F3F770F84E480768046022461E214D4802
:1047C0000BF04AFE606000BF606818B900BF00BF10
:1047D00000BFFEE700BF606820B9204605F0C4FFB7
:1047E0000020C2E7287CC0F3400068B128886988AF
:1047F00010FB01F0E968C968884205D9286920F0F2
:104800000200286100BF00BF00BFFF2108460A4622
:104810004609BDF8003066F30203CE080093BDF8E8
:10482000003066F3C703D6080093BDF8003066F386
:104830000C2300938308BDF8006063F34F360096A5
:10484000BDF8006033460193BDF80410084602909D
:10485000BDF808006085FF2084F829000BF0A6FD54
:1048600088B900200AF064FC029005200AF060FC80
:1048700001902148002300902046DDE901120BF051
:1048800035FDA06002E00BF027FDA060002006F0DF
:1048900069FD2061002006F065FDE061002006F062
:1048A00061FD2062E06909F0A5FE206A09F0A2FE20
:1048B0000221E06906F093FC0221206A06F08FFCD9
:1048C0000021E0690AF0CDF80021206A0AF0C9F859
:1048D000206908F04DFF06480760006808B90448E1
:1048E000046060680BF0D3FE20463EE73866002087
:1048F000AC0200207D720008E8C402080021C268F2
:104900001161C2685161704701480068704700003A
:10491000AC02002000B5014611B9FFF7F5FF0146D2
:1049200009B9822000BD08680069C0F3C910F9E721
:1049300001460868C068704700B5014611B9FFF725
:10494000E3FF014609B9002000BD0868007CC0F300
:104950000110012802D0032805D100E000BF08683B
:10496000B0F90200F0E70868B0F90000ECE710B514
:10497000044614B9FFF7C8FF04461CB900BF00BFC6
:10498000002010BD206AFCE710B5044614B9FFF7FB
:10499000BBFF04461CB900BF00BF002010BDE0698A
:1049A000FCE7000010B504461CB90448F2F759FFB3
:1049B00010BD21460148F2F75AFFF9E7386600209A
:1049C00010B5044614B9FFF79FFF04461CB900BF99
:1049D00000BF002010BD2069FCE710B5044614B9E3
:1049E000FFF792FF04461CB900BF00BF002010BDB6
:1049F0006069FCE710B5044614B9FFF785FF04466B
:104A0000A06810BD00B5014611B9FFF77DFF014652
:104A100009B9002000BD0868007CC0F3011001281E
:104A200002D0032805D100E000BF0868B0F90000FB
:104A3000F0E70868B0F90200ECE710B5044614B9D5
:104A4000FFF762FF04461CB900BF00BF002010BD85
:104A5000D4F85401002801DD0120F8E70020F6E732
:104A600038B5044600200346024601460090204621
:104A70000AF046FD38BD00002DE9F04104460E461F
:104A800017469846B8F1000F08D100BF00BF15A225
:104A90003946204610F084FFBDE8F081F07A022804
:104AA00000DCF9E70025E06938B143463A46314673
:104AB0002046D4F81CC0E0470546012D06D04346E9
:104AC0003A4631462046F6F749FF0546012D06D005
:104AD00000BF00BF03A23946204610F061FF00BFAF
:104AE000DAE700004E6F0A64617461002DE9F84353
:104AF00004460D4616461F46DDF82080A06908B919
:104B0000BDE8F883CDF800803B4632462946204672
:104B1000D4F818C0E04700BFF2E71CB504461821DE
:104B2000204605F0F7FF00BF002211461046FFF7B0
:104B30006DFA0090BDF8001008460190BDF8040021
:104B40002081FF20E072401C6080012020751CBD88
:104B5000704700001FB5C0B04198807E022801DC7C
:104B600044B010BD4198006810B900BF00BFF7E71E
:104B70004098006A10B900BF00BFF1E7202238A8B2
:104B80004199F0F74EFB419800683790439810B177
:104B90004398007800B9E3E74098806802460D909A
:104BA00034A84299F2F757F93390339800B9D7E710
:104BB0004198007F32904198C07E319000BF9DF8AF
:104BC000C80008B90120329000BF4198407F00F032
:104BD000020020B94298FEF7DCFF36901AE04198B7
:104BE000407F41F6FF724199B1F91210CDE90012F0
:104BF00002904198B0F914000C90419800680B9015
:104C000002460DA80C9B43990BF070FFBDF93400D0
:104C1000369000BF00BF3798B0F908003090419837
:104C2000B0F91210309808442F9000202E9042982E
:104C30000088ADF8B40042984088ADF8B600002076
:104C40002C902B904198B0F916002C904198B0F917
:104C500018002B90BDF8B6102B98084400B2ADF8A0
:104C6000B60000202A90401E2990469840B32B9809
:104C700030BB4298B0F90200002821DA46988168DA
:104C80004298B0F90200081A002806DD46988168AB
:104C90004298B0F90200081A05E04298B0F90210F3
:104CA00046988068081A2F994900C1F580618842AA
:104CB00003DD4FF0FF314698016046980068299067
:104CC000469860B12998002809DB29982A90BDF8F8
:104CD000B61046988088084400B2ADF8B6004198F6
:104CE000407F0021CDE900104198B0F914000D90EB
:104CF0002A99439808440C90369803B2DDE90C02D7
:104D00003799F3F7AFF92A990844289040E028989A
:104D10002A904198407F0021CDE900104198B0F9D8
:104D200014000D9043992A9808440C90369803B2C9
:104D3000DDE90C023799F3F795F901462898084404
:104D40002890BDF8B6102F98084400B2ADF8B60010
:104D50004698C0B1BDF9B60010F5806F13DB4698D8
:104D6000006800280FDA46992A980860BDF9B61045
:104D70004298B0F90200091A469841604298B0F989
:104D80000210469881602A994398405C00B9E7E692
:104D9000BDF9B6103098014440988068B0F902001F
:104DA0008142B4DB9DF8C800022823D14198407F9E
:104DB00000904198B0F914000D902A992898401A53
:104DC0000C90439808440B90DDE90C13379A0BF0D4
:104DD000FFFE2E904298FEF7DCFE2E99401A0D90B1
:104DE00000EBD070BDF8B41001EB600000B2ADF87C
:104DF000B40022E09DF8C80003281ED14198407FEE
:104E000000904198B0F914000D902A992898401A02
:104E10000C90439808440B90DDE90C13379A0BF083
:104E2000D7FE2E904298FEF7B4FE2E99401ABDF898
:104E3000B410084400B2ADF8B4004198406827901F
:104E4000419881682691DDE92610884206D9279885
:104E50000D90269827900D98269000BF4198807F4E
:104E600000F0010020B94198807F00F00200E8B115
:104E700023A800F0EAFA41988089ADF88C003798B1
:104E8000807B18B1379890F90E0000E00120ADF852
:104E90008E004198807E8DF894004198807FC108F3
:104EA0009DF8950061F301008DF895000020229097
:104EB0002090FEF7A3FF1F90FEF7A0FF1E900FA803
:104EC00001F082FA4198008AADF84000BDF9B400C3
:104ED0000E90EAE1BDF8B4102C98084400B2ADF889
:104EE000B4000020229021902A99439808440D9004
:104EF000FCE000200C904FF6FF71279888420CD000
:104F00002698884209D021992A9808440146099098
:104F1000EA4A4398126890470C9021AB0AAA0BA961
:104F20000D98F3F783F84198407F00F001000028C6
:104F30007BD0E3A000780B99884212D1229820B947
:104F40002198209001202290D0E02298012802D1BF
:104F50000020229005E02298022802D10020229011
:104F6000C4E02298012867D10B98202863D1DDE99D
:104F70002001081A072859D108A8029020990D98F5
:104F80000844039006200490029801900398009032
:104F90000CE000980178019801700198401C019084
:104FA0000098401C00900498401E0490049800282B
:104FB000EFD100BF8DF826009DF821000490FDF789
:104FC00027F904469DF820000490FDF721F904EB31
:104FD000001007909DF823000490FDF719F904468E
:104FE0009DF822000490FDF713F904EB00100690E1
:104FF0009DF825000490FDF70BF904469DF8240068
:105000000490FDF705F904EB001005900598C0B277
:1050100004900698C0B203900798C0B20290DDE9F0
:105020000312FFF711F81F9003E005E04198808913
:105030001F900220229059E0419880891E9022986A
:10504000022801D11F981E90DDE90A21379802F04D
:1050500007FF1D904FF6FF71279888422ED02698A3
:1050600088422BD027990C98884227D326990C98F0
:10507000884223D2BDF8B400ADF82000BDF8B600D8
:10508000ADF82200BDF8B4101D9801444198808A03
:105090000844401E00B2ADF82400BDF8B6102F98A9
:1050A0000844401E00B2ADF8260008AA0FA9409897
:1050B00001F06EF94198C0891E9000BFBDF87800DC
:1050C000ADF8EC002DAA38A90B9B409800F097F999
:1050D0001D98002809DDBDF8B4104198828A1D98FA
:1050E0001044084400B2ADF8B40000BF2A992898D3
:1050F000411A219881423FF6FCAE4198807F00F032
:10510000020058B30E9800B2ADF830004198006824
:10511000B0F90800099000EBD070BDF8B61001EBB3
:105120006001BDF98E000A9000EBD07001EB6000C9
:1051300000B2ADF83200BDF8B400ADF82C00BDF8F7
:105140003200ADF82E00BDF87800ADF88C000BAB46
:105150000CAA23A9409800F061F900BF4198807F14
:1051600000F0010038B30E9800B2ADF83000BDF881
:10517000B610419800680089014441980068408950
:10518000091A379890F90D00081A00B2ADF83200EC
:10519000BDF8B400ADF82C00BDF83200ADF82E001B
:1051A000BDF87800ADF88C000BAB0CAA23A9409891
:1051B00000F034F900BF28982A904198407F0021E0
:1051C000CDE900104198B0F914000C9043992A9849
:1051D00008440B90369803B2DDE90B023799F2F7D9
:1051E00041FF014628980844289042980088ADF86D
:1051F000B4009DF8C800022823D14198407F009058
:105200004198B0F914000C902A992898401A0B90F4
:10521000439808440A90DDE90B13379A0BF0D8FC49
:105220002E904298FEF7B5FC2E99401A0C9000EB98
:10523000D070BDF8B41001EB600000B2ADF8B4005E
:1052400022E09DF8C80003281ED14198407F0090BD
:105250004198B0F914000C902A992898401A0B90A4
:10526000439808440A90DDE90B13379A0BF0B0FC21
:105270002E904298FEF78DFC2E99401ABDF8B4107E
:10528000084400B2ADF8B400BDF8B6102F98084439
:1052900000B2ADF8B600BDF9B61040988068B0F91C
:1052A0000600814200DD5BE400BF2A994398405C20
:1052B00000287FF40FAE00BF52E400003803002046
:1052C0002300000038B504462021204605F022FCCA
:1052D000FF20A076FEF792FD0090BDF80000A081AF
:1052E0000A4820604FF6FF706060A060FEF786FD00
:1052F0000090BDF80000E081052009F019FF009042
:10530000BDF8000020820020E07638BDE8C4020825
:1053100070B504460D461646206C20B1324629462B
:105320002046236C984770BD70B504460D4616465E
:10533000606C20B1324629462046636C984770BDA8
:105340002DE9F04705460F469146E86B10B900205D
:10535000BDE8F087E86C05F029F9044600BF1CB9E8
:1053600000BF00BF00BFFEE700BF1CB900BF00BF09
:105370000020EDE72046E96C05F0CCFBF2F714FEC7
:105380008046296821626968E161A868A061D8F84F
:105390000000007CC0F38011242001553868206093
:1053A000786860604A4621462846EB6B9847064677
:1053B00016B9204605F0D8F93046C9E770B504465D
:1053C0000D46204602F05BFB286A2060E8696060B9
:1053D000A869A060F2F7E8FD06462420415D306828
:1053E000006961F3861031680861A06C18B1294624
:1053F0002046A26C9047284605F0B6F970BD2DE90D
:10540000F04104460D4616461F463B4632462946A5
:105410002046D4F820C0E047BDE8F0812DE9F041F6
:1054200005460C4616461F46608808B9BDE8F0815F
:10543000207A022800DCF9E73B463246214628461E
:10544000D5F824C0E04700BFF0E73EB504460A2186
:10545000204605F05FFB01206080FF20207200BF26
:10546000002108460A464509BDF8003065F30203ED
:10547000CD080093BDF8003065F3C703D50800934D
:10548000BDF8003065F30C2300938308BDF800508D
:1054900063F34F350095BDF800502B460193BDF8DE
:1054A000041008460290BDF8080020803EBD0000B0
:1054B00002460B46002106E00C4850F8310000B9C6
:1054C00003E0481CC1B21029F6DB00BF102904DB41
:1054D00000BF00BF4FF0FF307047044840F8312054
:1054E00000EBC10043600846F6E70000A867002013
:1054F0002DE9F04F87B081468A4616461D46109C1E
:10550000B4F90A00301A0690B4F90800AAEB0000BA
:105510000590B4F90C00B4287EDAB4F90E00B42872
:10552000FADAA089002877D0E0890028FBD0B4F906
:105530000C10B4F90E0081426EDDB4F90A00B042DD
:1055400003DD012007B0BDE8F08F606D0699484388
:1055500080120490A16A0698401C41434FEAA1289A
:10556000B4F90C00B0F5877F0ADDB4F90C00B0F592
:10557000B47F05DAB8F1000F02DA4FF000081BE043
:10558000B4F90C00002809DDB4F90C005A2805DC38
:10559000B8F1000F02DA4FF000080DE0B4F90C008A
:1055A0005A2809DDB4F90C00B0F5877F04DAB8F1A8
:1055B000000F01DD4FF00008B4F90E00B0F5877F51
:1055C0000ADDB4F90E00B0F5B47F05DAB8F1000FCA
:1055D00002DA4FF000081BE0B4F90E00002809DDE4
:1055E000B4F90E005A2805DCB8F1000F02DA4FF0CA
:1055F00000080DE0B4F90E005A2809DDB4F90E00D8
:10560000B0F5877F04DAB8F1000F01DD4FF0000834
:105610000498A0EB080000E042E0401003904FF037
:10562000010B01200290039808EB000105980F1A66
:10563000AF4200DD2F46002F10DD04F110003BB219
:10564000324651460090484600F06EFA8346BBF160
:10565000000F03D13946484605F05CFAAF4200DD41
:105660002F46002F00DA002704F13C00EA1B13B29A
:105670000AEB070211B2009009EB0700324600F076
:1056800053FA0290029820B9E91B09EB070005F0D4
:1056900041FA0298834501D1584653E7022051E769
:1056A000B4F90C00B4287DDDB4F90E00B428FADD9D
:1056B000B4F90C10B4F90E008142F4DDB4F90A001B
:1056C000B04201DA01203DE7606D0699484380123F
:1056D0000490A16A0698401C41434FEAA128B4F9FE
:1056E0000C00B0F5877F0ADDB4F90C00B0F5B47F8B
:1056F00005DAB8F1000F02DA4FF000081BE0B4F948
:105700000C00002809DDB4F90C005A2805DCB8F1BA
:10571000000F02DA4FF000080DE0B4F90C005A282F
:1057200009DDB4F90C00B0F5877F04DAB8F1000F99
:1057300001DD4FF00008B4F90E00B0F5877F0ADDF7
:10574000B4F90E00B0F5B47F05DAB8F1000F02DA53
:105750004FF000081BE0B4F90E00002809DDB4F991
:105760000E005A2805DCB8F1000F02DA4FF00008ED
:105770000DE0B4F90E005A2809DDB4F90E00B0F5B9
:10578000877F04DAB8F1000F01DD4FF000080498BC
:10579000A0EB0800401003904FF0010B0120029095
:1057A000039800E03BE008EB000105980F1AAF42B8
:1057B00000DD2F46002F10DD04F13C003BB23246E5
:1057C00051460090484600F0AFF98346BBF1000F08
:1057D00003D13946484605F09DF9AF4200DD2F461A
:1057E000002F00DA002704F11000EA1B13B20AEBC5
:1057F000070211B2009009EB0700324600F094F95D
:105800000290029820B9E91B09EB070005F082F924
:105810000298834501D1584694E6022092E601277A
:10582000B846B4F90C00B42806D1B4F90A00B04265
:1058300000DD27E0032725E0A08938B9B4F90A0084
:10584000B04201DD03271DE001271BE0B4F90C0085
:10585000B42803DAB4F90A00B04207DCB4F90C004A
:10586000B42805DDB4F90A00B04201DC032709E0E1
:1058700004F110002B46324651460090484600F095
:1058800053F90746B4F90E00B42809D1B4F90A0057
:10589000B04202DD4FF003082BE04FF0010828E092
:1058A000E08948B9B4F90A00B04202DD4FF00108BE
:1058B0001FE04FF003081CE0B4F90E00B42803DA2F
:1058C000B4F90A00B04207DCB4F90E00B42806DDD2
:1058D000B4F90A00B04202DC4FF0030809E004F119
:1058E0003C002B46324651460090484600F01CF9D9
:1058F000804617B1B8F1000F01D1002022E6032F36
:1059000004D1B8F1030F01D100201BE6012F04D10F
:10591000B8F1010F01D1012014E6022012E60000C7
:105920002DE9F84F0646894692461C460A9D002CF2
:1059300001DA002404E0B4F5B47F01DB40F267141F
:10594000002D01DA002504E0B5F5B47F01DB40F25B
:105950006715A54205DAC4F5B4702844A6F86800B6
:1059600007E0281B002801DD281B00E0601BA6F8CB
:105970006800B481F581A6F80890A6F80AA022482C
:1059800030600120307100BF002C02DBB4F5B47F21
:1059900003DD00BF00BF00BFFEE700BF002C04DB3B
:1059A000B42C02DA4FF0000801E04FF0010800BF0C
:1059B000002D02DBB4F5B47F03DD00BF00BF00BFE4
:1059C000FEE700BF002D03DBB42D01DA012707E05D
:1059D000B42D04DBB5F5B47F01DA002700E0012720
:1059E00023465246494606F11000CDF8008000F0EB
:1059F00031F92B465246494606F13C00009700F02B
:105A000029F9BDE8F88F0000F15401082DE9F84F9D
:105A10000746884691469A464FF0000B104C15E019
:105A2000256801262068009053464A46414638467C
:105A3000D5F800C0E047064616B90020BDE8F88F4B
:105A4000022E01D14FF0010B083400BF206800285E
:105A5000E6D1BBF1000F01D00220EFE70120EDE716
:105A6000A867002070B5044626463079022814D174
:105A70002546686980B168690069002807DA6969A4
:105A8000486804F071FE686904F06EFE04E068691D
:105A90004069401E6969486107E03079052804D1F2
:105AA0002546A86804F060FE00BF70BD2DE9F041F6
:105AB00006463EB91B48006810B10120BDE8F081E0
:105AC0000020FBE7002428E0164850F8347007B99E
:105AD00021E0387902281BD1124850F83450A87CB4
:105AE00000F0010048B1B5F9102005F10801304679
:105AF000F1F76DFA58B90120E0E7B5F9102005F18A
:105B000008013046F1F7E8F908B90120D6E701E0CD
:105B10000120D3E700BF601CC4B2102CD4DB0020EE
:105B2000CCE70000A86700202DE9F84F82460D461B
:105B300090461E460A9CA08AA8EB00000FFA80F847
:105B4000608A281A05B2206A00286BD194F82800D0
:105B500000F0010010B3207C00F0030020B1207C95
:105B600000F00300012802D10120BDE8F88F207C5D
:105B700000F00300022805D108F10100002801DA35
:105B80000120F2E7207C00F00300032804D1B8F1E3
:105B9000000F01DD0120E8E70020E6E7207C00F0AF
:105BA0000300022804D0207C00F00300032801D168
:105BB0000120DAE7207C00F00300012802D1002D4B
:105BC00000DDD2E7207C00F00300A0B9A81900286E
:105BD00001DA0120C9E76F42002F01DA0020C4E793
:105BE000002F06DBB74204DAF11B0AEB070004F0D2
:105BF00091FF0220B9E7A819002801DA0020B4E7D4
:105C00006F42002F00DA0027B74201DB0020ACE72B
:105C1000002F05DBB74203DA3946504604F07AFF1D
:105C20000220A2E794F8280000F0010040B13346BA
:105C30004246294650460094FDF768FB814607E03E
:105C400033464246294650460094FDF750FC8146B3
:105C500048468AE72DE9FC4781460D4616461C4614
:105C6000DDF828A0B42C02DDA4F1B40004B204F1E4
:105C70005A0000B20AF04CFE05EB601720460AF00D
:105C800047FE06EB60180FFA88F03BB23246294611
:105C9000CDE9000A484600F003F8BDE8FC870000A3
:105CA0002DE9F05F04460F4615469846DDE90A6B7C
:105CB0002C21204604F02EFFB54206D1BBF1030F84
:105CC00003D1681E05B2701E06B2B54206DD40461D
:105CD000B846074630462E46054600BF27816581F7
:105CE000A4F80C80E68184F810B06782A582A8EB46
:105CF0000700002802DDA8EB070001E0A7EB080081
:105D0000711B002901DD711B00E0A91B884201DD28
:105D1000012000E0002094F8281060F3000184F8CE
:105D200028100020E061A061474820600020207119
:105D3000A8EB0709A6EB050A94F8280000F001007B
:105D4000C0B1B9F1000F07D04FF4801191FBF9F009
:105D500000FB0AF18912E161BAF1000F07D04FF49C
:105D6000801191FBFAF000FB09F18912A161E16950
:105D7000216218E0BAF1000F07D04FF4801191FBB7
:105D8000FAF000FB09F18912A161B9F1000F07D007
:105D90004FF4801191FBF9F000FB0AF18912E161E7
:105DA000A169216200BF207C00F0030030B994F8A3
:105DB000280020F0020084F8280039E0207C00F060
:105DC0000300012807D194F8280020F00200801C6D
:105DD00084F828002CE0207C00F00300022811D178
:105DE000206A002807DD94F8280020F00200801CBB
:105DF00084F828001CE094F8280020F0020084F8C1
:105E0000280015E0207C00F00300032810D1206A50
:105E1000002806DD94F8280020F0020084F828000D
:105E200006E094F8280020F00200801C84F8280086
:105E3000206A80106062206A002802DA606A4042AC
:105E40006062BDE8F09F0000295B01082DE9F04F7A
:105E50008DB080468B4691461D461698807C00F09A
:105E600001000C901698B0F910000B9016990831AB
:105E700009A8FDF7FDFD0C9858B9BDF92600484565
:105E800003DCBDF92A0048450DDA00200DB0BDE85D
:105E9000F08FBDF92600484503DCBDF92A004845CE
:105EA00001DA0120F2E7BDF924100B9808445845A7
:105EB00007DC0BEB0501BDF928200B98101A814275
:105EC0000BDDBDF926100B980844484559DCBDF997
:105ED0002A100B98081A484553DB0C9858BBBDF99B
:105EE0002400A0EB0B0001900198A84201DD0020E6
:105EF000CCE70198002803DB4046019904F00AFE34
:105F0000BDF92800A0EB0B0000F1010ABAF1000F67
:105F100001DC0020BAE7AA4505DAA5EB0A0108EB87
:105F20000A0004F0F7FD019818B9AA4501D1012033
:105F3000ACE70220AAE7BDF92400A0EB0B0ABAF1F6
:105F4000000F01DA4FF0000AAA4517DCBDF928005E
:105F5000A0EB0B00A0EB0A00401C019001985044FC
:105F6000A84202DDA5EB0A0001900198002804DB9D
:105F700008EB0A00019904F0CDFD00BF00BF02202C
:105F800084E7BDF92400A0EB0B00089009A8FDF7F9
:105F900007FE079009A8FDF797FD0690BDF82400BD
:105FA000ABEB00000FFA80FBBDF82600A9EB000068
:105FB0000FFA80F90B98814506DA0B98A0EB0900DF
:105FC000401E00B2039006E00B990698401AA9EB18
:105FD000000000B20390169904AB05AA4869039922
:105FE000FBF72DFD0290DDE9071001440B98081A1C
:105FF000BDF81010084406B20B9908980844BDF883
:106000001010401A401E07B20C98002863D10024DB
:1060100025E0BDF91400001B401E029911F800A0F4
:10602000301900280BDB3019A84208DA301918F8AB
:10603000001050460CF091FB311908F80100381B94
:106040000BD4381BA84208DA381B18F80010504649
:106050000CF083FB391B08F80100601C04B2BDF989
:1060600014008442D5DB3019A84201DA301900E06F
:106070002846002801DA002005E03019A84201DA9C
:10608000301900E0284606B2A91B08EB060004F010
:1060900041FDBDF91400381A401CA84204DABDF9CC
:1060A0001400381A401C00E02846002801DA0020BD
:1060B0000BE0BDF91400381A401CA84204DABDF9FF
:1060C0001400381A401C00E0284607B23946404602
:1060D00004F020FD5FE0002427E0BDF91400401E1D
:1060E000011B0298405CC0F1FF00009030190028AD
:1060F0000BDB3019A84208DA301918F800100098A4
:106100000CF02BFB311908F80100381B0BD4381B9D
:10611000A84208DA381B18F8001000980CF01DFB94
:10612000391B08F80100601C04B2BDF91400844258
:10613000D3DB781CA84200DA00E02846002801DA08
:10614000002004E0781CA84200DA00E028460FFA9C
:1061500080FAA6EB0A00A5EB0A01884202DAA6EB58
:106160000A0001E0A5EB0A00002801DA00200AE09D
:10617000A6EB0A00A5EB0A01884202DAA6EB0A00A8
:1061800001E0A5EB0A0000B2019008EB0A000199BA
:1061900004F0C0FC00BF022078E600002DE9F84FB3
:1061A00007468846154699464046FDF7F9FC834662
:1061B0004046FDF789FC00900098834501DA584677
:1061C00000E000988246B5EB6A0F02DD4FEA6A00F4
:1061D00005B2002D00DA0025414607F10800FDF761
:1061E00047FC3D8287F81290514838600220387190
:1061F0001DB900207861BDE8F88F002440E0C4EBB1
:10620000C4004C4901EB8000B0F91800A84236D117
:10621000C4EBC40001EB80004069401CC4EBC40126
:10622000444A02EB81014861C4EBC400114601EB12
:1062300080000169102D01DA012000E028110844D6
:10624000B0F57A7F0CDAC4EBC4003A4901EB800068
:106250000169102D01DA012000E02811084401E055
:106260004FF47A70C4EBC401324A02EB8101086139
:10627000C4EBC400114601EB80007861BBE7641CED
:10628000042CBCD3002600241BE0C4EBC400294925
:1062900001EB8000406998B926B9C4EBC40001EB5A
:1062A00080060DE0C4EBC400224901EB80000069C8
:1062B0003169884204DAC4EBC4001E4901EB800650
:1062C000641C042CE1D396B91C2004F06FF9064637
:1062D00000BF1EB900BF00BF00BFFEE700BF1C210A
:1062E000304604F017FC4FF0FF30306119E0706960
:1062F000401C7061002030613169102D01DA0120ED
:1063000000E028110844B0F57A7F07DA3169102DD2
:1063100001DA012000E02811084401E04FF47A700E
:1063200030617E6129467869F4F7A8FC00BF62E716
:106330004D5E01083867002070B505460026002430
:106340000DE0094800EBC4004068A84205D10648AA
:1063500050F83460204600F009F8601CC4B2102CDC
:10636000EFDB304670BD0000A8670020014600202A
:106370004A1C4AB1054A52F831000022034B43F847
:10638000312003EBC1035A6070470000A86700206A
:1063900070B505460E46144600BFE0886188401A75
:1063A000401C00B2012807DB00BFA0882188401AEA
:1063B000401C00B2012800DA70BD22463146284652
:1063C0002B69984700BFF7E738B5044638212046C7
:1063D00004F0A0FBFEF720F90090BDF80000A080BB
:1063E000FEF71AF90090BDF80000E080FDF711FDFE
:1063F0000090A01DBDF800106181FF2121730221D2
:10640000A173FDF706FD0090BDF800000C3460821A
:10641000FDF7FFFC0090BDF8000020840848A06054
:10642000FF2004F8090CA073A077A07584F82A0057
:10643000E07D20F03E001E30E0750C3C38BD0000D1
:10644000E8C402082DE9F04FC9B081460D46144654
:106450009846539F529E287B022802DC49B0BDE833
:10646000F08F688800B9F9E7BE4200D1F6E7B5F9C8
:1064700002A0C24501DD0FFA88FA3BA8FFF7A4FF8E
:10648000687B00F003008DF8EE00A86840B10020A2
:106490008DF8EF00A8683F90287B8DF8060105E095
:1064A000287B8DF8EF002888ADF8F0002088A0EB5D
:1064B000080000B2ADF8E4006088A0EB080000B26C
:1064C000ADF8E60020884044401E00B2ADF8E80078
:1064D00060884044401E00B2ADF8EA0000BFBDF83D
:1064E000E400ADF8DC00BDF8E600ADF8DE00BDF874
:1064F000E800ADF8E000BDF8EA00ADF8E20000BF4A
:10650000BDF8DC006988084400B2ADF8DC00BDF8D5
:10651000DE006988084400B2ADF8DE00BDF8E00096
:106520006988401A00B2ADF8E000BDF8E200698861
:10653000401A00B2ADF8E2004FF0FF3B002030906F
:1065400000BFBDF8E000BDF8DC10401A401C00B2EE
:10655000002817DD00BFBDF8E200BDF8DE10401ACC
:10656000401C00B200280DDD012347F6FF7237A959
:1065700031A8FFF713FE01203090002131A8FEF76B
:1065800097FF8346002347F6FF7239A92AA8FFF731
:1065900005FE00212AA8FEF78BFF299006F5B470AE
:1065A000B84203D007F5B47086421AD147F6FF709F
:1065B000ADF8EC0039AA3BA94846FFF7E9FE299857
:1065C000FFF7D4FE0BF1010010B15846FFF7CEFEE5
:1065D0002AA8FFF747FA309810B131A8FFF742FA1E
:1065E0003CE702E0A6F5B47086B2B6F5B47FF9DAFE
:1065F00002E0A7F5B47087B2B7F5B47FF9DA38B224
:106600000090B4F90220B4F9001033B20EA8FFF7DD
:1066100087F900210EA8FEF74BFF0D90B74204DD6D
:10662000B81BC0F5B4700C9001E0F01B0C90D9F8C9
:1066300008000B900C983C282EDDB8F10A0F2BDDDA
:1066400004940FFA88F0ADF81400ADF81660ADF8B8
:1066500018705A2096FBF0F000F00300ADF81A0015
:106660005A2097FBF0F000F00300ADF81C00ADF8E5
:106670001EA03BA8089039A80990CDF8289004A83E
:10668000F7F757FD04A8F7F778FE04A8F7F79EFF81
:1066900004A8F8F7C9F804E039AA3BA94846FFF76F
:1066A00077FE0EA8FFF7DEF92AA8FFF7DBF930988E
:1066B00010B131A8FFF7D6F90D98FFF757FE2998CA
:1066C000FFF754FE0BF1010010B15846FFF74EFEE4
:1066D000687BC0F3800000287ED00AF0FF0203AB85
:1066E0000FFA88F130B2FBF76EFABDF80C00218882
:1066F000084400B2ADF80C00BDF810002188084431
:1067000000B2ADF81000BDF80E006188084400B278
:10671000ADF80E00BDF812006188084400B2ADF873
:10672000120003AA01A80B99F0F795FBD0B1002342
:1067300047F6FF7203A905A8FFF730FD002105A861
:10674000FEF7B6FE009001A8C9F8080039AA3BA9D7
:106750004846FFF71DFE0098FFF708FE05A8FFF763
:1067600081F900BF0AF0FF0203AB0FFA88F138B2DB
:10677000FBF729FABDF80C002188084400B2ADF8F7
:106780000C00BDF810002188084400B2ADF81000DC
:10679000BDF80E006188084400B2ADF80E00BDF8E7
:1067A00012006188084400B2ADF8120003AA01A8E3
:1067B0000B99F0F750FBE0B1002347F6FF7203A9F5
:1067C00005A8FFF7EBFC002105A8FEF771FE00907D
:1067D00001A8C9F8080000E00FE039AA3BA9484623
:1067E000FFF7D6FD0098FFF7C1FD05A8FFF73AF9BE
:1067F00000BF0B98C9F8080000BF00BF2EE670B5B7
:1068000004460D461646324629462046F5F76CFBEF
:10681000324629462046F5F75CFD70BD7CB504463E
:106820000D46287E022800DC7CBDA26868462968E7
:10683000F0F711FB00B9F7E7606B10B12046616B10
:10684000884729462046626D904700BFECE72DE956
:10685000F04F89B006460C46E06800B90025E068B4
:1068600020B1207C10B909B0BDE8F08F207C012850
:1068700001D1002500E0E5687068FDF760F9834606
:10688000B26807A82168F0F7E6FA00B9EBE7F1F77C
:106890008BFB8146D6F800A0D9F80000C06968BB20
:1068A000D9F80000007CC0F3801080B9BDF91C004D
:1068B0007168B1F90010401ABDF91E107268B2F982
:1068C0000220891A0BFB01000AEB400A16E0504631
:1068D000BDF91E107268B2F90220891A01FB0BF192
:1068E00001EB41010844BDF91C107268B2F90020A7
:1068F000891A01EB41010844824600BF6068069096
:106900000698B0B12068FDF71AF98046BDF91C0061
:106910002168B1F90010411ABDF91E002268B2F9D0
:106920000220821A08FB0211069800EB4100069033
:1069300001E04FF000088DB3D9F80000007CC0F3EF
:10694000C000B8B96069FDF7DBF80590002004903D
:106950000BE00498285C802801DDFF2100E0002185
:10696000049829540498401C0490DDE904018842ED
:10697000EFDB00BF6069FDF7E2F80746BDF91C00D8
:106980006169B1F90010411ABDF91E006269B2F9DE
:106990000220821A07FB0210054401E0FFE70027EE
:1069A00070684088404202B270680088404201B27C
:1069B00007A8FDF722F9D9F80000C069C8B16068DE
:1069C00058B9207E8DE8A100208903465A4607A9C0
:1069D00005905046F9F7E8FC44E0207ECDE90080C0
:1069E000CDE902575A4607A95046069B0BF015FE03
:1069F00038E0607EC8B9606858B9207E8DE8A10093
:106A0000208903465A4607A905905046F9F714FB1A
:106A100028E0207ECDE90080CDE902575A4607A93B
:106A20005046069B0BF052FC1CE0606868B9607E23
:106A3000217E8DE8A2000390208903465A4607A9CB
:106A400005905046F9F746FA0CE0607E217ECDE9CC
:106A50000081CDE9025704905A4607A95046069B8B
:106A60000BF06CFB00BFFEE62DE9FC5F0F46904685
:106A70001C46DDE90DABDDF830903D464E46B4F9DD
:106A8000020000FB08F005EB4005B4F9000005EB3F
:106A90004005BBF9020000FB0AF006EB4006BBF91B
:106AA000000006EB400600BFA0882188401A401C69
:106AB00000B240000190B4F9020000900CE03146B1
:106AC0002846019A03F0A4FE05EB480506EB4A06AA
:106AD0000098401C00B20090B4F906100098814262
:106AE000EDDABDE8FC9F2DE9F04FA1B006460C465B
:106AF00015461F46DDF8A8901FA8B168FCF79DFF5A
:106B00001FA8FEF7D3FF1E90208818B96088B0F543
:106B1000807F01D0012000E000201D901C2114A8DE
:106B200003F0F8FFE07A8DF86800207B00F00F009A
:106B30008DF869001BA814901E9868B91D9858B963
:106B4000B9F1040F08D1A07A30B91597149514A99A
:106B50003046FFF763FE6CE11E98E8B91D98D8B97E
:106B6000B9F10E0F18D1294612A8B268F0F773F9DF
:106B700010B921B0BDE8F08F179719950020159036
:106B80002089ADF8580002208DF86000149514A9F2
:106B90003046FFF743FE4CE11E9800BB1D98F0B94C
:106BA000B9F1140F1BD1A07AC8B92846FCF7CEFF63
:106BB00080462846FCF77AFF8246159717974FEADA
:106BC0004801179801FB0A001790149519950220A7
:106BD0008DF8600014A93046FFF720FE29E1B06867
:106BE0000088ADF86C00B0688088ADF87000B068BF
:106BF0004088ADF86E00B068C088ADF872002846D5
:106C0000FCF7A4FF13902846FCF750FF12901BA836
:106C1000FCF74CFF11901BA8FCF798FF1090F1F7C0
:106C2000C3F98346FDF788FE0F901BA8FCF768FFA9
:106C30000E9010980C90DDE90E01884202D8119850
:106C40000D9004E0DDE90F01B0FBF1F00D90DDE9FE
:106C50000C0148430B900B99480003F0F1FC80466F
:106C60000B9803F0EDFC8246CDF85CA01BA81990B0
:106C700002208DF86000CDF85480BDF972000A90B2
:106C8000BDF86E100D980844401E00B2ADF87200B9
:106C9000B9F1040F05D1208818B96088B0F5807F5C
:106CA00001D0022000E00120099009988DF86000D1
:106CB000B2E01BA907A8FCF7C0FE6888404202B2F8
:106CC0002888404201B207A8FCF797FF1D9870B1D1
:106CD000CDE9048ACDE90249DDE912010B463A46C5
:106CE000CDE9000107A9304600F0A8FE0BE0CDE990
:106CF000038ACDE90149139800900246394607A856
:106D0000129BF4F7EFFAA07A02283FDD94F80AB05C
:106D100020890490049A584605A90292BDF80820DB
:106D2000C2F3C40212FB00F20A80BDF80820520729
:106D3000920EBDF8083002EB533212FB00F24A808B
:106D4000BDF80820C2F3042212FB00F28A8000BFC3
:106D5000CBF1FF0B0020039013E0039808EB4000F9
:106D600000885A460146019005A8FDF7CDFB029028
:106D7000039808EB4000BDF8081001800398401C00
:106D800003900B9903988842E7D300BF1E9840B345
:106D9000CDF818A0BDF96EB01EE0BDF96C105A46D2
:106DA000109B0698FEF732FE0590059838B91099A9
:106DB000069803F0AFFE02208DF8600004E005980D
:106DC000022801D18DF860001099069808440690B9
:106DD0000BF101000FFA80FBBDF972005845DCDAB7
:106DE00000BF14A93046FFF719FDBDF87200401C22
:106DF00000B2ADF86E00BDF86E100D980844401E4C
:106E000000B2ADF87200BDF972100A98814202DD3D
:106E10000A98ADF8720000BFBDF96E100A98814261
:106E20007FF747AF504603F087FC404603F084FCF1
:106E300000BF00BF9DE6000070B506460C46254623
:106E40005821284603F066FE104868611048286102
:106E500010482863104828621048A86110486862EA
:106E60001048A8621048E862104868631048A86398
:106E70001048E86310482864104868641048A86403
:106E8000104868652C20E06470BD0000456401086E
:106E9000ED770108FF670108F7700108E76A01084C
:106EA0005572010859740108297801083B7A0108D4
:106EB000696A0108BB6F0108C96E01082D6F0108DE
:106EC000E97001084F6801082DE9F04106460C46BB
:106ED00090462546F1F768F8074608F0010098B19A
:106EE000AA6A22F00041606903F014FEA86A20F04B
:106EF000004000F10040A8623868006920F04000BE
:106F000040303968086109E0A86A20F00040A862B2
:106F10003868006920F040003968086160693060B5
:106F200004F108007060B060BDE8F0812DE9FE4317
:106F300005460C461746A04628680290009820F0A7
:106F4000E00000906868FCF708FE009960F3942167
:106F500000916868C1884288891A491C009861F3C9
:106F60005F500090D8F82800C00F08B1052100E05C
:106F70000421009861F304000090206A2860E06911
:106F80006860A069A860F1F70FF806462420015D4B
:106F90003068006961F38610316808616B4604F15E
:106FA000080239462846FDF767FD284600F067FDD0
:106FB000684601F035FCBDE8FE832DE9F047064642
:106FC0008846154605F0010020B100BF00BF002033
:106FD000BDE8F087444605F0010008B1032000E059
:106FE0000220814605F0020000284BD0A06A00F084
:106FF000004000F5C040A0622046FCF781FD00FB88
:1070000009FAA06A20F00040504503D9A06A6AF34B
:107010001E00A062A16A21F0004003F0C7FA60617F
:10702000606988B900BF00BFA06A00F0004000F5A9
:107030004060A062A16A21F0004003F0B7FA6061ED
:10704000606908B90020C3E72068A0606068E0605C
:107050006188E18104F10800FCF77FFD0746A06A22
:1070600020F0004191FBF7F0032190FBF1F000B21A
:107070002082A06A20F0004191FBF7F0400800B2A6
:1070800060822FE02068A0606068E0602046FCF726
:1070900037FD00FB09F0A16A60F31E01A162A16A3D
:1070A00021F0004003F082FA6061A26A22F0004100
:1070B000606903F02FFDA06A65F3DF70A06260696C
:1070C00008B9002084E76069306004F1080070604E
:1070D000B060F0F769FF07463868016965F386110B
:1070E000016100BF404673E770B505460C46606914
:1070F00003F03AFB70BD2DE9F04F97B004460E4601
:1071000017461D4600232A4613A9306800F0D9FD12
:107110008346BBF1000F40D1202D3BD34FF6FF003B
:10712000854237D042F20C00854233D000BF00BF09
:107130003888BDF8561008440FFA80F97888BDF8F1
:10714000581008440FFA80FABDF85400504400B2B9
:107150000090BDF85200484403B25246494610A878
:10716000FCF75CFD02A8FFF72FF902208DF80B0059
:107170008DF832008DF83E008DF82200B089ADF810
:1071800026000120ADF8280010AA02A92046236994
:10719000984700BF17B0BDE8F08FBDF8540010B19C
:1071A000BDF8520000B9F5E73888BDF8561008441C
:1071B00000B2ADF848003068008931684989401A4A
:1071C00079880844BDF85410401ABDF85810401A88
:1071D00000B2ADF84A00BDF94800BDF852100844AD
:1071E000A168B1F90010884217DBBDF94800A16819
:1071F000B1F90410884210DCBDF94A00BDF8541002
:107200000844A168B1F90210884206DBBDF94A00C2
:10721000A168B1F90610884200DDBBE72946139842
:1072200000F040FD8046B8F1000F02D100BF00BF62
:10723000B0E71398007B00F0030008B100BF07E03F
:1072400013AB12AA31462046CDF80080F5F7CAFFED
:1072500000BF9FE72DE9F04F93B080460E461446DD
:107260001D46708810B913B0BDE8F08F307A02283F
:1072700000DCF8E7B4F90000B5F90010884206D147
:10728000B4F90200B5F90210884200D1EBE7B4F975
:107290000010B5F90020914202DAB4F9001001E0C3
:1072A000B5F90010B6F9020000EBD072A1EB620153
:1072B00009B2ADF84410B4F90010B5F900209142BC
:1072C00002DDB4F9001001E0B5F90010B6F90200D2
:1072D00000EBD07201EB620109B2ADF84810B4F9CD
:1072E0000210B5F90220914202DAB4F9021001E06D
:1072F000B5F90210B6F9020000EBD072A1EB620101
:1073000009B2ADF84610B4F90210B5F90220914265
:1073100002DDB4F9021001E0B5F90210B6F902007D
:1073200000EBD07201EB620109B2ADF84A1011A96D
:1073300011A8D8F80820EFF78EFD8246BAF1000FA9
:1073400000D190E7D8F808B011A8C8F80800B4F93F
:107350000200B5F90210884206D12B46224631467A
:107360004046F6F71DF912E0B4F90000B5F9001037
:10737000884206D12B46224631464046F6F72AFC83
:1073800005E02B46224631464046F6F7F5F9707A7D
:10739000C0F3C00020B9707AC0F38000002857D035
:1073A00003A8FFF711F83088ADF8100047F6FF701A
:1073B000ADF80C00307A8DF80F00B6F902004710D6
:1073C000B07800F0010080F00109707AC0F380000D
:1073D000E0B12088C01B00B2ADF804006088C01B7B
:1073E00000B2ADF8060020883844A0EB090000B2D6
:1073F000ADF8080060883844A0EB090000B2ADF891
:107400000A0001AA03A94046FEF7C2FF707AC0F342
:10741000C000E0B12888C01B00B2ADF80400688845
:10742000C01B00B2ADF8060028883844A0EB090064
:1074300000B2ADF8080068883844A0EB090000B23B
:10744000ADF80A0001AA03A94046FEF7A1FF00BF5C
:10745000C8F808B000BF06E72DE9FF4F93B090468B
:107460001E46032E02DA17B0BDE8F08FB8F1000F08
:1074700000D1F8E7B00003F0E3F8044604B9F2E7FE
:1074800000201290D8F80000206000251EE038F996
:107490002510681C38F9200081420AD108EB8500CC
:1074A000B0F90210681C08EB8000B0F902008142BC
:1074B0000AD0129804EB800008EB8501096801608E
:1074C0001298401C80B21290681C85B2701EA842AF
:1074D000DDDCB8F9001038F92000814208D1B8F994
:1074E0000210701E08EB8000B0F9020081420BD040
:1074F000129804EB8001701E08EB800000680860A1
:107500001298401C80B21290129E032E03DA20467D
:1075100003F012F9A7E7B44903C9CDE9100100252A
:107520003DE0BDF9400034F92510884202DABDF98A
:10753000400001E034F92500ADF84000BDF94200FB
:1075400004EB8501B1F90210884202DABDF942006C
:1075500003E004EB8500B0F90200ADF84200BDF98C
:10756000440034F92510884202DDBDF9440001E0F1
:1075700034F92500ADF84400BDF9460004EB85015F
:10758000B1F90210884202DDBDF9460003E004EBC8
:107590008500B0F90200ADF84600681C85B2B5421E
:1075A000BFDB139810A982680DA8EFF754FC0F9069
:1075B0000F9818B9204603F0BFF854E71398806875
:1075C0000C900DA913988160B4F902000B90002073
:1075D0000A9001250FE004EB8500B0F902100B982A
:1075E000814206DA04EB8500B0F902000B9028B264
:1075F0000A90681C85B2B542EDDB2C2106FB01F038
:1076000003F01EF8099009980890DDF828A0DDF82D
:1076100028A0D34600200790DDF828A0AAF1010792
:10762000002F00DA37440A9800F10109701E48451E
:1076300001DA4FF0000934F827100A9834F82000D6
:10764000081A01B2069134F829100A9834F820007B
:10765000081A01B2059104EB870041880A9804EBEF
:1076600080004088081A00B2049004EB8900418829
:107670000A9804EB80004088081A00B203900020AA
:107680000290DDE9040110FB01F20699039810FB5A
:1076900001F0824201DA0120029000BF029860B935
:1076A000AAF10107002F00DA37440BF10109701E1F
:1076B00048450EDA4FF000090BE00AF10107701E91
:1076C000B84200DA0027ABF10109B9F1000F00DA86
:1076D000B14404EB8700B0F9020004EB8A01B1F970
:1076E000021088422CDB04EB8700B0F9020004EBA7
:1076F0008A01B1F9021088421ED034F9270034F90A
:107700002A10884218D0012104EB8700B0F902004A
:10771000CDE9000134F9273004EB8A00B0F90220EA
:1077200034F92A100898FEF7BBFADDE90801FDF7E5
:10773000BFFE08982C3008900798401C0790BA4666
:107740000798B04200D13AE004EB8900B0F902009A
:1077500004EB8B01B1F9021088422CDB04EB8900A9
:10776000B0F9020004EB8B01B1F9021088421ED07F
:1077700034F9290034F92B10884218D0002104EB89
:107780008900B0F90200CDE9000134F9293004EB99
:107790008B00B0F9022034F92B100898FEF780FA1C
:1077A000DDE90801FDF784FE08982C300890079861
:1077B000401C0790CB460798B042FFF46FAF00BF64
:1077C00010AADDE91301FEF7E3FD0998FEF7B4FD09
:1077D000099802F0B1FF204602F0AEFF13990C9811
:1077E000886000BF3FE60000848F020870B5044641
:1077F0000D461646324629462046F7F797F9324697
:1078000029462046F4F770FB324629462046F4F715
:1078100060FD324629462046F4F786FE3246294668
:107820002046F6F706FC70BD2DE9FF4FA3B00C46CD
:10783000DDF8C8A0DDE93467BAF9000040421F90C6
:10784000BAF802004FF4803191FBF0F01E90DAF8A4
:10785000040022900A211F9890FBF1F017901798CE
:10786000401C1690179800EB80001F99A1EB400078
:107870001590179800B209F04BF81490169800B2C2
:1078800009F046F8139017985A3000B209F040F802
:10789000129016985A3000B209F03AF811901598E3
:1078A000C0F10A0014994843159A139901FB02008C
:1078B0000A2190FBF1F01C901598C0F10A01129872
:1078C0004843159A119901FB02000A2190FBF1F03F
:1078D0001D901C9840111C901D9840111D90BDF9E1
:1078E000880000022090BDF98A000002219000BFAC
:1078F000A0882188401A401C00B2054600BFE088DD
:107900006188401A401C00B210904FF0000B8DE0CF
:107910000EA80090B4F9020000EB0B02B4F90010BD
:107920000FAB18A80FF015FD0CA80090B4F90200D9
:1079300000EB0B02B4F904100DAB18A80FF009FD11
:107940000F990D98401A0B900E990C98401A0A90B6
:10795000002009900890012D0BDD0B980102681E94
:1079600091FBF0F009900A980102681E91FBF0F07B
:1079700008900F9800F180080E9800F180099AF89D
:10798000140000F00100002839D13398042814D0E5
:10799000052804D0062811D014282ED11FE00898FD
:1079A00003A9E1C10998CDE900890290DDE93023FE
:1079B000DDE92501F1F792FE20E000BF339804A92C
:1079C000E0C10790DDE90801CDE90089CDE90210A9
:1079D000DDE93023DDE925010CF0C6F80EE008985A
:1079E00003A9E1C10998CDE900890290DDE93023BE
:1079F000DDE925010CF06CF800E000BF0FE03398E2
:107A000004A9E0C10790DDE90801CDE90089CDE9CD
:107A10000210DDE93023DDE92501F1F799FC06EBE1
:107A200045062F440BF101000FFA80FB10988345A7
:107A3000FFF66EAF27B0BDE8F08F70472DE9FF4F1E
:107A400087B004460D4614AE96E8C00F00BF1CB9BF
:107A500000BF00BF00BFFEE700BFE06A20B900BF63
:107A600000BF0BB0BDE8F08F8DE8C00FD4F82CC07C
:107A700029462046DDE90923E04700BFF1E710B5BC
:107A80000446606B10B12046616B884710BD01460B
:107A9000087A20F08000704701464868704700B5BA
:107AA0000246107A15280ED0107A14280BD0107ABE
:107AB000162808D0107A182805D0107A172802D076
:107AC000107A192803D1104600F03FF800BD00BF1E
:107AD00000BF0020FAE700B50246107A01282CD03A
:107AE000107A022829D0107A032826D0107A042888
:107AF00023D0107A052820D0107A06281DD0107ABD
:107B000007281AD0107A082817D0107A092814D01C
:107B1000107A0A2811D0107A0B280ED0107A0C286F
:107B20000BD0107A0D2808D0107A0E2805D0107AC4
:107B30000F2802D0107A102803D1104600F005F863
:107B400000BD00BF00BF0020FAE70146086970478A
:107B50000146086870470000F0B587B004460D463E
:107B6000164614B9012007B0F0BD00BF00BF009455
:107B700001948DF808500020039004969DF8180099
:107B800020F001008DF818009DF8180020F0040086
:107B90008DF818009DF8180020F002008DF81800EC
:107BA0000748006805900649C1F800D06846F8F714
:107BB00040F807460249059808603846D3E70000B8
:107BC0001C02002010B503460C46187A13280DD16C
:107BD0001846FFF7BAFF0246B2F90000A04202DDE4
:107BE000B2F9000000E02046108001E000BF00BFB5
:107BF00010BD10B500F004F800F0B0FC10BD00009E
:107C000010B500210F4802F0FFFA0F49088000204C
:107C100007F0F4FF0D490880042007F0EFFF0C493E
:107C20000880042007F0EAFF0A490880042007F0D2
:107C3000E5FF09490880042007F0E0FF07490880B4
:107C400010BD0000690C01086002002062020020E3
:107C50006402002066020020680200206A02002000
:107C60002DE9F04106460F46092F00D1202734693F
:107C700039463046F9F77CFC054615B90020BDE8C9
:107C8000F081606800EBC508608A800B30B920681D
:107C9000D8F80010C1F313010844F0E700BF00BF9B
:107CA0000020ECE770B504460D4600BF1CB900BFCC
:107CB00000BF00BFFEE700BF29462046626890472C
:107CC00070BD2DE9F04707460C469046994600BF27
:107CD0001FB900BF00BF00BFFEE700BF00BF1CB957
:107CE00000BF00BF00BFFEE700BF00263D460020EA
:107CF000206016E04B46424621462846D5F800C093
:107D0000E0478246BAF1000F09D0A07BC0F3001013
:107D100018B925600120BDE8F08706B92E466D69C7
:107D200000BF002DE6D14EB14B46424621463046BB
:107D3000D6F800C0E04726600120ECE7B8F1200F3C
:107D400007D34FF6FF00804503D042F20C00804578
:107D500003D10020E080A08009E0B7F9080000EB23
:107D6000D071C1F34F01E180E088801CA080002029
:107D700020603889208100206081A081A07B20F0D4
:107D80000F00401CA073A07B20F010001030A073E7
:107D90000020C0E72DE9FF4F83B00C469146B9F1B2
:107DA000090F01D1012000E000208246BAF1000F46
:107DB00001D04FF020090398066949460398F9F766
:107DC000D7FB07461FB9002007B0BDE8F08F4FF082
:107DD000000BF06868B106990398F9F7C9FB0190A8
:107DE000019828B13946019A0398F9F7D7FC8346E0
:107DF00000BF706800EBC705308A00FB0BF0001174
:107E0000029028684FEA1058BAF1000F01D04FEAEB
:107E100048080298804408F108004FEA1018A4F8B6
:107E20000480687920812879E08095F906006081D6
:107E300095F90700A081708A400AA17B60F30301D5
:107E4000A173A07B20F01000A073BAF1000F05D041
:107E5000E0884FF6FF7101EA4000E0800120B3E7BF
:107E60007FB504460D46164600BF1CB900BF00BFD3
:107E700000BFFEE700BF33462A4669462046FFF7AB
:107E800020FFBDF8040004B070BD0146B1F9080040
:107E9000704770B50446606808B90B2070BD606813
:107EA000C06808B90920F9E7D4E90010C268904712
:107EB00005466068408858B1A06848B1A068C068AD
:107EC00018B1A168C86802F04FFCA06802F04CFC31
:107ED000002020606060A0602846DFE770B505469E
:107EE0000948EFF7BEFC04460AE020680078A84283
:107EF00001D1206870BD21460348EFF7B8FC044665
:107F0000002CF2D10020F5E75066002070B5054640
:107F10002846EDF7E0F904460EE0285D2E2802D150
:107F2000601C284470BD285D2F2802D0285D5C2885
:107F300001D103A0F6E7641E002CEED100A0F1E70A
:107F400000000000401C01783A2900D1401C704715
:107F50002DE9F04705460F46914627B900BF00BFFF
:107F60000B20BDE8F08797F800804046FFF7B6FF8A
:107F700004461CB900BF00BF0320F2E7606838B1B7
:107F800020466168884718B900BF00BF0120E8E7B4
:107F9000A06818B900BF00BF0920E2E73846FFF724
:107FA000D1FF82464A4651462046A3689847064676
:107FB0000EB1701C08B90C20D3E76C602E6060888D
:107FC000B0B1102002F0F2FAA86000BFA86818B99A
:107FD00000BF00BF00BFFEE700BF1021A86802F08D
:107FE00099FD4FF0FF30A96808604000A96848601B
:107FF0000020B6E72DE9FC4104460F4690461D4699
:108000000DB100202860606810B90B20BDE8FC812C
:108010006068006908B90920F8E7002001906068ED
:10802000408838B101AB42463946204600F011F88D
:10803000064609E001A80090D4E9001043463A46FC
:10804000D0F810C0E04706460DB1019828603046D0
:10805000DCE72DE9F04F87B004468A4615461F46F7
:1080600000200690A068D0F80880A06800680590FD
:10807000A06840680490A068D0F80CB06068B0F8C0
:1080800002900598404568D80498804565D20598C7
:10809000A8EB000080B203900398A9EB00010498BC
:1080A000A0EB0800814203D20398A9EB000002E094
:1080B0000498A0EB08000646B54208D803980BEBDD
:1080C00000012A46504602F0A3FB3D6044E00398BD
:1080D0000BEB00013246504602F09AFB0020029062
:1080E0004D450BD902A8AB1B0AEB06020090D4E960
:1080F0000010D0F810C0E047069023E002A80090DE
:10810000D4E900104B465A46D0F810C0E04706901C
:10811000A0684068A1680860A068006802990844E7
:10812000A1684860A81B0299884201D2A81B00E000
:10813000029880B201900AEB06005946019A02F0BB
:1081400067FB00BF02983044A84202D20298304434
:1081500000E02846386000BF3FE04D4508D9009751
:10816000D4E900102B4652460669B047069034E029
:10817000BBF1000F10D1484602F018FAA168C860A0
:1081800000BFA068C06818B900BF00BF00BFFEE70D
:1081900000BFA068D0F80CB00020039003A80090A6
:1081A000D4E900104B465A460669B0470690A068CD
:1081B000C0F80080A068006803990844A16848607E
:1081C0000398854201D2284600E00398386059465A
:1081D00050463A6802F01CFB00BF069828B9A06818
:1081E000806839680844A1688860069807B0BDE8CF
:1081F000F08FF8B504460D461746606808B90B20A5
:10820000F8BD6068806908B90920F9E70026606850
:10821000408800284ED027B1012F1AD0022F48D114
:1082200032E0A0688560A0688068A168096888421B
:1082300005D3A0688068A1684968884208D9A36806
:108240009A68D4E900100023D0F818C0E047064629
:108250002FE0A06880682844A1688860A0688068D2
:10826000A1680968884205D3A0688068A168496848
:10827000884208D9A3689A68D4E900100023D0F88E
:1082800018C0E047064614E0D4E900103B462A46F1
:10829000D0F818C0E047064656B9D4E900106A463F
:1082A000C3699847064616B90098A168886000BF60
:1082B00000BF07E0D4E900103B462A46D0F818C0BA
:1082C000E047064630469BE72DE9F04F87B004466D
:1082D0000E461746A07870434FEA202A574507DC20
:1082E00020880690BDF81810084607B0BDE8F08F4A
:1082F000207A401E04EB8000807870434FEA202BE8
:108300005F4509DB207A401E04EB80000088069060
:10831000BDF818100846E8E70020039001252AE080
:1083200004EB850080787043001201900198874229
:108330001FDC681E04EB800000880090FCF73AF90F
:10834000059004EB850000880090FCF733F9049059
:10835000681E04EB8000807870434FEA202A04EB0B
:108360008500807870434FEA202BABEB0A00039026
:1083700004E0681CC5B2207AA842D1DC00BF00BF6F
:10838000039818B900BF00BF00BFFEE700BFA7EB0E
:108390000A0007B2C7EB0721039891FBF0F000F049
:1083A000FF08C8F1FF099DF8110010FB08F09DF8C7
:1083B000151011FB090000EBC01101EBC030000FDC
:1083C000BDF8081060F3020102919DF8120010FB45
:1083D00008F09DF8161011FB090000EBC01101EB2D
:1083E000C030800EBDF8081060F3C70102919DF8FF
:1083F000100010FB08F09DF8141011FB090000EBB1
:10840000C01101EBC030800EBDF8081060F30C21E4
:1084100002919DF8110010FB08F09DF8151011FB5A
:10842000090000EBC01101EBC030400EBDF8081090
:1084300060F34F310291BDF80810084655E710B5BA
:1084400004466068C00F10B1204602F08DF910BDDF
:108450002DE9FE4305460E461746687A00F00700F0
:1084600010B90020BDE8FE832848007828B9002014
:1084700000F050F8012025490870687A00F00700E4
:10848000022801D1304600E0384680463246414657
:108490002846F2F704FF02900020019001AA02A9E9
:1084A0001B48FAF7BDFC01280AD101984068401C1E
:1084B0000199496860F31D01019841600198D1E775
:1084C0003A4631462846F0F799FD0190019818B9CF
:1084D00000BF00BF0198C5E7002410E00198B0F983
:1084E0000E1022462846FFF7EFFE009001988068A4
:1084F00000EB4400BDF800100180601C04B201983C
:10850000B0F90E00A042E9DC0198ABE7540200206C
:108510006504010810B504460D48006802F024F90E
:10852000204602F043F80A4908600A49086000BF83
:108530000748006818B900BF00BF00BFFEE700BFD2
:1085400021460348006802F0E5FA0348046010BDC4
:10855000EC020020500200204C02002010B5002147
:108560001B4801F051FE1B490880042007F046FB20
:1085700019490880042007F041FB184908800420AD
:1085800007F03CFB16490880042007F037FB15492B
:108590000880042007F032FB13490880042007F00C
:1085A0002DFB12490880042007F028FB10490880A1
:1085B000042007F023FB0F490880042007F01EFB6E
:1085C0000D490880042007F019FB0C49088010BDF4
:1085D0000F2101086C0200206E02002072020020B0
:1085E00070020020740200207E0200207C02002025
:1085F00078020020760200207A020020800200200B
:108600002DE9F04107460C460FB9BDE8F08100BFE7
:1086100000BF204600F0A7F83846EFF722F90646DB
:108620000AE03068A04202D100BF00BFEDE731464A
:108630003846EFF71CF90646002EF2D1204603F02B
:10864000D3FB8046B8F1000F0DD0A068806850B110
:10865000A0688068C0680068A04204D1404600F06D
:1086600064F800BF00BFA06810B9204602F086FB86
:10867000A06887603846EFF76FF9054600BF1DB95F
:1086800000BF00BF00BFFEE700BF05B9BDE72C601B
:108690003846EFF7E6F8A84202D1384600F045F830
:1086A00000BF00BF00BFB0E770B50446064A0749E7
:1086B0002046F8F7A3FC0546606920B11DB90121E9
:1086C00020466269904770BD6F78000863780008A3
:1086D00070B50446064A07492046F8F78FFC054660
:1086E000606920B11DB9002120466269904770BDC4
:1086F0007D7800088978000801480068704700000C
:1087000024020020014609B900207047087FC0F309
:108710004000FAE7014609B900207047C86808B967
:108720000020FAE7C8680068F7E770B50446207FC4
:10873000C0F3C005207F20F0080008302077207F9C
:10874000C0F3800018B92046FFF7AEFF06E0207F97
:10875000C0F3800010B12046FFF7BAFF207F65F319
:10876000C300207770BD2DE9F0410546284603F08F
:108770003BFB04460CB9BDE8F08100BF00BFE068D8
:1087800008B3E0680068A84221D1207F00F0010012
:1087900018B1207F20F0010020772046EFF761F824
:1087A000E168884210D12046EFF76EF8E168884210
:1087B0000AD12046F8F7B4FF0746E1683A46086850
:1087C0000F21FFF7C9F902E02046FFF7AEFFE0688E
:1087D00028B1E0680068A84201D10020E06020468E
:1087E000EFF73FF8064614E03068A8420CD1314656
:1087F0002046EFF7DDF8304601F0B6FFA86810B16B
:108800000020A968886006E031462046EFF72FF87F
:108810000646002EE8D100BF00BF00BF00BFAAE798
:108820007047014600200F291DD2DFE801F008093A
:108830001C1C0B0E0C101316191114171A0000BF74
:10884000002012E000BF10200FE018200DE000BF54
:1088500001200AE000BF022007E000BF042004E07E
:1088600000BF082001E0002000BF00BF70470146A4
:1088700000208A1E0D2A13D2DFE802F00812120728
:1088800012090A0B0C0D0E0F100000BF00BF00BF35
:1088900000BF00BF00BF00BF00BF00BF012001E05C
:1088A000002000BF00BF704701460020032902D00E
:1088B000062902D100BF012001E0002000BF00BF57
:1088C000704770B506460D466C6AA4B1287C012835
:1088D00002D12046FFF7DDFAE06810B1E06801F050
:1088E00043FF206910B1206901F03EFF204601F0EE
:1088F0003BFF0020686270BD2DE9FF4781460D46B1
:108900001446284600F00EFD0746E7B9287800F027
:108910001F01042901DB142903DD002004B0BDE898
:10892000F0872868820A206862F394202060286813
:10893000420D206862F35F5020602878226860F35F
:108940000402226049E0012F30D12846FFF7DEFA09
:10895000804623A1ECF7C6FC08B10020DEE7022226
:10896000294601A8FFF7F4FA064696B96B46042299
:10897000214601A8FFF73EFB064601A8FFF789FA4A
:1089800016B90098042803D000BF00BF0020C5E737
:1089900000BF207800F01F00042804DB207800F0DE
:1089A0001F00142801DD0020B8E716E0022F10D1C7
:1089B0000121206861F3942020602068C0F3140036
:1089C00000F500102060206820F01F000B302060B0
:1089D00003E000BF00BF0020A0E701209EE70000E9
:1089E00062696E002DE9FF4F8DB004460D46914639
:1089F0006BA000680C906BA000680B906AA30FCB73
:108A000007AE0FC620890690002610E0BDF81800BA
:108A1000C1B206EB46021A988154BDF81800020A4A
:108A200006EB4600401C1A990A54701C06B21098B6
:108A30008642EBDB00200590217D01F01F00FFF74F
:108A4000F0FE8246012101FA0AF0401E80B2049035
:108A500000274FF0000800200390207D00F01F0049
:108A60000B2806D00C2816D00D2827D00E2841D16F
:108A700037E06069C0F38A20C01DC71007FB09F00A
:108A800000EBE500804405F00700C0F1070003900B
:108A90000CA805902EE06069C0F38A20C01C8710E6
:108AA00007FB09F000EBA500804405F00300062158
:108AB000A1EB400003900BA805901BE06069C0F398
:108AC0008A20401C471007FB09F000EB650080443A
:108AD00005F001000421A1EB8000039007A8059098
:108AE00008E06069C0F38A2707FB09508044002032
:108AF000039000BF00BF606A0290384601F0A0FDFD
:108B00008346BBF1000F03D1002011B0BDE8F08F08
:108B100000200190207C20B9606881684144019167
:108B20000DE0002208F104010298FFF762FB002328
:108B30003A4659460298FFF75DFACDF804B0002690
:108B400025E001990978039A1141049A01EA02008B
:108B5000217D01F01F010E2901D1024601E0059996
:108B60000A5C06EB4601891C1A9B5A540399A1EB37
:108B70000A0149B203910399002906DACAF10801F2
:108B800049B203910199491C0191701C06B21098D9
:108B90008642D6DB584601F0CFFD0120B5E7000044
:108BA00000FF00000055AAFF0011223344556677EC
:108BB0008899AABBCCDDEEFF2DE9FF4F85B00446B6
:108BC0000E469146217D01F01F00FFF72AFE04901A
:108BD0000121049801FA00F0401E80B203900027A2
:108BE000002002900025207D00F01F00072806D0FD
:108BF000082815D0092825D00A2840D134E060691A
:108C0000C0F38A20C01DC71007FB09F000EBE60087
:108C10000544083506F00700C0F1070002902EE079
:108C20006069C0F38A20C01C871007FB09F000EBC5
:108C3000A6000544103506F003000621A1EB400014
:108C400002901CE06069C0F38A20401C471007FBBB
:108C500009F000EB66000544403506F001000421F0
:108C6000A1EB800002900AE06069C0F38A2707FB4D
:108C70000960054405F580650020029000BF00BF33
:108C8000D4F824B0384601F0DBFC8246BAF1000F7C
:108C900003D1002009B0BDE8F08F00200190207CB6
:108CA00020B960688168294401910CE00022291DE7
:108CB0005846FFF79EFA00233A4651465846FFF7BA
:108CC00099F9CDF804A04FF0000837E00199097830
:108CD000029A1141039A01EA0200DBF80C1001EB41
:108CE000400109880091BDF80010CAB208EB4803A2
:108CF0001299CA54BDF800100B0A08EB4801491C30
:108D0000129A5354DBF810100B5C08EB4801891CD5
:108D1000129A5354049A0299891A49B202910299FB
:108D2000002907DA0499C1F1080149B202910199B9
:108D3000491C019108F101000FFA80F8089880455C
:108D4000C4DB504601F0F8FC0120A3E72DE9FC5FED
:108D500004460E4617469846606A0190217D01F050
:108D60001F00FFF75EFD82466069C0F38A2007FBA3
:108D7000006000FB0AF04FEAE00B0BF1040B00224D
:108D800059460198FFF735FA8146B9F1000F04D032
:108D900000BF00BF0020BDE8FC9F4FEAEA0000FBD7
:108DA00008F5002000906B462A460C990198FFF7C1
:108DB00021F98146B9F1000F02D10098854203D014
:108DC00000BF00BF0020E6E70120E4E72DE9FE4FE9
:108DD00082460C46207C012843D16068FFF796F854
:108DE00080469BA1ECF77EFA10B10020BDE8FE8F13
:108DF000022268466168FFF7ABF806461EB100BF65
:108E000000BF0020F2E7606AC0B9142001F0CEFB79
:108E1000606200BF606A18B900BF00BF00BFFEE714
:108E200000BF606A30B900BF00BF6846FFF731F885
:108E30000020DBE71421606A01F06CFE676A3846A7
:108E40006A460C210346944607E09CF8008083F8AC
:108E500000805B1C0CF1010C491E0029F5D100BFFC
:108E600006E0207C20B96068806808B90020BDE772
:108E7000207D00F01F050E2D01D0142D33D1207C54
:108E800020B960688068A0610120AFE76069C0F325
:108E90008A206169490D10FB01F7142D01D10320CF
:108EA00000E001204743384601F080FB06460EB93A
:108EB00000209BE7D4F82490002204214846FFF7C5
:108EC00098F900233A4631464846FFF793F8804622
:108ED000B8F1000F04D0304601F046FC002085E7D1
:108EE000A661012082E7042D03D0052D01D0062DB7
:108EF00008D1207C20B960688068A061012075E7F6
:108F0000012073E7072D05D0082D03D0092D01D0CE
:108F10000A2D70D12846FFF784FC8346012000FA11
:108F20000BF8606AA8B9142001F040FB606200BF32
:108F3000606A18B900BF00BF00BFFEE700BF606AEB
:108F400018B900BF00BF002050E71421606A01F08B
:108F5000E1FD666A4FEA480001F028FBF06000BFBF
:108F6000F06818B900BF00BF00BFFEE700BF404671
:108F700001F01CFB306100BF306918B900BF00BFB1
:108F800000BFFEE700BFF06808B1306938B900BF24
:108F900000BF21465046FFF794FC002026E7207CC6
:108FA000012823D1002204213046FFF722F90027AF
:108FB00019E00023042202A93046FFF71BF89DF8B0
:108FC00008209DF809109DF80A00FBF779F8019038
:108FD000F06800EB4700BDF8041001809DF80B001D
:108FE0003169C8557F1C4745E3D31FE06068D0F85E
:108FF0000890002717E01BE019F8272009EB8703EA
:10900000597809EB87039878FBF75AF80290F068D3
:1090100000EB4700BDF80810018009EB8700C0781D
:109020003169C8557F1C4745E6D300BF0120DDE606
:109030000B2D03D00C2D01D00D2D01D10120D5E633
:1090400021465046FFF73DFC00BF00BF0020CDE6A3
:1090500062696E002DE9F84F82460C4616461F469F
:10906000DDE90A854FF00009207D00F01F0004288B
:1090700009D0207D00F01F00052804D0207D00F0DD
:109080001F0006280BD1207C012847D143463A46D1
:10909000314620460095FFF759FE81463EE0207D8F
:1090A00000F01F000B280ED0207D00F01F000C28C0
:1090B00009D0207D00F01F000D2804D0207D00F095
:1090C0001F000E2808D143463A46314620460095F7
:1090D000FFF788FC814621E0207D00F01F00072873
:1090E0000ED0207D00F01F00082809D0207D00F060
:1090F0001F00092804D0207D00F01F000A2808D195
:1091000043463A46314620460095FFF755FD8146D5
:1091100004E000BF00BF0020BDE8F88F4846FBE731
:1091200010B50446206870B12068C06818B1206886
:109130002146C2689047207C012804D1606801F074
:1091400013FB0020606010BD10B50A48EEF7AAFBC3
:10915000044600BF1CB900BF00BF00BFFEE700BF50
:109160000CB9002010BD1421204601F0D3FC20468C
:10917000F8E70000746600202DE9F04105460E4630
:109180000421304601F0C6FC15B90020BDE8F0818D
:10919000284600F0C7F807462FB92946886808B95D
:1091A0000020F3E700BF4FF000080D48EEF759FB31
:1091B000044610E0206848B132462946204623681C
:1091C00098478046B8F1010F00D106E021460448D7
:1091D000EEF74DFB0446002CECD100BF4046D5E72E
:1091E000746600202DE9FF4704460E469946282163
:1091F000204601F08FFC1EB9002004B0BDE8F087C6
:10920000304600F08FF807462FB93146886808B914
:109210000020F2E700BFBDF8080020812774C4F8E1
:109220000C90207C01281BD13046ECF754F8824684
:109230000AF1010001F0BAF9606000BF606818B976
:1092400000BF00BF00BFFEE700BF606818B900BFE5
:1092500000BF0020D1E731466068ECF765F800E018
:1092600066604FF000081D48EEF7FBFA05462AE05D
:10927000286808B1686800B920E004F1140231469A
:1092800028462B6898478046B8F1010F00D015E0BA
:109290002560214628466A6890478046B8F1010F4C
:1092A00001D14046A9E7042104F1140001F032FC89
:1092B00000202062A0616062E06100BF294607488B
:1092C000EEF7D5FA0546002DD2D1207C012802D137
:1092D000606801F049FA40468FE70000746600209C
:1092E0002DE9FC4704460D4616461F46DDF828804A
:1092F0004FF000092068806848B1CDE90078206807
:1093000033462A462146D0F808C0E0478146484601
:10931000BDE8FC87C16070470160704741607047DD
:10932000816070470146032001B970470A461378EF
:10933000202B04DB13787F2B01DC012005E0137860
:10934000802B01DB022000E00020032801D100BFB8
:1093500000BF00BFE9E70000014800687047000057
:109360002802002010B504461CB90448EEF779FA2B
:1093700010BD21460148EEF77AFAF9E7446600206D
:1093800001480068704700002C020020014609B91E
:109390000020704708680078012805D00868007828
:1093A000032801D00020F4E791F8440000F00F00FA
:1093B000EFE7014609B900207047086800780128E6
:1093C00005D008680078032801D00020F4E7086B76
:1093D000F2E7014609B90020704708680078FBE70A
:1093E00070B504460D4634B3607920F00200801C4D
:1093F000607128480068A04202D100202649086018
:1094000020680078012803D020680078022840D125
:1094100015B1606BA84201D10021616315B1A06A4A
:10942000A84201D10021A16215B1E06AA84230D161
:109430000021E1622DE00020FFF794FF064622E0C4
:10944000707920F00200801C70713068007801286B
:1094500003D030680078022811D115B1706BA84292
:1094600001D10021716315B1B06AA84201D1002178
:10947000B16215B1F06AA84201D10021F162304613
:10948000FFF770FF0646002EDAD10020024908607F
:1094900000BF70BD280200202C020020F8B525482E
:1094A000007810B100BF00BFF8BD00BF00BF01F0E1
:1094B0007FF9EEF7AFFDEDF7BFFFEDF7E1FBEDF75D
:1094C000C3FFFBF745FBEEF709FC4FF4B4711A48F4
:1094D000EEF7E0F95C211948EEF7DCF9EEF76AFDEA
:1094E000EEF7EEF816A52C462078C32804D1607854
:1094F000812801D1A07808B100BF00BF11480090B9
:109500006E463078112801D1012000E00020074686
:1095100027B100BF00BF00BF00BFFEE700BF00BF14
:10952000FEF767FB01200349087000BF00BF00BFC2
:10953000BAE70000340200203866002044660020AC
:10954000C38100004433221170B506460C462546FF
:1095500000202C3545F8080C287F20F008002877DB
:10956000287F20F0100028774FF0FF302860287FF8
:1095700020F007002877002028832C3D002146207A
:109580004153481E2863A9636963000CE86328649B
:109590000020A86295F8480020F0400085F84800B7
:1095A0000221204601F01BFE0021204600F092FD22
:1095B00002A1204600F0D0FD70BD00005465787413
:1095C0000000000070B5044600BF00BF21460448FB
:1095D00001F053FD0546284601F0C7FD284670BD41
:1095E000B0C7020870B506460C462546204600F076
:1095F0000BF895F84800C0F3C00010B9686A01F094
:10960000B3F80020686270BD70B505462C4694F82A
:109610004800C0F3801020B1A06A10B1A06A01F028
:10962000A3F894F8480020F0400084F84800002097
:10963000A06270BD2DE9F04F87B0894649464F487A
:1096400002F0C4FA8246BAF1010F02D007B0BDE8B9
:10965000F08F4846FEF71BFA05464846FEF778FAB3
:1096600006462A2D06D1304600F0C8FC304600F0F0
:10967000D7F981E0132D11D10021304603F0B0FC61
:1096800080464046FEF701FC04462746E01704EBFF
:10969000907081104846FEF795FA6DE0292D06D1AD
:1096A000304600F0ABFC304600F0BAF964E02C2DF7
:1096B0005DD137460021304603F092FC0590002131
:1096C000304603F098FC04900021304603F09FFCE4
:1096D00003904FF0000897F84800C0F3001008B15D
:1096E00048F0010897F84800C0F3401008B148F06E
:1096F0000208304602F00CFB83460021304603F09E
:10970000CEFC42F2D171884206D1708CC0F3C020E9
:1097100010B941F6FF7B03E0304602F0F9FA8346C8
:109720000398CDE901B80090796A06A8DDE9043212
:1097300007F0DCF94846FEF708FA0446B4F90000E1
:10974000BDF91810884202DDB4F9000001E0BDF94E
:1097500018002080B4F90200BDF91A10884202DD19
:10976000B4F9020001E0BDF91A00608004E0152D93
:1097700002D14846F4F708FB00BF67E7B0C702080C
:1097800001460A4692F84800C0F3801008B1906A7A
:10979000704702F12800FBE72DE9F04F93B0064631
:1097A0008B4600BF00BF00BFBBF1000F03D100BF5D
:1097B00000BF00BFFEE700BF374600200390122223
:1097C0003046039903F058FB02900298BBF8001052
:1097D000081A00B2ADF8480000200390102230466D
:1097E000039903F049FB02900298BBF80210081A93
:1097F00000B2ADF84A0010A9304602F034FA304603
:1098000000F0FCF881460025002410A8FAF7DDF9E5
:109810000F900021304603F0E3FB0E90002130460C
:1098200003F0F5FB0D900021304603F0E4FB0C90B3
:109830000E98FEF72AFB0B9000200A9080463E46C9
:1098400097F84800C0F3001008B148F0010897F8F5
:109850004800C0F3401008B148F00208002130462B
:1098600003F01DFC42F2D171884205D1708CC0F327
:10987000C02008B948F00408002130467A6A01F097
:10988000CFFB079028E00020CDE9000809EB050098
:10989000DDE90E130C9AEEF7E5FB0444BDF94A200E
:1098A000DDE90A01084482420EDC039403A948461C
:1098B000504A12689047029002980A2803D019F87B
:1098C000040000B9641C0BE00D990B9801440A9840
:1098D000084400B20A90254619F805000028D2D1A4
:1098E00000BF09EB050008904FF0000A0798022816
:1098F00019D1611BCDF800800C9B0E9A089807F0D7
:1099000067F9039010A8FAF760F9019000EBD070A6
:1099100041100398029000EBD070A1EB600050441E
:109920000FFA80FA14E00798032811D1611BCDF8D3
:1099300000800C9B0E9A089807F04AF9039010A833
:10994000FAF743F90399401A50440FFA80FA00BF1E
:1099500000200690059005980490D4B334E005AB40
:1099600002AA03A90898EEF761FB08F0010038B1DC
:10997000059A0898815C06A8EEF70AFC00B123E07E
:10998000DDE902210E98FEF76BFA00B20190BDF9F5
:10999000481001985044814208DB05982844A042B1
:1099A00004D00498284419F8000010B904980590D0
:1099B0000EE0019850440FFA80FA0C9850440FFAC8
:1099C00080FA0598049000BF05982844A042C6D3A9
:1099D00000BF094A059908981268904709902946DE
:1099E0004846054A1268904701460998084413B052
:1099F000BDE8F08F3003002038030020014600BF8F
:109A000000BF0A46506A7047014600BF00BF0A46C1
:109A1000106C7047014600BF00BF0A46D06B70470C
:109A20002DE9F04F9BB005462C46606A10B91BB07B
:109A3000BDE8F08F4FF0FF30206319A9284602F0EF
:109A400012F919A8FAF7C1F818900021284603F076
:109A5000C7FA17900021284603F0D9FA8046002162
:109A6000284603F0C8FA8146002794F84800C0F35E
:109A7000001008B147F0010794F84800C0F3401007
:109A800008B147F002070021284603F008FB42F224
:109A9000D171884205D1688CC0F3C02008B947F065
:109AA00004071898CDE9008002974B46616A16A812
:109AB000179A07F01BF8284604F003FC94F84800B6
:109AC00000F0070002287CD10021284602F0F3FFB5
:109AD00080B21590159850B9284602F043F9064611
:109AE000FAF718FF032190FBF1F080B2159004A85B
:109AF000F9F79CFE294604A8F9F71FFF4FF6FF71FE
:109B000004A8F9F7FBFE4FF49670119000BF11986E
:109B1000139000BF0020039019A8FAF756F8BDF97A
:109B20005810884253DA19A8FAF74FF8BDF95810BF
:109B3000A0EB010B5A46002104A8F9F7F6FEFE49F6
:109B400004A8F9F7D3FEFC4904A8F9F7CFFEFA49B7
:109B50002846F9F74FFE06464FF0000A0020029013
:109B600036B1D6F830A096F84200C0F3400002901B
:109B70000F98504515DDCDF840A09DF8520020F01B
:109B800001008DF85200029858B19DF8521021F052
:109B90000201891C8DF852100C980E990C910E90B0
:109BA00000BF0E9A0C991598F9F7C9FE83465946DD
:109BB00004A8F9F7ACFE04A80F99F9F79BFE04A8D6
:109BC00000E06FE0F9F7CCFE0120039006E0DA49EF
:109BD0002846F9F7DFFD0020A4F8440019A8F9F79A
:109BE00088FFBDF95A10884254DA0398002851D1F1
:109BF00019A8F9F77EFFBDF95A10A0EB010B1798D1
:109C0000FEF743F9ABEB000002460021019004A8E7
:109C1000F9F78BFEC94904A8F9F768FEC749284639
:109C2000F9F7E8FD06464FF0000A0020029036B131
:109C3000D6F830A096F84200C0F3400002900F988A
:109C4000504515DDCDF840A09DF8520020F00100F0
:109C50008DF85200029858B19DF8521021F002017F
:109C6000891C8DF852100C980E990C910E9000BF23
:109C70000E9A0C991598F9F762FE8346594604A886
:109C8000F9F745FE04A80F99F9F734FE04A8F9F78F
:109C900067FE06E0A9492846F9F77CFD0021462029
:109CA0000153A0E194F8480000F00700032874D1A4
:109CB0004FF0000A64225146284603F0DDF8029076
:109CC000029806460021284602F0F5FE80B2159063
:109CD000159850B9284602F045F88246FAF71AFE60
:109CE000032190FBF1F080B2159004A8F9F79EFDD6
:109CF000294604A8F9F721FE4FF6FF7104A8F9F7E9
:109D0000FDFD0020039019A8F9F75FFFBDF9581079
:109D1000884243DA202211461798FEF7A1F800EB9B
:109D20004000BDF958104942081A0246002102902D
:109D300004A8F9F7FAFD804904A8F9F7D7FD0E9AAF
:109D40000C991598F9F7FBFD0146029004A8F9F764
:109D5000DEFD79492846F9F74DFD8246BAF1000F3C
:109D600002D0DAF8300000E00020834626B1306BE4
:109D70001090F06B13900AE00F98584507DDCDF86E
:109D800040B09DF8520020F001008DF8520004A868
:109D9000F9F7E6FD0120039007E055E06649284603
:109DA000F9F7F8FC0020A4F8440019A8F9F7A1FE7F
:109DB000BDF95A1088423FDA0398E0BB1798FEF7C6
:109DC00064F8BDF95A104942081A0246002102906F
:109DD00004A8F9F7AAFD594904A8F9F787FD0E9AD6
:109DE0000C991598F9F7ABFD0146029004A8F9F714
:109DF0008EFD52492846F9F7FDFC8246BAF1000F64
:109E000002D0DAF8300000E00020834626B1306B43
:109E10001090F06B13900AE00F98584507DDCDF8CD
:109E200040B09DF8520020F001008DF8520004A8C7
:109E3000F9F796FD07E0FFE740492846F9F7AAFC45
:109E4000002146200153CEE094F8480000F00700BE
:109E5000012879D119A8F9F74CFEBDF95A108842AA
:109E600003DB4FF0FF30E062BDE01798FEF70DF81E
:109E7000BDF95A10884203DB4FF0FF30E062B2E0D8
:109E80002F49606A09688847032803D84FF0FF30DC
:109E9000E062A8E019A8F9F798FE83462E22114641
:109EA0001798FDF7DDFF484400EB4000ABEB0000E6
:109EB00000B2ADF8540019A8F9F71BFEADF8560032
:109EC0001798FDF7E2FF4044BDF9561091FBF0F200
:109ED00000FB121014901798FDF7D7FF14998842D1
:109EE00010DCBDF856101498081A00B2ADF85600F0
:109EF0001798FDF7CAFFBDF85610084400B2ADF838
:109F000056000DE0BDF856101498081A00B2ADF8CE
:109F10005600BDF85600A0EB080000B2ADF85600A0
:109F200015A92846FFF738FC8246606AEBF7D3F99B
:109F300013905146034A08E02D44020843440208A6
:109F40003C030020340300204CE0606A1268904714
:109F5000129006E012A9264A606A12689047AAF198
:109F6000010A1298C01C13998842F3D812981190D4
:109F700000201090002617E0616A129A88181D4987
:109F80000968884710990844C0B2109012A91A4A6B
:109F9000606A126890471098032803DCDDE912100C
:109FA000814200D902E0761C032EE5D900BF626A27
:109FB000119811182846109A00F058F888B1002618
:109FC00005E02E21626A119830441154761C032E4C
:109FD000F7D30021626A1198C01C11540AF10300E2
:109FE000E06200E000BF284603F0C2FB00BF1EE5B0
:109FF00030030020200300202C0300202DE9F0472F
:10A000008046444694F8480000F00700012801D03B
:10A01000BDE8F087E06A401C00B9F9E7E06AA0F10A
:10A0200003094946104A606A1268904706460025AF
:10A030004046FFF7A5FB074605E0785D7219616AA7
:10A040008854681CC5B27119606A405C0028F4D15C
:10A05000785D7219616A88544046FFF7D5FA4FF06F
:10A06000FF30E06200BFD3E7340300202DE9F04168
:10A0700006460F46154634463046FFF7C5FA042D0E
:10A080001AD9681C00F092FAA062A06A20B900BF39
:10A0900000BF0020BDE8F0812A463946A06A00F0E2
:10A0A000B7FB0020A16A485594F8480020F0400012
:10A0B000403084F848000BE094F8480020F040005D
:10A0C00084F848002A46394604F1280000F0A0FB35
:10A0D0000120DFE770B506460D4600BF00BF3446DD
:10A0E0001B493046F9F756FB1A493046F9F752FB3F
:10A0F0000020A4F84400002146200153022D03D083
:10A10000032D01D0042D07D194F8480020F0200041
:10A11000203084F8480005E094F8480020F0200042
:10A1200084F8480094F8480000F00700012805D1A1
:10A13000E06A401C10B13046FFF760FF94F8480019
:10A1400065F3020084F848003046FFF769FC70BDF3
:10A150002D440208434402082DE9F04106460D460D
:10A1600000BF00BF3446304603F002FB05B9656A04
:10A17000606AA84219D194F84800C0F3C000A0B9A1
:10A18000606AEBF7A8F8471C3946606A00F01EFBCE
:10A19000606200BF606A18B900BF00BF00BFFEE781
:10A1A00000BF606A58BBBDE8F081606A48B194F8AE
:10A1B0004800C0F3C00020B9606A00F0D5FA002062
:10A1C00060622846EBF787F8471C384600F0EEF946
:10A1D000606200BF606A18B900BF00BF00BFFEE741
:10A1E00000BF606A00B9DEE72946606AEBF79CF8B9
:10A1F00094F8480020F0080084F8480000BF30467A
:10A20000FFF70EFC00BFCEE770B504460D461448BC
:10A210000068401C1249086008460068C1001148E7
:10A22000006800F0D3FA0F49086000BF08460068D4
:10A2300018B900BF00BF00BFFEE700BF08480068B4
:10A24000401E0849096841F8304005480068401E32
:10A250000449096801EBC00045600148006870BD11
:10A260003C020020DC020020F8B506460C462546DC
:10A27000204606F0A5F80090BDF80000A884FF2055
:10A2800085F82600F8BD000070B5044600BF00BF89
:10A290002146044800F0F1FE0546284600F065FF1F
:10A2A000284670BDA48F02082DE9F04FA3B0824666
:10A2B00088464046FDF7EBFB0746152F0BD0162FBF
:10A2C00009D04146904801F081FC0646012E02D09B
:10A2D00023B0BDE8F08F4046FDF73AFC0446152F49
:10A2E0007DD1254615A8FCF76FF815AA0021204658
:10A2F00003F086F81698F9F7C6FD8346F9F794FD42
:10A30000029035F8240F5A4600900299FAF72AF87D
:10A310000190BDF80400ADF85800BDF85A00009057
:10A32000F9F7B1FD8346F9F77FFD029028885A4678
:10A3300000900299FAF716F80190BDF80400ADF804
:10A340005A00BDF85E000090F9F79DFD8346F9F7CD
:10A350006BFD029028885A4600900299FAF702F89D
:10A36000019015A8BDF80410ADF85E102098F9F71B
:10A370008AFD8346F9F758FD029028885A460090D6
:10A380000299F9F7EFFF0190BDF80400ADF88000E5
:10A39000BDF872000090F9F776FD8346F9F744FDA9
:10A3A000029028885A4600900299F9F7DBFF019045
:10A3B000BDF80400ADF872001E98F9F764FD8346FD
:10A3C000F9F732FD029028885A4600900299F9F771
:10A3D000C9FF0190BDF80400ADF8780000E091E0FD
:10A3E000F9F722FD0290AA7801461698F9F7BAFF0C
:10A3F0000190BDF80400ADF85800F9F715FD029082
:10A40000AA78BDF85A0000900299F9F7ABFF0190C5
:10A41000BDF80400ADF85A00F9F706FD0290AA78DD
:10A42000BDF85E0000900299F9F79CFF019015A815
:10A43000BDF80410ADF85E10F9F7F6FC0290AA78AA
:10A44000BDF8720000900299F9F78CFF0190BDF8F9
:10A450000400ADF87200F9F7E7FC0290AA78014613
:10A460002098F9F77FFF0190BDF80400ADF8800057
:10A47000F9F7DAFC0290AA7801461E98F9F772FF04
:10A480000190BDF80400ADF87800A8785038BDF808
:10A49000821010FB01F0AF2190FBF1F000B2ADF89B
:10A4A0008200A878243D5038BDF8881010FB01F0D8
:10A4B000AF2190FBF1F000B2ADF888004046FDF707
:10A4C000EEFA8146494603A801F05AF904F1140056
:10A4D00006900D4804900020059015A807900020D4
:10A4E000109003AA1A212046FDF736FB04F114024E
:10A4F00015A94846FBF74CFF03AA1B212046FDF790
:10A500002BFB00BF00BFE3E6A48F020870B5054631
:10A510000C4600BF00BF2E4696F82600A04200D190
:10A5200070BDFF2C01DA204600E0FF20502801DA40
:10A53000502004E0FF2C01DA204600E0FF2086F8DE
:10A540002600284603F014F900BFE9E773B5044676
:10A5500000BF00BF2546BDF80400A884204603F0D4
:10A5600007F97CBDF0B50446059D8A4203DB9442A1
:10A5700001DB2846F0BD8A4203DB8C4201DC184631
:10A58000F8E78A4203DC944201DC2846F2E78A427B
:10A5900003DC8C4201DB1846ECE7561AEF1A601A0E
:10A5A000784390FBF6F01844E4E7000070B50446E9
:10A5B0000CB9104870BD21460F48006806F01CF920
:10A5C00005460DB900BF00BF8DB10C48006820449E
:10A5D0000A4908600846006809490968884202D9A2
:10A5E0000648006801E006480068054908602846FA
:10A5F000E0E7000000030020F4020020F802002041
:10A60000FC02002010B5002415E00C4850F834007E
:10A6100078B10A4951F8340000F0A6F80020074943
:10A6200041F8340001EBC4018871044901EBC40115
:10A630008880601CC4B2102CE7DB10BDB866002017
:10A640002DE9F041054615B90020BDE8F0814FF035
:10A65000FF3600212CE0374800EBC100807900F084
:10A66000010018BB334800EBC1008088A8421DD30D
:10A67000304800EBC1008088A84208D101202D4A53
:10A6800002EBC10290712B4850F83100DDE7002E3B
:10A6900001DA4EB20AE0274800EBC1008088254A63
:10A6A00002EBC6029288904200DA4EB2481CC1B258
:10A6B0001029D0DB002E08DB01201E4901EBC6016A
:10A6C00088711C4850F83600BFE7002428E019487C
:10A6D00000EBC400807900F00100F8B9154951F889
:10A6E0003400294600F072F8074600BF1FB900BFCA
:10A6F00000BF00BFFEE700BF0FB90020A5E70120A3
:10A700000C4901EBC40188710A4901EBC4018D8039
:10A71000084840F8347050F8340096E7601CC4B222
:10A72000102CD4DB00BF00BF00BF00BF00BF00BFC4
:10A73000FEE70000B8660020014600200CE0094A50
:10A7400052F830208A4205D10022064B03EBC003A9
:10A750009A717047421CD0B21028F0DB00BF00BFD6
:10A7600000BFF6E7B866002070B504460D48844285
:10A7700000D170BD04B9FCE721460B48006806F023
:10A7800010F8054609480068A84205D9074800683E
:10A79000401B0649086002E000200449086000BF31
:10A7A000E7E7000000030020F4020020F802002088
:10A7B00010B54FF44041034805F0DCFF0249086042
:10A7C00010BD000028680020F402002070B5054686
:10A7D0000C4624B92846FFF7C7FF0B4870BD0A484E
:10A7E000854203D12046FFF7E1FEF7E722462946DE
:10A7F0000648006806F018F806461EB900BF00BFFC
:10A800000020EBE73046E9E700030020F4020020D7
:10A810002DE9F0410F46154601463A4601F0030680
:10A8200002F0030CB4457DD0C2E092F8008081F8BC
:10A830000080491C521C92F8008081F80080491C5D
:10A84000521C92F8008081F80080491C521C92F83A
:10A85000008081F80080491C521C92F8008081F829
:10A860000080491C521C92F8008081F80080491C2D
:10A87000521C92F8008081F80080491C521C92F80A
:10A88000008081F80080491C521C92F8008081F8F9
:10A890000080491C521C92F8008081F80080491CFD
:10A8A000521C92F8008081F80080491C521C92F8DA
:10A8B000008081F80080491C521C92F8008081F8C9
:10A8C0000080491C521C92F8008081F80080491CCD
:10A8D000521C92F8008081F80080491C521C92F8AA
:10A8E000008081F80080491C521C92F8008081F899
:10A8F0000080491C521C92F8008081F80080491C9D
:10A90000521C92F8008081F80080491C521C92F879
:10A91000008081F80080491C521C92F8008081F868
:10A92000008000E053E0491C521C92F8008081F83E
:10A930000080491C521C92F8008081F80080491C5C
:10A94000521C92F8008081F80080491C521C92F839
:10A95000008081F80080491C521C92F8008081F828
:10A960000080491C521C92F8008081F80080491C2C
:10A97000521C92F8008081F80080491C521C92F809
:10A98000008081F80080491C521C92F8008081F8F8
:10A990000080491C521C92F8008081F80080491CFC
:10A9A000521C92F8008081F80080491C521C203D06
:10A9B000202D3FF63AAF06E092F8008081F8008043
:10A9C000491C521C6D1E002DF6D1BDE8F0816EB100
:10A9D000C6F1040607E092F8008081F80080491C67
:10A9E000521C761E6D1E0EB1002DF4D10B4614467E
:10A9F00030E0D4F80080C3F800801B1D241DD4F87B
:10AA00000080C3F800801B1D241DD4F80080C3F80B
:10AA100000801B1D241DD4F80080C3F800801B1D7E
:10AA2000241DD4F80080C3F800801B1D241DD4F819
:10AA30000080C3F800801B1D241DD4F80080C3F8DB
:10AA400000801B1D241DD4F80080C3F800801B1D4E
:10AA5000241D203D202DCCD806E0D4F80080C3F87A
:10AA600000801B1D241D2D1F042DF6D819462246DB
:10AA700006E092F8008081F80080491C521C6D1E8F
:10AA8000002DF6D100BFA0E730B504460B4604E028
:10AA90001D782570641C5B1C521E002AF8D130BD45
:10AAA000F0B506460B46344604F003054DB1C5F13A
:10AAB000040503E02370641C521E6D1E0DB1002AB4
:10AAC000F8D103EB032707EB034707EB03612046AD
:10AAD00010E00160001D0160001D0160001D0160AB
:10AAE000001D0160001D0160001D0160001D01606E
:10AAF000001D203A202AECD802E00160001D121F40
:10AB0000042AFAD8044602E02370641C521E002A6C
:10AB1000FAD1F0BD30B50446224602F0030353B12A
:10AB2000C3F1040304E000251570521C491E5B1E8E
:10AB30000BB10029F7D1104611E000250560001D7A
:10AB40000560001D0560001D0560001D0560001DFD
:10AB50000560001D0560001D0560001D20392029CD
:10AB6000EBD803E000250560001D091F0429F9D872
:10AB7000024603E000251570521C491E0029F9D138
:10AB800030BD30B50446224602F0030353B1C3F191
:10AB9000040304E0FF251570521C491E5B1E0BB117
:10ABA0000029F7D1104612E04FF0FF350560001D77
:10ABB0000560001D0560001D0560001D0560001D8D
:10ABC0000560001D0560001D0560001D203920295D
:10ABD000EAD804E04FF0FF350560001D091F042985
:10ABE000F8D8024603E0FF251570521C491E0029C3
:10ABF000F9D130BD2DE9FF4105460C4600BF00BF2D
:10AC0000284602F02DFE064604F0010010B1284649
:10AC100002F0AEFDE8692043E86104F00100C0B134
:10AC20000221284602F07AFB98B1284601F0DCF8B0
:10AC300007466FB13846FDF737FD3846FDF76AFD28
:10AC40008046B8F1000F02D0404602F091FD00BFEF
:10AC500000BF284602F004FEB04202D104F0C070EA
:10AC600040B1284601F01AF9074602F015FE2846C1
:10AC700002F012FE04F0100068B16A4602A92846EC
:10AC800001F0A6FA02A9284602F09CFD6946284672
:10AC900002F098FD00BFBDE8FF8170B504460E4686
:10ACA00000BF00BF208C40EA0605208CA84203D0DC
:10ACB0002946204603F0FEFE70BD2DE9F041044612
:10ACC0008846174600234FF6FF72394620460CF09F
:10ACD00027FA002511E0E06800EBC5004068C0F3EA
:10ACE000406000B108E0E06800EBC5004068C0F3D8
:10ACF000006000B100E005E06D1C608CC0F3051041
:10AD0000A842E8D800BF608C0009401C618C60F349
:10AD100009116184628CC2F30512D100E068FFF76B
:10AD200055FDE060608CC0F30510461E09E0E06848
:10AD300000EBC6010246701E02EBC00205CA05C147
:10AD4000761EAE42F3D8E16801EBC5000821FFF79B
:10AD5000E1FEE06840F83580E06800EBC50040683F
:10AD600067F31700E16801EBC50148604FF6FF7219
:10AD70003946204603F0BEFABDE8F08110B504461E
:10AD800000BF00BFA06808BB11480068401C104904
:10AD900008601C20FFF70AFCA06000BFA06818B97B
:10ADA00000BF00BF00BFFEE700BFA06800B910BD34
:10ADB0001C21A068FFF7AEFE0F20A1684876A068AE
:10ADC000007E20F00300C01CA168087600BFEEE7FB
:10ADD000380200202DE9FC4780460F4601214046FD
:10ADE00002F087FA10B10020BDE8FC87404601F070
:10ADF0005DF80446204600F0B5FF81464846F9F765
:10AE0000DFFDA04210D04846F9F7E7FDA0420BD085
:10AE10004846F9F7B9FDA04206D04846F9F7A7FD24
:10AE2000A04201D00020DFE74FF40021404602F0AD
:10AE30006BFA48BB4046ECF716FE064608F11401D3
:10AE40006846F8F7E8FDBDF80000801B00B2ADF8D9
:10AE50000000BDF80200801B00B2ADF80200BDF892
:10AE60000400304400B2ADF80400BDF806003044E0
:10AE700000B2ADF806006A4639463846EBF7EBFFFC
:10AE800008B90020B0E700BF002301223946404640
:10AE900002F029F9404601F001F8054623E00121BE
:10AEA000284602F026FA08B100209DE74FF4002161
:10AEB000284602F029FA90B968690090A8690190C3
:10AEC000002301226946284602F00DF96A463946F8
:10AED0003846EBF7C0FF08B9002085E700BF2846D9
:10AEE00000F0DCFF0546002DD9D101207CE72DE9DB
:10AEF000FE4F05460E464FF000083146284602F048
:10AF000047F80446002C46D03146284602F028F87F
:10AF10000090009802283DDD204604EBD0714910D6
:10AF2000491C0CB23146284602F026F8204404B2EF
:10AF30003146284601F0FCFF81463146284602F0A2
:10AF400003F88246B9F1000F01DD484601E0C9F17E
:10AF50000000BAF1000F01DD514601E0CAF1000125
:10AF6000884207DDB9F1000F01DD484609E0C9F16B
:10AF7000000006E0BAF1000F01DD504601E0CAF121
:10AF80000000204404B2A04501DD404600E0204618
:10AF9000804600BF00BF3146284601F0D1FE07467B
:10AFA000C7B13146284601F0B3FE8246BAF1020F1E
:10AFB0000FDD3146284601F0B7FE814609EB070058
:10AFC000404501DA404601E009EB07000FFA80F83E
:10AFD00000BF00BF00BF69223146284601F04CFF88
:10AFE000009000980FFA80FB00BF00BF6A22314634
:10AFF000284601F041FF0090009800B202900298AC
:10B00000834501DD584600E0029801900198002830
:10B0100003DD019840440FFA80F84046BDE8FE8FFA
:10B02000FEB504460D46164600BF5B222946204663
:10B0300001F022FF00900098C0B2029000BF1622DB
:10B040002946204601F018FF00900098C0B20190F8
:10B0500000BF9DF8080008B90120029000BF9DF8CC
:10B060000800FEBD02460AB90020704710688842F9
:10B0700001D10120F9E70020F7E72DE9F04107466B
:10B080000C463846F6F779FB80464046FFF78EFAC5
:10B09000054615B90020BDE8F08141462846FFF776
:10B0A00039FD2F606C60002C33D1F9F72DFC06467A
:10B0B00036B900BF00BF2846FFF756FB0020EAE77D
:10B0C000F06840B90420FFF771FAF060F06805609D
:10B0D000012070620DE0706A401C7062726A91001B
:10B0E000F068FFF773FBF060706A401EF16841F88A
:10B0F00020500020A8820021E982F9F71DFC401EA3
:10B1000001B229830020F9F77DFC401E01B269835A
:10B1100029E000BF00BFA06810B92046FFF72EFE4F
:10B12000A068006858B90420FFF740FAA1680860D9
:10B13000A068006805600120A168486013E0A0686D
:10B140004068401CA1684860A26852689100A268EB
:10B150001068FFF73BFBA1680860A068D0E9001009
:10B16000401E41F82050284695E770B50446204619
:10B1700002F092FB002000F00DFB204605F094F851
:10B18000204600F07DF8012000F004FB4FF6FF722E
:10B190004FF47021204603F0ADF8204603F091F8FB
:10B1A000FDF7AAFA06463EB1204602F043FB18B16D
:10B1B00021463046FDF724FA204600F06FFE054692
:10B1C00065B1224622212846FCF7C6FC22462321EF
:10B1D0002846FCF7C1FC204602F0CAFA70BD2DE9F2
:10B1E000FF4105460C4600BF00BF284602F038FB71
:10B1F000064604F0100068B16A4602A9284600F02D
:10B20000E7FF02A9284602F0DDFA6946284602F067
:10B21000D9FA00BFE869A043E86104F0010078B101
:10B22000284602F0A5FA284602F01AFB40B128464B
:10B2300000F034FE074602F02FFB284602F02CFBFC
:10B24000284602F00DFBB04202D104F0C07028B1D4
:10B25000284600F023FE074602F01EFBBDE8FF81F2
:10B2600070B504460E4600BF00BF208C20EA0605DC
:10B27000208CA84203D02946204603F01BFC70BD59
:10B2800070B5044625682068006828B12068006809
:10B2900020602046FFF7F4FF25602068406818B161
:10B2A000206821464268904770BD2DE9F8438146E9
:10B2B0000C4665685DB3284600F072FE07462846D6
:10B2C00000F068FF8046002610223146284601F033
:10B2D000D3FD00900098E98A0844A0EB080001B271
:10B2E000E182E08A401E01B2618300BF1222314632
:10B2F000284601F0C1FD00900098A98A0844C01BAF
:10B3000000B2A082A08A401E01B2218300BF0220A9
:10B31000E061E06940F48050E0611DB1E06940F413
:10B320000050E0611DB1E06940F44070E061E06907
:10B3300040F00400E061E06940F01000E061E06985
:10B3400040F02000E061E06940F04000E061E06929
:10B3500040F40060E0611DB1E06940F40040E0614C
:10B36000BDE8F88370B5044600BF00BF214604481D
:10B37000FFF783FE05462846FFF7F7FE284670BD17
:10B38000208E02082DE9F041064600BF00BF00BF35
:10B3900000BF304602F0ECF9304600F07FFD044675
:10B3A0000025002754B9304600F0DCFC05460DB9F5
:10B3B000BDE8F0812869B04200D10127304607F08E
:10B3C000B1FA64B1204603F0EDFA002222212046B2
:10B3D000FCF7C2FB002224212046FCF7BDFB1FB175
:10B3E00000BF00BF0020286100BF00BF00BFDFE733
:10B3F00070B506460C462046ECF706F8002000F033
:10B40000C9F900BF184A0021204603F055F800BFD3
:10B41000012000F0BFF900212046F8F7BBF92046D3
:10B4200000F0E2FC054615B12046FDF79CF9A06846
:10B43000C0B1A068006830B1A1680868FFF794F94E
:10B440000020A1680860A068C06830B1A168C86821
:10B45000FFF78AF90020A168C860A068FFF784F9A7
:10B460000020A06070BD0000FFFF0F002DE9F04F2D
:10B47000A3B082465046FCF70AFB06465046FCF74E
:10B4800067FB0446122E62D15046FCF75EFB054670
:10B490002878022802D123B0BDE8F08F0021204691
:10B4A00001F094FB10B102202870F4E7002120463F
:10B4B00001F032FD83460021204601F0C0FD074621
:10B4C0000021204601F0AFFD804604F1140121A8BF
:10B4D000F8F798FABDF88400C01B00B2ADF88400FC
:10B4E000BDF88800384400B2ADF88800BDF8860089
:10B4F000A0EB080000B2ADF88600BDF88A00404419
:10B5000000B2ADF88A005A4621A96868EBF7E4FC5E
:10B5100010B901202870BEE70021204601F017FB7A
:10B52000FD2802DA01202870B5E74FF000096022FB
:10B530004946204601F0A0FC20902098C0B2FD288A
:10B5400002DA01202870A6E70020287014E1152EE9
:10B550007ED15046FCF7A3FA834615A8FAF734FFCC
:10B560000021204601F00BFB30B19DF8770020F060
:10B570000100401C8DF8770015AA0021204601F03B
:10B580003FFF0021204601F05AFD054600212046DC
:10B5900001F049FD074604F1140113A8F8F732FA47
:10B5A000BDF84C00401B00B2ADF84C00BDF8500097
:10B5B000284400B2ADF85000BDF84E00C01B00B2E8
:10B5C000ADF84E00BDF85200384400B2ADF852005C
:10B5D000594601A800F0D4F8684802900020039072
:10B5E00015A8059013A8049000200E9001AA1A2116
:10B5F0002046FCF7B1FA0021204601F0E7FA20B11D
:10B60000BDF8540008B1012000E000208146DDF8BB
:10B610006480B9F1000F01D00020199013AA15A978
:10B620005846FAF7B5FEB9F1000F26D01820FFF7FB
:10B6300007F80090BDF95420002304F1140100988C
:10B64000FAF7ACFD04F590710098F9F731FF00E0CE
:10B6500019E0B8F1000F0FD000208DF857008DF8D9
:10B6600076008DF87E008DF88A00CDF8648013AAEC
:10B6700015A95846FAF78CFE00BF01AA1B212046E7
:10B68000FCF76AFA78E0182E76D15046FCF707FAF4
:10B69000804641462046F3F7F1F90021204601F0AB
:10B6A00095FA60B104F59070FAF746FE05462DB1A3
:10B6B0002846FAF7D7F92846FFF73EF800BF0021E1
:10B6C000204601F05CFA002855D015A8FAF77CFE58
:10B6D00000208DF857008DF86E008DF87E008DF8F3
:10B6E0008A0015AA0021204601F08AFE002120468A
:10B6F00001F0A5FC05460021204601F094FC074618
:10B7000004F1140113A8F8F77DF9BDF84C00401BB3
:10B7100000B2ADF84C00BDF85000284400B2ADF8BE
:10B720005000BDF84E00C01B00B2ADF84E00BDF891
:10B730005200384400B2ADF85200414601A800F072
:10B740001FF80E4802900120039015A8059013A839
:10B75000049000200E9001AA1A212046FCF7FCF963
:10B7600013AA15A94046FAF713FE01AA1B21204689
:10B77000FCF7F2F900BF00BF00BF8CE6208E020884
:10B7800070B504460D4648212046FFF7C3F92560F1
:10B7900070BD0000014908707047000041020020A0
:10B7A0002DE9FF5F88464046FCF771F904464046A4
:10B7B000FCF772F90546012C04D120212846FFF739
:10B7C0006CFA01E2082C2BD120212846FFF748FD16
:10B7D0004046FCF780F907463846FDF7EAFDF0B928
:10B7E0000821284601F085FDC8B1284601F046F938
:10B7F00000F0010020B901212846FFF74EFA03E0CE
:10B8000001212846FFF72CFD00221C212846FCF7C9
:10B81000A3F90646012E01D0BDE8FF9F00BFD3E18A
:10B82000032C04D120212846FFF71AFDCCE12A2C55
:10B8300010D1284600F00DFA0746002607E0A86858
:10B84000006850F82690484602F026F8761CBE4262
:10B85000F5D3B9E10D2C7CD10821284601F049FD32
:10B8600008B34046FCF771F90678132E01D0112E6B
:10B8700004D101212846FFF710FA07E0142E01D069
:10B88000122E03D101212846FFF7EAFC0A2E09D027
:10B8900000221C212846FCF75FF90746012F00D043
:10B8A000BAE700BF90E14FF40161284601F021FDA5
:10B8B000002886D0284601F0A8FF0028AFD10390C9
:10B8C000284600F06DFB0746284600F0E1FB814664
:10B8D0004046FCF73AF90678122E14D1284600F0BB
:10B8E0006DFC8346284600F089FA8246C0170AEBB1
:10B8F00090700BEBA00000B2029001462846039A1C
:10B9000003F034F885E0112E14D1284600F056FCDF
:10B910008346284600F072FA8246C0170AEB907000
:10B92000ABEBA00000B2029001462846039A03F058
:10B930001DF86EE0132E36D1284600F027FB00F0EC
:10B94000030020B1002F19DCB9F1000F16DC2846E6
:10B9500000E05FE000F032FC8346284600F04EFA3B
:10B960008246C0170AEB90700BEBA00000B2029069
:10B9700001462846039A02F0F9FF4AE0284600F003
:10B9800013FC8346284601F0ABFC8246C0170AEB45
:10B9900090700BEBA00000B2029001462846039A7B
:10B9A00002F0C8FF35E0142E33D1284600F0EEFA3D
:10B9B00000F0030020B1002F17DCB9F1000F14DCF8
:10B9C000284600F0FBFB8346284600F017FA824623
:10B9D000C0170AEB9070ABEBA00000B202900146DA
:10B9E0002846039A02F0C2FF13E0284600F0DCFB71
:10B9F0008346284601F074FC8246C0170AEB90701B
:10BA0000ABEBA00000B2029001462846039A02F078
:10BA100091FFD9E00E2C3AD14FF48061284601F015
:10BA200068FC18B10121284602F067FF4FF0000AB8
:10BA3000284600F0D9F98346FCF764FE82460226C8
:10BA4000FDF78AFC8146B9F1000F03D14046FCF7AF
:10BA500042F881464846FDF7BCFC0746022F01D05C
:10BA6000042F01D146F00406BAF1000F06D046F0CB
:10BA7000080631462846FFF710F907E03146284608
:10BA8000FFF70BF908212846FFF7EAFB9CE0092C99
:10BA900004D140212846FFF700F995E00A2C16D181
:10BAA00040212846FFF7DCFB284600F0BDFF0228B6
:10BAB0000CD16A4602A9284600F08AFB02A9284652
:10BAC00001F080FE6946284601F07CFE7CE00F2CE8
:10BAD00004D10E212846FFF7C3FB75E0292C23D1A2
:10BAE0000021284600F0CFFF81460021284601F0C2
:10BAF000B1F88246BAF1000F02D1B9F1000F02D0BD
:10BB0000284601F0C9FE284600F0A3F807460026A3
:10BB100007E0A868006850F826B0584601F0BCFE5F
:10BB2000761CBE42F5D34FE0222C2DD100260122F7
:10BB30003146284601F0A0F90390039800B2074669
:10BB400000BF04223146284601F096F9039003987D
:10BB500000B281460021284600F095FF8246002170
:10BB6000284601F077F88346BBF1000F08D1BAF1FF
:10BB7000000F05D142F2D170874201D0814502D138
:10BB8000284601F089FE1FE0242C08D1688C20F0A3
:10BB90000200801C6884284601F07EFE14E0132C0D
:10BBA00009D100212846FFF7A2F906463146404652
:10BBB000FCF708F808E0152C03D0182C01D0122C43
:10BBC00002D14046FFF752FC00BF25E62DE9F041C7
:10BBD00006460D4616B96868046800E0346800E05F
:10BBE000246814B120690028FAD014B90120BDE8F6
:10BBF000F081206908B90120F9E70020E8602946B2
:10BC00002046226990470127287E00F0010000B1FC
:10BC100000273846EBE7024600BF00BF906808B92E
:10BC200000207047002908DA906840680144002924
:10BC300001DA0020F5E70B4600E00B46906840680B
:10BC4000984201D80020ECE79068006850F8210085
:10BC5000E7E7014600BF00BF886808B900207047C9
:10BC600088684068FBE770B506460C4600BF00BF19
:10BC70000021304600F092FF05462146304600F094
:10BC800066F8684202B2684201B22046F7F7A4FFA4
:10BC90000021304601F090F82188084400B220804D
:10BCA0000021304601F0A0F8A188081A00B2A08057
:10BCB0000021304601F0C8F86188084400B2608075
:10BCC0000021304601F048F8E188081A00B2E0800F
:10BCD00070BD2DE9F041074600BF00BF0021384686
:10BCE00001F0B2F804460021384601F035F8054667
:10BCF0000021384600F052FF0646384600F07EF834
:10BD0000001B401B022101FB160000B2BDE8F081C0
:10BD10002DE9F041074600BF00BF0021384601F081
:10BD20004BF804460021384601F05EF80546002134
:10BD3000384600F033FF0646384601F0D1FA001BC2
:10BD4000401B022101FB160000B2BDE8F08170B576
:10BD500005460C4600BF00BF05F114012046F7F769
:10BD60005AFE70BD70B5064600BF00BF706808B9C6
:10BD7000354603E0304600F099F805460E48EBF7EB
:10BD800070FD044611E0002107E0E06850F8210052
:10BD9000A84201D1204670BD491C606A8842F4D88F
:10BDA00021460548EBF763FD0446002CEBD100BFAC
:10BDB00000BF0020EFE7000038660020024600BF09
:10BDC00000BF906808B9002070479068807E00F03E
:10BDD0003F00884201D80020F6E79068C06801EB78
:10BDE000410300EB8300EFE7014600BF00BF886816
:10BDF00010B18868806870470020FCE710B50446E1
:10BE000000BF00BF04F11400F7F73BFE10BD70B592
:10BE1000064600BF00BF304600F040F805460DB9A9
:10BE2000002070BD002400BF08E021462846FFF72F
:10BE3000F2FEB04201D12046F3E7641C2846FFF72A
:10BE400008FFA042F1D84FF0FF30EAE72DE9F041BA
:10BE500004460F4690461E46002518E0E06800EBB9
:10BE6000C5004068C0F3006080B1E06800EBC50029
:10BE7000406820F07F40B04208D1E16851F83500B9
:10BE80004246394603F006FDBDE8F0816D1C608C2A
:10BE9000C0F30510A842E1D80020F5E7014609B932
:10BEA0000020704700BF00BF4868FAE710B504469D
:10BEB00000BF00BF224600BF13461846FFF7EEFF43
:10BEC0000246002AF8D1184610BD00002DE9F84FAF
:10BED000074600BF00BF2B4C3846FFF7BAFE80462E
:10BEE000002514E0B868006850F825B02649584687
:10BEF00001F00AFA00B109E0BBF91A00A04201DA28
:10BF0000204601E0BBF91A00044600BF6D1C454500
:10BF1000E8D30021384600F0A3FF00900021384606
:10BF200000F026FF81460021384600F043FE064619
:10BF30001448844205D0788BA0EB0900801B201A9E
:10BF400004B2384600F07AFD82463846FFF756FFC5
:10BF50000099401AA0EB0900022101FB1600AAEB90
:10BF600000000FFA80FA384600F028F9AAEB00002A
:10BF70000FFA80FA544502DD2046BDE8F88F50469E
:10BF8000FBE7000001E0FFFF0100040001468868B4
:10BF900020B18868407E00F00F0070470F20FCE75A
:10BFA0002DE9FC5F044600BF00BF0021204600F0E1
:10BFB00099FD012809D0A06810B90020BDE8FC9FB8
:10BFC000A068008A404200B2F8E70021204600F055
:10BFD00017FF01900021204600F0FAFE07460021DD
:10BFE000204600F0E7FD80464FF0000941F6FF755E
:10BFF0002046FFF72EFE8246002617E0A068006864
:10C0000050F8260000902049009801F07DF900B119
:10C010000BE00098B0F91400A84201DD284602E0C8
:10C020000098B0F91400054600BF761C5645E5D3CC
:10C0300041F6FF70854208D0A946A08A38444044A2
:10C04000A0EB09000FFA80F901E0DFF840902046EC
:10C0500000F004FD8346204601F042F90199401AA0
:10C06000C01B022101FB1800ABEB00000FFA80FBA4
:10C07000204600F099F858440FFA80FBD94501DDBD
:10C0800048469BE7584699E70100040001E0FFFF9E
:10C090002DE9F84F044600BF00BF0021204600F004
:10C0A00021FD012808D1A06810B90020BDE8F88F53
:10C0B000A068B0F91000F9E72A4D2046FFF7C9FD46
:10C0C0008046002614E0A068006850F826B0264993
:10C0D000584601F019F900B109E0BBF91800A8426F
:10C0E00001DA284601E0BBF91800054600BF761CBE
:10C0F0004645E8D30021204600F082FE814600211B
:10C10000204600F065FE00900021204600F052FD20
:10C1100007461448854205D0208BA0EB0900C01BC0
:10C12000281A05B2204600F099FC8246204601F00C
:10C13000D7F8A0EB09010098081A022101FB1700AB
:10C14000AAEB00000FFA80FA204600F02DF8AAEBC7
:10C1500000000FFA80FA554501DD2846A6E7504653
:10C16000A4E7000001E0FFFF010004000146886829
:10C1700020B18868007EC0F3810070470020FCE792
:10C180000146886820B18868007EC0F301107047BE
:10C190000020FCE70146886808B9002070478868DD
:10C1A000408A404200B2F9E70146886808B9002099
:10C1B00070478868008A404200B2F9E70146886803
:10C1C00008B9002070478868408A404200B2F9E709
:10C1D0002DE9F04F95B005460C4616464FF0FF305E
:10C1E00003460022114600902046F7F717FD4FF056
:10C1F000FF3003460022114600903046F7F70EFD4F
:10C200001021284601F075F810B915B0BDE8F08F7F
:10C21000284600F009FC8046B8F1000F00D1F4E791
:10C220000020FDF79FF81490B8F1020F11D109E03A
:10C230001498FDF7BEF8A84200D106E01498FDF767
:10C2400091F8149014980028F2D100BF149800B906
:10C25000DBE72846FFF79EFF13902846FFF736FEE0
:10C2600012902846FFF79CFE11902846FFF710FF1A
:10C2700010902846FFF78AFE0F9000200E900F982E
:10C2800000F00C00A8B1B8F1010F10D0B8F1030F05
:10C2900005D1139800280ADC1298002807DCB8F1B1
:10C2A000020F06D11498FDF771F80C2801D1012076
:10C2B0000E9000200D900F9800F00300A8B1B8F187
:10C2C000010F10D0B8F1030F05D1119800280ADC36
:10C2D0001098002807DCB8F1020F06D11498FDF77A
:10C2E00055F8032801D101200D900D9810B90E9832
:10C2F00000B98AE74FF48031284600F0F3FB0128AB
:10C3000000D100E000200C904FF48031284600F06E
:10C31000A7FD83464FF48031284600F029FD0B909D
:10C320004FF48031284600F053FD07464FF480312A
:10C33000284600F065FD81464FF4803003900122CD
:10C340002846039900F098FD0290029800B20A90E6
:10C350002846FFF753FD0990284600F0C1FF0890DA
:10C360000E9808B10A9800E0002082460D9808B1A6
:10C370000A9800E0002007904FF4803003902122BB
:10C380002846039900F078FD02900298C0B2022876
:10C390000DDA4FF48030039031222846039900F0E3
:10C3A0006BFD02900298C0B2022800DA2DE71399C3
:10C3B000099801441298084400B205900E9800288C
:10C3C0007ED005980028FBD0E88A7080688BF080CA
:10C3D0000C9850B1A88A384400B2308031880A984D
:10C3E0000844401E00B2B0800AE0288BA0EB090090
:10C3F00000B2B080B1880A98081A401C00B23080A0
:10C400000998A0EB0B010B98091A0798081A0999CB
:10C410004843059990FBF1F000B203900020F8F733
:10C4200079FA00EB8000502101EB4000A02190FB45
:10C43000F1F001280BDD0020F8F76CFA00EB80002A
:10C44000502101EB4000A02190FBF1F000E0012021
:10C450000399884201DA039819E00020F8F75AFAA4
:10C4600000EB8000502101EB4000A02190FBF1F097
:10C4700001280BDD0020F8F74DFA00EB8000502179
:10C4800001EB4000A02190FBF1F000E0012000B2A0
:10C4900003900998A0EB0B010B98091A0798091A49
:10C4A0000398081A00B2069009990598401A00B23C
:10C4B0000290029800280EDCE88A584400B200E09E
:10C4C000BEE07080698B0B98091A0798081A401E05
:10C4D00000B2F080B3E0129906984843029990FBAD
:10C4E000F1F000B2019001990698401A00B2019053
:10C4F000E98A01980844584400B270807188039812
:10C500000844401E00B2F080B6F90210B5F91600DA
:10C510005844814242DAE88A584400B270800020D0
:10C52000F8F7F8F900EB8000502101EB4000A02162
:10C5300090FBF1F001280BDD0020F8F7EBF900EBA0
:10C540008000502101EB4000A02190FBF1F000E0C1
:10C550000120B6F902100844B6F9061088421DDD24
:10C560000020F8F7D7F900EB8000502101EB4000E4
:10C57000A02190FBF1F001280BDD0020F8F7CAF9AB
:10C5800000EB8000502101EB4000A02190FBF1F076
:10C5900000E001207188084400B2F080B6F906106E
:10C5A000B5F91A200798121A0B98101A814245DD26
:10C5B000698B0798091A0B98081A00B2F0800020BE
:10C5C000F8F7A8F900EB8000502101EB4000A02112
:10C5D00090FBF1F001280BDD0020F8F79BF900EB50
:10C5E0008000502101EB4000A02190FBF1F000E021
:10C5F0000120B6F90610081AB6F9021088421DDAB1
:10C600000020F8F787F900EB8000502101EB400093
:10C61000A02190FBF1F001280BDD0020F8F77AF95A
:10C6200000EB8000502101EB4000A02190FBF1F0D5
:10C6300000E00120F188081A00B2708000BF00BF3E
:10C640001199089801441098084400B204900D987C
:10C65000002879D004980028FBD0698B0B98081A21
:10C6600000B2E080E1880A98081A401C00B260809D
:10C67000A88A2080288BA0800898C01BA0EB090006
:10C68000A0EB0A0008994843049990FBF1F000B22E
:10C6900003900020F8F73EF900EB8000502101EBF9
:10C6A0004000A02190FBF1F001280BDD0020F8F7FD
:10C6B00031F900EB8000502101EB4000A02190FBFC
:10C6C000F1F000E001200399884201DA039819E0B3
:10C6D0000020F8F71FF900EB8000502101EB40002B
:10C6E000A02190FBF1F001280BDD0020F8F712F9F2
:10C6F00000EB8000502101EB4000A02190FBF1F005
:10C7000000E0012000B203900898C01BA0EB0900D4
:10C71000A0EB0A010398081A00B206900899049841
:10C72000401A00B20290029800281BDC0C9860B1FD
:10C73000A88A38445044401E00B22080288BA0EBC9
:10C74000090000B2A0806CE16CE1A88A384400B214
:10C750002080288BA0EB0900A0EB0A00401E00B24D
:10C76000A0805EE1109906984843029990FBF1F091
:10C7700000B2019001990698401A00B201900C98FD
:10C7800000287CD0A98A019808443844504400B25B
:10C790002080218803980844401E00B2A080B4F98C
:10C7A0000000B5F9141039445144884243DAA88A8C
:10C7B0003844504400B220800020F8F7ABF800EB7A
:10C7C0008000502101EB4000A02190FBF1F00128F6
:10C7D0000BDD0020F8F79EF800EB8000502101EB04
:10C7E0004000A02190FBF1F000E00120B4F900101E
:10C7F0000844B4F9041088421DDD0020F8F78AF8D7
:10C8000000EB8000502101EB4000A02190FBF1F0F3
:10C8100001280BDD0020F8F77DF800EB80005021A7
:10C8200001EB4000A02190FBF1F000E00120218805
:10C83000084400B2A080B4F90410B5F91800A0EBC8
:10C840000900814245DD288BA0EB090000B2A080E1
:10C850000020F8F75FF800EB8000502101EB40006A
:10C86000A02190FBF1F001280DDD0020F8F752F82F
:10C8700000EB8000502101EB4000A02100E029E006
:10C8800090FBF1F000E00120B4F90410081AB4F9AB
:10C89000001088421DDA0020F8F73CF800EB800019
:10C8A000502101EB4000A02190FBF1F001280BDDAD
:10C8B0000020F8F72FF800EB8000502101EB40003A
:10C8C000A02190FBF1F000E00120A188081A00B23D
:10C8D0002080A5E0A98A01980844384400B220804D
:10C8E000218803980844401E00B2A080B4F90000DB
:10C8F000B5F914103944884242DAA88A384400B2A3
:10C9000020800020F8F706F800EB8000502101EBB2
:10C910004000A02190FBF1F001280BDD0020F7F78B
:10C92000F9FF00EB8000502101EB4000A02190FBBB
:10C93000F1F000E00120B4F900100844B4F904104B
:10C9400088421DDD0020F7F7E5FF00EB8000502155
:10C9500001EB4000A02190FBF1F001280BDD00204D
:10C96000F7F7D8FF00EB8000502101EB4000A02139
:10C9700090FBF1F000E001202188084400B2A08083
:10C98000B4F90410B5F91800A0EB0A00A0EB0900F7
:10C99000814245DD288BA0EB0A00A0EB090000B224
:10C9A000A0800020F7F7B6FF00EB8000502101EBDC
:10C9B0004000A02190FBF1F001280BDD0020F7F7EB
:10C9C000A9FF00EB8000502101EB4000A02190FB6B
:10C9D000F1F000E00120B4F90410081AB4F90010D5
:10C9E00088421DDA0020F7F795FF00EB8000502108
:10C9F00001EB4000A02190FBF1F001280BDD0020AD
:10CA0000F7F788FF00EB8000502101EB4000A021E8
:10CA100090FBF1F000E00120A188081A00B220800C
:10CA200000BF00BF00BF13E40146886820B18868DA
:10CA3000007E00F0030070470320FCE738B5044691
:10CA40000548006800906A462C212046FBF784F8D0
:10CA5000BDF9020038BD0000408E020838B504461A
:10CA60000548006800906A462C212046FBF774F8C0
:10CA7000BDF9000038BD00003C8E0208014600BF31
:10CA800000BF088C704738B504460D460922294678
:10CA9000204600F0F1F900900098C0B238BD38B5DA
:10CAA00004460D4609222946204600F0E5F900908B
:10CAB0000098C0B238BD38B504460D4666222946F6
:10CAC000204600F0D9F90090009838BD38B50446EA
:10CAD0000D4616222946204600F0CEF90090009817
:10CAE000C0B238BD38B504460D4616222946204648
:10CAF00000F0C2F900900098C0B238BD38B50446C5
:10CB00000D4616222946204600F0B6F900900098FE
:10CB1000C0B238BD38B504460D4616222946204617
:10CB200000F0AAF900900098C0B238BD7CB5044668
:10CB30000D4620222946204600F09EF9024629464D
:10CB400000902046EAF7CFFF019001987CBD38B5F0
:10CB500004460D4621222946204600F08DF900901A
:10CB60000098C0B238BD38B504460D466822294643
:10CB7000204600F081F900900098C0B238BD38B569
:10CB800004460D4634222946204600F075F90090EF
:10CB9000009808B1012038BD0020FCE738B50446F4
:10CBA0000D4632222946204600F066F90090009892
:10CBB00000B238BD38B504460D463222294620461B
:10CBC00000F05AF90090009800B238BD38B504461C
:10CBD0000D4617222946204600F04EF90090009895
:10CBE00008B1012038BD0020FCE7000038B504463C
:10CBF0000D46054802882946204600F03DF9009080
:10CC00000098C0B238BD00006A02002038B5044662
:10CC10000D4604222946204600F02EF90090009887
:10CC200000B238BD38B504460D46042229462046D8
:10CC300000F022F90090009800B238BD38B50446E3
:10CC40000D4604222946204600F016F9009000986F
:10CC500000B238BD38B504460D460A2229462046A2
:10CC600000F00AF90090009880B238BD38B504464B
:10CC70000D460A222946204600F0FEF80090009852
:10CC800080B238BD38B504460D466022294620469C
:10CC900000F0F2F800900098C0B238BD2DE9F041E4
:10CCA00006460F4639463046FFF7ECFF0446022C95
:10CCB00002DC0020BDE8F081FF25FD2C02DA05FB37
:10CCC00004F0050A0FB1002703E03046FFF7E6F84D
:10CCD000064611E039463046FFF7D4FF0446022CE1
:10CCE00001DC0020E6E7FD2C02DA05FB04F0050A72
:10CCF0003046FFF7D3F80646002EEBD1022D01DCBB
:10CD00000020D7E7FD2D01DBFF20D3E72846D1E740
:10CD100038B504460D4637222946204600F0ACF8C7
:10CD200000900098C0B238BD38B504460D46382290
:10CD30002946204600F0A0F80090009800B238BDC7
:10CD400038B504460D4635222946204600F094F8B1
:10CD50000090009800B238BD38B504460D46112247
:10CD60002946204600F088F80090009800B238BDAF
:10CD700038B504460D4611222946204600F07CF8BD
:10CD80000090009800B238BD38B504460D46152213
:10CD90002946204600F070F80090009800B238BD97
:10CDA00038B504460D4615222946204600F064F8A1
:10CDB0000090009800B238BD38B504460D461222E6
:10CDC0002946204600F058F80090009800B238BD7F
:10CDD00038B504460D4612222946204600F04CF88C
:10CDE0000090009800B238BD38B504460D461322B5
:10CDF0002946204600F040F80090009800B238BD67
:10CE000038B504460D4613222946204600F034F872
:10CE10000090009800B238BD38B504460D46142283
:10CE20002946204600F028F80090009800B238BD4E
:10CE300038B504460D4614222946204600F01CF859
:10CE40000090009800B238BD38B504460D46102257
:10CE50002946204600F010F80090009800B238BD36
:10CE600038B504460D4610222946204600F004F845
:10CE70000090009800B238BD2DE9F84305460E46F3
:10CE800014460121204602F0ADFE8046002717E03F
:10CE90006B46224631462846F4F7E7FD0746012F48
:10CEA00000D10FE0B8F1000F00D10BE0022F02D04B
:10CEB0000EB1002604E02846FEF7F0FF054600BF4D
:10CEC000002DE5D100BF012F23D0F6B9012C01D0F0
:10CED000042C1AD1286808E0012C02D1818A19B1EA
:10CEE00005E0C18A01B102E000680028F4D100BF6A
:10CEF00040B1012C02D1B0F9141001E0B0F91610C4
:10CF0000009101E00021009103E0204602F0D6FDEF
:10CF100000900098BDE8F88338B504460D460B2212
:10CF200029462046FFF7A8FF0090009800B238BDC0
:10CF300038B504460D46412229462046FFF79CFF9E
:10CF40000090009800B238BD38B504460D46422224
:10CF500029462046FFF790FF0090009800B238BDA8
:10CF600038B504460D46452229462046FFF784FF82
:10CF700000900098C0B238BD38B504460D46432233
:10CF800029462046FFF778FF0090009800B238BD90
:10CF900038B504460D46402229462046FFF76CFF6F
:10CFA0000090009800B238BD7CB504460D4655226D
:10CFB00029462046FFF760FF02462946009020469A
:10CFC000EAF791FD019001987CBD38B504460D4605
:10CFD000572229462046FFF74FFF0090009838BDA2
:10CFE00038B504460D46572229462046FFF744FF30
:10CFF0000090009838BD38B504460D4658222946A1
:10D000002046FFF739FF0090009800B238BD38B5D0
:10D0100004460D46592229462046FFF72DFF009071
:10D02000009800B238BD38B504460D466A2229463C
:10D030002046FFF721FF0090009800B238BD38B5B8
:10D0400004460D46692229462046FFF715FF009049
:10D05000009800B238BD38B504460D460122294675
:10D060002046FFF709FF0090009800B238BD38B5A0
:10D0700004460D46012229462046FFF7FDFE00909A
:10D08000009800B238BD38B504460D460122294645
:10D090002046FFF7F1FE0090009800B238BD38B589
:10D0A00004460D46012229462046FFF7E5FE009082
:10D0B000009800B238BD38B504460D46072229460F
:10D0C0002046FFF7D9FE0090009800B238BD38B571
:10D0D00004460D46082229462046FFF7CDFE009063
:10D0E000009800B238BD2DE9FF4105460C461646B2
:10D0F0001F462088ADF800006088ADF80200208847
:10D10000ADF80400E188ADF80610A088ADF808007D
:10D110006188ADF80A10A088ADF80C00E188ADF880
:10D120000E103B4632466946284601F04BFF3B460F
:10D13000324601A9284601F045FF3B46324602A986
:10D14000284601F03FFF3B46324603A9284601F03E
:10D1500039FFBDF90000BDF90410884202DABDF9BB
:10D16000000001E0BDF90400BDF90810BDF90C2074
:10D17000914202DABDF9081001E0BDF90C108842B5
:10D180000BDABDF90000BDF90410884202DABDF9DE
:10D1900000000DE0BDF904000AE0BDF90800BDF98A
:10D1A0000C10884202DABDF9080001E0BDF90C005C
:10D1B0002080BDF90000BDF90410884202DDBDF9F0
:10D1C000000001E0BDF90400BDF90810BDF90C2014
:10D1D000914202DDBDF9081001E0BDF90C10884252
:10D1E0000BDDBDF90000BDF90410884202DDBDF978
:10D1F00000000DE0BDF904000AE0BDF90800BDF92A
:10D200000C10884202DDBDF9080001E0BDF90C00F8
:10D21000A080BDF90210BDF90600814202DABDF915
:10D22000020001E0BDF90600BDF90A20BDF90E10AB
:10D230008A4202DABDF90A1001E0BDF90E108842F7
:10D240000BDABDF90210BDF90600814202DABDF920
:10D2500002000DE0BDF906000AE0BDF90A10BDF9B3
:10D260000E00814202DABDF90A0001E0BDF90E00AC
:10D270006080BDF90210BDF90600814202DDBDF9F2
:10D28000020001E0BDF90600BDF90A20BDF90E104B
:10D290008A4202DDBDF90A1001E0BDF90E10884294
:10D2A0000BDDBDF90210BDF90600814202DDBDF9BA
:10D2B00002000DE0BDF906000AE0BDF90A10BDF953
:10D2C0000E00814202DDBDF90A0001E0BDF90E0049
:10D2D000E080052211462046F6F77EFCBDE8FF817E
:10D2E00010B5044600BF00BF04F11400F6F719FCA6
:10D2F00010BD024600BF00BFD0690840884201D17E
:10D30000012070470020FCE7024600BF00BFD06943
:10D31000084008B1012070470020FCE7024600BF2A
:10D3200000BF108C084008B1012070470020FCE7C6
:10D33000F8B506460D46144600BF5622294630462B
:10D34000FFF79AFD00900098C0B2A076A07E022858
:10D3500000DCF8BD29463046FFF7A0FC0746022F47
:10D3600002DC0020A076F4E7FD2F03DAA07E7843EC
:10D370000012A076A07E022800DCEAE729463046AB
:10D38000FFF712FE0090BDF80000A08100BF5822F8
:10D3900029463046FFF770FD0090009800B2A08249
:10D3A00000BF592229463046FFF766FD00900098DD
:10D3B00000B2608200BF5A2229463046FFF75CFD6A
:10D3C00000900098A17F60F30201A1773DB129464A
:10D3D0003046FFF7C8FBA17F60F3C501A17729465E
:10D3E0003046FFF7F2FD206000BF5B222946304641
:10D3F000FFF742FD00900098C0B2207700BFA8E779
:10D400002DE9FE4306460D46144629463046FFF7F1
:10D4100045FC074665B1022F0ADC0020E070A076CB
:10D4200084F8220084F82A0084F83600BDE8FE83E0
:10D4300025B129463046FFF796FBA07000BF0B22AE
:10D4400029463046FFF718FD0290029800B220806E
:10D45000E078002875D000BF212229463046FFF72A
:10D460000BFD02900298C0B2E070E078022868DDFF
:10D4700029463046FFF75AFB0290BDF80800A0800D
:10D4800000BF262229463046FFF7F6FC029002989C
:10D490008046B8F1000F0AD098F8090000F00700A4
:10D4A00028B10A224146A01DFDF7B2F948E000BFAD
:10D4B000232229463046FFF7DFFC02900298E17BE9
:10D4C00060F30201E173E07B00F0070060B32946DE
:10D4D0003046FFF72BFB0290BDF80800E08000BF4C
:10D4E000222229463046FFF7C7FC02462946009013
:10D4F0003046EAF7F8FA019001980290A01DBDF8B5
:10D500000810618100BF242229463046FFF7B4FC91
:10D5100002900298207200BF252229463046FFF76C
:10D52000ABFC02900298207300BF272229463046A8
:10D53000FFF7A2FC02900298E17B60F3C501E17362
:10D5400000BF00BF322229463046FFF795FC02900B
:10D55000029800B22084208C88B394F8220070B323
:10D5600000BF312229463046FFF786FC0290029820
:10D57000C0B284F8220094F8220002281FDD00BF08
:10D58000332229463046FFF777FC0290029894F840
:10D59000231060F3450184F8231000BF3022294690
:10D5A0003046FFF769FC0246294600903046EAF70C
:10D5B0009AFA019001980290BDF80800E08329468C
:10D5C0003046FFF7BDFBE084E08C18B394F82A00E6
:10D5D00000B329463046FFF79BFB84F82A0094F8F5
:10D5E0002A00022816DD29463046FFF79DFB2085DC
:10D5F00000BF362229463046FFF73EFC0246294648
:10D6000000903046EAF76FFA019001980290BDF859
:10D610000800A084A07E002855D000BF28222946FB
:10D620003046FFF729FC029002982061206900280B
:10D6300049D000BF292229463046FFF71DFC029041
:10D640000298C0B2A076A07E02283CDD2069FBF7DC
:10D6500069FE02280DD129463046FFF7B6FC60610D
:10D6600029463046FFF7A0FC0290BDF80800208351
:10D6700029E000BF2A2229463046FFF7FDFB02467B
:10D68000294600903046EAF72EFA01900198029060
:10D69000BDF80800208300BF2B2229463046FFF743
:10D6A000EBFB02900298C0B2E076B046A9462C226D
:10D6B00049464046FFF7E0FB0290029808B101207E
:10D6C00000E00020207794F83600A8B329463046C1
:10D6D000FFF75EFCE085E08D70B394F83600022819
:10D6E0002ADD29463046FFF73BFC84F8360094F8E3
:10D6F0003600022820DD29463046FFF719FC208637
:10D7000029463046FFF720FC608629463046FFF761
:10D7100033FCA08600BF442229463046FFF7ACFB0D
:10D720000246294600903046EAF7DDF9019001985B
:10D730000290BDF80800A085FD2F17DA173414F801
:10D74000140C7843001204F8140CE07878430012AB
:10D75000E070E07A78430012E072E07C78430012D7
:10D76000E074E07F78430012E077173C00BF5DE68D
:10D770007CB5054600BF00BF2846EAF774F90446A9
:10D7800005F114016846F6F746F9BDF80000001BE4
:10D7900000B2ADF80000BDF80200001B00B2ADF809
:10D7A0000200BDF80400204400B2ADF80400BDF84A
:10D7B0000600204400B2ADF806006946284600F095
:10D7C00001F87CBD2DE9FC4104460D4600BF00BFB9
:10D7D0002046FEF7C7FA06463046F7F72EF908B995
:10D7E000BDE8FC8129466846F6F715F969462046EA
:10D7F000FDF7F0FA00B9F3E72046FEF7B3FA074663
:10D800006946E9F78DFF00BFEAE70246116800E0CC
:10D81000096821B1087E00F003000028F8D009B99A
:10D8200000207047087E00F00300012800D1F8E7CF
:10D830000020F6E70246116800E0096821B1087E81
:10D84000C0F381000028F8D009B900207047087E95
:10D85000C0F38100012800D1F8E70020F6E70000BE
:10D8600070B506460B493046FFF74EFD08B1002063
:10D8700070BD3046FEF712FB04460CB90020F7E7F6
:10D8800000212046FFF7F2F905460DB10120EFE730
:10D890000020EDE70100060070B50446608C20F022
:10D8A0000100401C60842046FEF700FB0546688CA2
:10D8B00020F00400001D68842846FEF753FA06464F
:10D8C000706810B1706802F0EBFE70BD2DE9F04792
:10D8D00080460D46164699464046FEF7BAF98246FE
:10D8E000002726E0D8F80800006850F82740B9F172
:10D8F000000F06D04FF480212046FFF7FAFC00B15C
:10D9000016E0A08A284400B2A082E08A304401B226
:10D91000E182208B284401B22183608B304401B224
:10D9200061830023324629462046FFF7CFFF00BF20
:10D930007F1C5745D6D3BDE8F0872DE9F04F85B061
:10D9400004460E4617466568002D34D0002128464F
:10D95000FFF732FA824600212846FFF775FA834620
:10D960004FF480212046FFF7C4FC40B1A88A504400
:10D97000304406B2E88A5844384407B20FE02846DB
:10D98000FEF712FCA98A5144081A304406B2284610
:10D99000FEF714FCE98A5944081A384407B20021FA
:10D9A0002846FFF7FBF8814606EB090006B207EBB5
:10D9B000090007B200BFA08A301A00B2ADF810000B
:10D9C000E08A381A00B2ADF81200BDF8100028B98C
:10D9D000BDF8120010B905B0BDE8F08F2046FFF782
:10D9E000C7FE02A92046FEF7B2F94FF000087DB14C
:10D9F00069462846FEF737F90022694602A8E9F78A
:10DA00006BFA8046B8F1000F02D1284600F0CAFF39
:10DA1000A08ABDF81010084400B2A082E08ABDF8C8
:10DA20001210084401B2E182208BBDF810100844A6
:10DA300001B22183608BBDF81210084401B26183EA
:10DA4000BDF91220BDF9101000232046FFF73EFF5C
:10DA500025B1224622212846FAF77EF82046FFF714
:10DA600087FE9DB10022694604F11400E9F734FAFB
:10DA70008146B8F1000F05D1B8F1000F05D1B9F119
:10DA8000000F02D0284600F08DFF00BF00BFA2E7C4
:10DA90002DE9F04107460E463846FEF771FBC8B93E
:10DAA0003846FEF777FB05463846FEF70FFA044680
:10DAB000002C0EDA002D0CDD6042854201DA28468A
:10DAC00000E0604204B2334622460021384600F0AE
:10DAD000BDFD00BF3846FEF749FB88BB3846FEF760
:10DAE0005FFA04463846FEF7D3FA05460021384669
:10DAF000FEF7F8FF012811D0002D20DA002C1EDDE2
:10DB00006842844201DA204600E0684205B23346AA
:10DB100000222946384600F099FD10E0002C0EDA6C
:10DB2000002D0CDD6042854201DA284600E06042AB
:10DB300005B2334600222146384600F087FD00BF7B
:10DB4000BDE8F0812DE9F04F89B004460D46A66886
:10DB500005A92846FEF7FBF82846E9F784FF04905C
:10DB6000049A114605A8F6F737F805AA314607A822
:10DB7000E9F771F90390039828B94FF4002128467A
:10DB8000FFF7B7FB08B1012000E000208046B8F1A4
:10DB9000000F10D007A8A060224614212846F9F7EC
:10DBA000DBFF224615212846F9F7D6FF224616212B
:10DBB0002846F9F7D1FF4FF001094FF4002128461C
:10DBC000FFF797FB20B1306801907068029008E081
:10DBD00005F11402314601A8E9F73DF908B94FF003
:10DBE0000009B9F1000F13D001A8A0602846FEF784
:10DBF00030F88246002708E0A868006850F827B08F
:10DC00005946204605F052FC7F1C5745F4D300BF0F
:10DC1000B8F1000F10D007A8A060224617212846AF
:10DC2000F9F79AFF224618212846F9F795FF224670
:10DC300019212846F9F790FFA66009B0BDE8F08FDA
:10DC40002DE9F14F86B00698FFF70AFE10B107B034
:10DC5000BDE8F08F0698FEF721F90590002106989F
:10DC6000FFF729FA054600210698FFF730FA044627
:10DC7000059828B9224629460698FFF75EFEE6E792
:10DC80000598FEF745F880460598FEF722F8064607
:10DC900005F4C040B0F5005F01D1012000E0002094
:10DCA00030B125F4C040B0F5FA6F01DC012000E08E
:10DCB000002088B125F4C040B0F57A7F04DD25F45A
:10DCC000C040C0F57A7001E025F4C04000FB08F0C8
:10DCD000642190FBF1F005B204F4C040B0F5005FA0
:10DCE00001D1012000E0002030B124F4C040B0F5A3
:10DCF000FA6F01DC012000E0002080B124F4C04074
:10DD0000B0F57A7F04DD24F4C040C0F57A7001E0FC
:10DD100024F4C0407043642190FBF1F004B20698F3
:10DD20000290002003906B22DDE90201FFF7A4F8C6
:10DD3000019001980FFA80FA00BF06980290002027
:10DD400003906C22DDE90201FFF796F8019001983B
:10DD50000FFA80FB00BF0698FFF7C2FA81460698CB
:10DD6000FEF74CF807460AF4C040B0F5005F01D159
:10DD7000012000E0002030B12AF4C040B0F5FA6F75
:10DD800001DC012000E0002090B12AF4C040B0F591
:10DD90007A7F04DD2AF4C040C0F57A7001E02AF4ED
:10DDA000C04000FB09F0642190FBF1F00FFA80FA0B
:10DDB0000BF4C040B0F5005F01D1012000E000206D
:10DDC00030B12BF4C040B0F5FA6F01DC012000E067
:10DDD000002088B12BF4C040B0F57A7F04DD2BF42D
:10DDE000C040C0F57A7001E02BF4C0407843642154
:10DDF00090FBF1F00FFA80FB05EB0A0005B204EB93
:10DE00000B0004B200210698FEF749FE0490049826
:10DE100050B900210598FEF759FE012802D10320D0
:10DE2000049001E0012004900498012805D12246C5
:10DE300029460698FFF781FD6FE00498801E0828A8
:10DE400064D2DFE800F00410212534153C4C414633
:10DE500008EBD1725210484609EBD073A2EB630273
:10DE60002A4415B253E0A8EB0900284405B24EE05D
:10DE7000314606EBD1725210384607EBD073A2EB55
:10DE80006302224414B242E0F01B204404B23EE09C
:10DE9000414608EBD1725210484609EBD073A2EB11
:10DEA00063022A4415B2F01B204404B22FE0A8EB11
:10DEB0000900284405B2F01B204404B227E0A8EB77
:10DEC0000900284405B2314606EBD172521038469B
:10DED00007EBD073A2EB6302224414B217E0414671
:10DEE00008EBD1725210484609EBD073A2EB6302E3
:10DEF0002A4415B2314606EBD1725210384607EB70
:10DF0000D073A2EB6302224414B200E000BF00BF52
:10DF1000224629460698FFF710FD00BF97E62DE937
:10DF2000F04F8DB0044600BF00BF608CC0F3C0202E
:10DF300038B1608CC0F3802018B100200DB0BDE86E
:10DF4000F08F2046FDF7AAFF07460FB90020F5E73E
:10DF50002046FEF725F80C9000200B900A90608C6C
:10DF6000C0F3C02020B12046FFF7BAF905467EE095
:10DF700000212046FFF76FF8054642F2D1718D422D
:10DF800001D1012000E000200B9005F4C040B0F565
:10DF9000005F01D1012000E0002030B125F4C04035
:10DFA000B0F5FA6F01DC012000E000200A9038464D
:10DFB000FDF7AEFE81460B9820B12046ECF770F9D4
:10DFC000054634E00A98F8B1788CC0F3C020E0B977
:10DFD00000213846FFF73FF842F2D171884214D150
:10DFE00000212046FEF7DAFD019000212046FEF7D1
:10DFF000E3FE0199084405B200212046FEF7F4FE35
:10E0000001990844284405B211E025F4C040B0F558
:10E010007A7F04DD25F4C040C0F57A7001E025F474
:10E02000C04000FB09F0642190FBF1F005B2002034
:10E030000190022220460199FEF71EFF00900098F1
:10E040000FFA80FA00BF00200190032220460199B8
:10E05000FEF712FF009000980FFA80FB00BF4B46BE
:10E060005A4651462846F5F772FE054600BF20463F
:10E07000FEF790F80990002008900790608CC0F39C
:10E08000802020B12046FDF7B9FE06467EE0002143
:10E090002046FEF7BBFD064642F2D1718E4201D109
:10E0A000012000E00020089006F4C040B0F5005FB9
:10E0B00001D1012000E0002030B126F4C040B0F5CD
:10E0C000FA6F01DC012000E0002007903846FDF7E0
:10E0D00000FE8146089820B12046ECF745F8064638
:10E0E00034E00798F8B1788CC0F38020E0B90021C3
:10E0F0003846FEF78BFD42F2D171884214D10021DF
:10E100002046FEF74BFD019000212046FEF79CFEC5
:10E110000199084406B200212046FEF71DFE019930
:10E120000844304406B211E026F4C040B0F57A7FCE
:10E1300004DD26F4C040C0F57A7001E026F4C0404A
:10E1400000FB09F0642190FBF1F006B20020019081
:10E15000052220460199FEF78FFE009000980FFAE5
:10E1600080FA00BF00200190062220460199FEF7A8
:10E1700083FE009000980FFA80FB00BF4B465A4682
:10E1800051463046F5F78CFD064600BF0B9808B99E
:10E19000089828B100232046099A0C9900F09BFBAF
:10E1A0002046FFF79DF8A84206D12046FDF726FE3F
:10E1B000B04201D10020C1E62046FFF7D9FA05A9F7
:10E1C0002046FDF7C4FD03A93846FDF74CFD0022AB
:10E1D00003A905A8E8F780FE8046B8F1000F02D138
:10E1E000384600F0DFFBE08A3044401E01B2618314
:10E1F00000212046FEF76AFC012805D1208B401B38
:10E20000401C00B2A08204E0A08A2844401E01B253
:10E21000218305AA29212046F9F79EFC22462221C6
:10E220003846F9F799FC2046FFF7A2FA608C20F0F7
:10E230000200801C6084002203A904F11400E8F7A6
:10E240004BFE0290B8F1000F04D1B8F1000F04D1D9
:10E25000029810B1384600F0A5FB204600F002F805
:10E2600001206BE638B5044600BF00BF2046E9F741
:10E27000FAFB0546002000906A4613212046F9F774
:10E280006BFCBDF90000A84202D02046FFF770FAEF
:10E29000A06820B1BDF90000A168C88209E0BDF8FE
:10E2A000000030B12046FCF769FDBDF90000A1680F
:10E2B000C882BDF90000A84202D02046FFF758FAF4
:10E2C00038BD70B5044600212046FEF7C4FE054661
:10E2D00000212046FEF79AFC064642F2D1708542A4
:10E2E00003D0864201D0002070BD2046FFF7D4FA4B
:10E2F0000120F9E72DE9F74F82B00446164600BF2A
:10E3000000BF4F48007810B905B0BDE8F08F204637
:10E31000FFF72EFA039800F04EFE05460421304622
:10E3200001F060FC07460221304601F05BFC8046AC
:10E330000121304601F056FC82461021304601F0A2
:10E3400051FC814637B3B5F5702F1BD0D5B14FF0D6
:10E35000000B042259462046FEF78EFD01900198DD
:10E3600000B242F2D17188420CD000BF012259465E
:10E370002046FEF781FD0190019800B242F2D17172
:10E38000884207D100222A212046F9F7E5FB2046E2
:10E39000FFF782FAB5F5702F00D07DB94FF6FF7008
:10E3A000864200D057B12046FDF778FD8346BBF189
:10E3B000000F02D05846FFF76FFA00BFB5F5702F77
:10E3C00000D0E5B9B9F1000F19D02046ECF754F9A7
:10E3D0008346A06830B1A068807E6BF38710A16887
:10E3E00088760BE0BBF1000F08D02046FCF7C6FC96
:10E3F000A068807E6BF38710A168887600BF4FF617
:10E40000FF70864202D0B8F1000F02D02046FFF71D
:10E4100029FF2046FFF7ACF94FF6FF70864206D081
:10E42000BAF1000F09D0B8F1000F00D12FB1B5F546
:10E43000803F02D0204605F0C5FA00BF64E7000027
:10E44000410200202DE9F04105468846174600BFED
:10E4500000BF002410E0E86800EBC4004068C0F38F
:10E46000006040B1E86800EBC400406820F07F40E5
:10E47000B84200D105E0641C688CC0F30510A042CE
:10E48000E9D800BF688CC0F30510A04202D100207B
:10E49000BDE8F081E96851F83400414601F006FC1E
:10E4A000064626B1424639462846FFF723FF0EB1FD
:10E4B0000120EDE70020EBE72DE9FE4F04460E4674
:10E4C0009146484600F07BFD8246484600F073FDC9
:10E4D00080464FF6FF7002901EB1F07908B9002017
:10E4E00002900025AB4674E0E16801EBC501496884
:10E4F00021F07F4000F063FD0190E16801EBC50170
:10E50000496821F07F4000F056FD00904FF6FF7003
:10E51000824502D0019850450BD1B8F5702F02D03A
:10E520000098404505D136B1E06850F83500B0425A
:10E5300001D06D1C4DE0E06800EBC5004068C0F301
:10E54000406030B100234FF6FF724146204608F08C
:10E55000E7FDE06800EBC5004068C0F3006030B93B
:10E56000E06800EBC5004068C0F3406068B1E16856
:10E5700051F8350001F01DFCE16851F83500FCF759
:10E58000F3F80020E16841F835002F4609E0E06823
:10E5900000EBC7010246781C02EBC00205CA05C1A8
:10E5A0007F1C608CC0F30510401EB842EFD8608C11
:10E5B0000009401E618C60F309116184628CC2F312
:10E5C0000512D100E068FCF701F9E0604FF0010BA3
:10E5D00000BF608CC0F30510A84285D8BBF1000FC6
:10E5E00006D0029820B141462046029AFFF782FEEB
:10E5F000BDE8FE8F10B50446024A00212046FFF711
:10E600005BFF10BDFFFF0F0070B506460E48007897
:10E6100000B970BD0020F6F7C5F9044610E00025EA
:10E6200006E0E06850F82510304605F024FA6D1C2D
:10E63000606AA842F5D82046F6F7B4F9044600BF50
:10E64000002CECD100BFE4E7410200202DE9F04F9F
:10E6500093B005460C4616469A461CB916B913B037
:10E66000BDE8F08FBAF1010F7ED12846FDF77AFBA5
:10E67000129001A8F5F7DAF800BF019500BF5048E5
:10E68000049000BF002C38D01298F6F755F940F3EB
:10E690005D0B224600215846F5F751F90746C82F71
:10E6A00000D2C827B7F5C87F01D94FF4C8773946DB
:10E6B00001A8F5F728F92846FDF776FD8046C8F150
:10E6C00000000219C8F1000101A8F5F726F93D493B
:10E6D00001A8F5F707F93C4901A8F5F709F901AADE
:10E6E00009212846F9F738FA8146B9F1010F00D01F
:10E6F000B5E701A8F5F734F900BF002E39D012981C
:10E70000F6F780F940F35D0B324600215846F5F7E5
:10E7100016F90746C82F00D2C827B7F5C87F01D918
:10E720004FF4C877394601A8F5F7EDF82846FDF70C
:10E7300045FD8046C8F100008219C8F1000101A81A
:10E74000F5F7EBF8214901A8F5F7CCF81E4901A827
:10E75000F5F7CEF801AA09212846F9F7FDF9814617
:10E76000B9F1010F01D07AE704E001A8F5F7F8F854
:10E7700000BF23E015492846F5F70CF81149284653
:10E78000F5F708F8002209212846F9F7E5F90746C8
:10E79000012F00D063E7324621462846E9F775F994
:10E7A0000746012F00D05AE700220A212846F9F730
:10E7B000D3F90746012F00D051E700BF00BF4EE755
:10E7C0009F3E0208194202086538010835420208D6
:10E7D0002DE9FF5F0E46174616B90FB9BDE8FF9F3A
:10E7E000009800F027FC0098FDF7DEFC40420FFA8D
:10E7F00080F808EB060004B200210098FEF772F9D9
:10E8000001281BD0002C00DD0024002C2EDA0098FB
:10E81000FDF7C6FB83460098FDF73AFC58440FFA13
:10E8200080FABAF1000F01DA4FF0000ACAF10000D5
:10E83000844202DACAF1000004B217E0002C00DAC8
:10E840000024002C12DD0098FDF7AAFB83460098F7
:10E85000FDF71EFC58440FFA80FABAF1000F01DAF6
:10E860004FF0000A544500DD544600BF0098FDF704
:10E87000A5FC40420FFA80F909EB070005B2002D14
:10E8800000DD0025002D16DA0098FDF783FC834695
:10E890000098FDF71BFB58440FFA80FABAF1000FFD
:10E8A00001DA4FF0000ACAF10000854202DACAF12B
:10E8B000000005B200BFA4EB080006B2A5EB0900FA
:10E8C00007B206B92FB13A463146039B0098FFF7CD
:10E8D000BDFE00BF82E72DE9F04106460F46144613
:10E8E0001D462A463946304600F024F82A4621467D
:10E8F000304600F03BF8BDE8F081F8B504460E461E
:10E90000204600F097FB0020009027463846FDF790
:10E91000C5FA05460BE033466A46394604F1140051
:10E9200005F0C6FA2F462846FDF7B8FA0546002D31
:10E93000F1D1F8BD2DE9F04106460C4615460A49CD
:10E940003046F4F727FF3046FDF72EFC07466042BD
:10E9500038440FFA80F82B46002241463046FFF734
:10E9600037FFBDE8F0810000194202082DE9F041AF
:10E9700006460C4615460A493046F4F70BFF30466A
:10E98000FDF71CFC0746604238440FFA80F82B461E
:10E99000424600213046FFF71BFFBDE8F081000032
:10E9A000354202081FB504466A4602A92046FDF713
:10E9B0000FFC02A8F5F7A4F820B96846F5F7A0F80F
:10E9C00000B91FBD02A8F5F79BF818B102A92046AF
:10E9D000FEF7F8FE6846F5F793F818B16946204649
:10E9E000FEF7F0FE00BFECE7F8B506460D4600BFA7
:10E9F00000BF00236A4604213046FDF727FA04468B
:10EA0000012C02D10098A84200D124B90022294645
:10EA1000304600F0B8F9F8BD2DE9FF4106460C4636
:10EA20001D4629463046F2F723FF07462146384661
:10EA3000029A01F0D5FA224629463046FFF75AFCE1
:10EA4000BDE8FF8170B505460E46144600BF00BF05
:10EA50003146284600F07FFA2146284600F093FA16
:10EA600070BD70B504460D4600BF00BF2046FCF7E0
:10EA700085F9A068007E00F00300A84200D170BDB7
:10EA8000A068007E65F30100A16808762046FEF7C5
:10EA90006FFE00BFF3E770B505460E46144600BF93
:10EAA00000BF3146284600F03EFA21462846FFF7CF
:10EAB0009BFF70BD2DE9F04F89B007468946388C21
:10EAC000484502D109B0BDE8F08F00BF00BF388CC7
:10EAD0000890A7F820904A4638460899E9F706F9C1
:10EAE0008246BAF1000F00D1ECE74FF42070FBF73B
:10EAF000A7FD05464FF420712846FCF70BF80024CB
:10EB0000002698E0F86800EBC6000790F96801EB72
:10EB1000C601496821F07F4000F051FA0690F9687B
:10EB200001EBC601496821F07F4000F044FA0590EE
:10EB3000069820EA090000B17CE007984068C0F31D
:10EB4000406000B176E0079904AA0868672100F0E8
:10EB5000ABFE012800D06DE0DDF810804FF0000B17
:10EB600060E00020039026E0039800EB800005EBB6
:10EB7000800040680290029800F021FA019002980B
:10EB800000F019FA0090D8F8000030F81B10039834
:10EB900000EB800005EB80000089814208D10599D7
:10EBA0000098884204D106990198884200DB05E06C
:10EBB0000398401C03900398A042D5D300BF03984C
:10EBC000A0422DD1B8F80C0004EB840125F82100F7
:10EBD000B8F8100004EB840105EB8101488004EBD8
:10EBE000840105EB8101D8F80800C860D8F800005E
:10EBF00030F81B0004EB840105EB8101088104EB74
:10EC0000840105EB8101D8F8040008610798406889
:10EC100020F07F4004EB840105EB81014860641C17
:10EC20000BF1010BD8F8000030F81B0008B1202CC4
:10EC300097D300BF761C788CC0F30510B04202D980
:10EC4000202CFFF45FAF002613E006EB860105EBF6
:10EC50008101486800F0AFF9804606EB860005EBBD
:10EC600080004B46009041463846089AE8F768FF16
:10EC7000761CA642E9D32846FBF75EFDBAF1010FE8
:10EC800003D13846FEF774FD13E0BAF1030F07D144
:10EC90004FF6FF724FF470213846FFF72BFB08E068
:10ECA000BAF1020F05D13846FEF762FD3846FFF78C
:10ECB000D9FA00BF06E7F8B506460C46154600949B
:10ECC0002B4666213046009AFFF7A6FEF8BD37B501
:10ECD00082B005461446BDF80C00ADF8040023468A
:10ECE00020212846019AFFF797FE05B030BDF8B500
:10ECF00006460C46154600942B4623213046009AC2
:10ED0000FFF78AFEF8BDF8B506460C461546009496
:10ED10002B4621213046009AFFF77EFEF8BD37B51D
:10ED200082B005461446BDF80C00ADF80400234639
:10ED300030212846019AFFF76FFE05B030BDF8B5C7
:10ED400006460C46154600942B4631213046009A63
:10ED5000FFF762FEF8BDF8B506460C46154600946E
:10ED60002B4633213046009AFFF756FEF8BDF8B522
:10ED700006460C46154600942B4632213046009A32
:10ED8000FFF74AFEF8BDF8B506460C461546009456
:10ED90002B4604213046009AFFF73EFEF8BDF8B539
:10EDA00006460C46154600942B4660213046009AD4
:10EDB000FFF732FEF8BDF8B506460C46154600943E
:10EDC0002B4611213046009AFFF726FEF8BDF8B514
:10EDD00006460C46154600942B4612213046009AF2
:10EDE000FFF71AFEF8BDF8B506460C461546009426
:10EDF0002B4613213046009AFFF70EFEF8BDF8B5FA
:10EE000006460C46154600942B4610213046009AC3
:10EE1000FFF702FEF8BDF8B506460C46154600940D
:10EE20002B460B213046009AFFF7F6FDF8BDF8B5EA
:10EE300006460C46154600942B4640213046009A63
:10EE4000FFF7EAFDF8BDF8B506460C4615460094F6
:10EE50002B465B213046009AFFF7DEFDF8BD37B543
:10EE600082B005461446BDF80C00ADF804002346F8
:10EE700055212846019AFFF7CFFD05B030BDF8B502
:10EE800006460C46154600942B4657213046009AFC
:10EE9000FFF7C2FDF8BDF8B506460C4615460094CE
:10EEA0002B4658213046009AFFF7B6FDF8BDF8B55D
:10EEB00006460C46154600942B4659213046009ACA
:10EEC000FFF7AAFDF8BDF8B506460C4615460094B6
:10EED0002B4656213046009AFFF79EFDF8BDF8B547
:10EEE00006460C46154600942B4601213046009AF2
:10EEF000FFF792FDF8BDF8B506460C46154600949E
:10EF00002B4607213046009AFFF786FDF8BDF8B57D
:10EF100006460C46154600942B4608213046009ABA
:10EF2000FFF77AFDF8BDF8B506460D4600BF00BFF5
:10EF300000236A4601213046FCF788FF0446012C75
:10EF400002D10098A84200D124B9002229463046B7
:10EF5000FFF7C5FFF8BDF8B506460D4600BF00BF78
:10EF600000236A4607213046FCF770FF0446012C57
:10EF700002D10098A84200D124B900222946304687
:10EF8000FFF7B9FFF8BDF8B506460D4600BF00BF54
:10EF900000236A4608213046FCF758FF0446012C3E
:10EFA00002D10098A84200D124B900222946304657
:10EFB000FFF7ADFFF8BD014601F47F007047014641
:10EFC00088B270472DE9F0470646884614461D462C
:10EFD0006EB33046E8F750FD8146B9F1020F01D11A
:10EFE000012000E00020074685B144B13046FCF71F
:10EFF00055FF82462B4622464146FFF7E3FFAFB15D
:10F000002A464146304608F0E7F80FE027B12A4685
:10F010004146304608F0E0F844B13046FCF73EFF88
:10F0200082462B4622464146FFF7CCFF00BFBDE893
:10F03000F087000070B505461148007810B100BF98
:10F0400000BF70BD01200E4908702846FCF72EFF56
:10F0500004460AE000BF00BF608C20F0040060841A
:10F060002046F3F7BFFF00BF00BF94F82200C0F3B3
:10F0700080000028EED10249087000BFE1E70000DF
:10F08000400200203EB505460C46132D08DB00BFAC
:10F0900000BFF4F7EDFE0290BDF8081008463EBD33
:10F0A0000CB1042C08DD00BF00BFF4F7E1FE0190B5
:10F0B000BDF804100846F2E7601EC4B2054800EB34
:10F0C000C50000EB440000880090BDF80010084621
:10F0D000E5E70000E8C502083EB505460C46132DDD
:10F0E00008DB00BF00BFF4F7C3FE0290BDF80810B4
:10F0F00008463EBD0CB1052C08DD00BF00BFF4F78B
:10F10000B7FE0190BDF804100846F2E7601EC4B2D5
:10F1100005EB8500054901EB400000EB4400008849
:10F120000090BDF800100846E3E700002AC5020879
:10F130001CB50446132C08DB00BF00BFF4F798FE93
:10F140000190BDF8041008461CBD044800EB4400C3
:10F1500000880090BDF800100846F5E704C50208D5
:10F160002DE9F04F87B004460E4617461D462EB9CE
:10F17000B7F5807F02D107B0BDE8F08F20882988DD
:10F18000401A00B2208060886988401A00B260800E
:10F1900086B92988B4F90000784301EB202000B239
:10F1A00020806988B4F90200784301EB202000B286
:10F1B0006080E0E74C480068B04254D0B046B8F5F3
:10F1C000616F01DDA8F56168B8F1000F01DA08F59B
:10F1D00061680A2098FBF0FB0BF1010006900BEB35
:10F1E0008B00A8EB400005900FFA8BF001F090FB2C
:10F1F0000490069800B201F08BFB03900BF15A00CB
:10F2000000B201F085FB029006985A3000B201F07E
:10F210007FFB01900598C0F10A02049842430599CA
:10F22000039800FB01200A2190FBF1F02F490860B0
:10F230000598C0F10A02029842430599019800FB23
:10F2400001200A2190FBF1F0294908602748006855
:10F25000401126490860264800684011244908608A
:10F260002148066000BFB4F90090B4F902A0B7F5D8
:10F27000807F1AD11E48006800FB09F01B4909680D
:10F2800001FB1A00298801EBA02000B2208017485A
:10F29000006800FB09F01649096801FB0A0069884B
:10F2A00001EBA02000B260801BE01148006800FB69
:10F2B00009F00E49096801FB1A007843298801EB1F
:10F2C000A04000B220800948006800FB09F008490E
:10F2D000096801FB0A007843698801EBA04000B28D
:10F2E000608000BF47E70000D0020020D402002069
:10F2F000D80200202DE9F0470246B2F90490B2F995
:10F3000000A0A9EB0A0000EBD0794FEA69090FFAD7
:10F3100089F31088184405B25088184406B208884A
:10F32000401B07B24888801B04B213FB03FC17FB89
:10F3300007F014FB0408E04502D80120BDE8F0877F
:10F340000020FBE710B5ECF7BFFC4FF496530A4AD8
:10F350000A490B48F5F7ABF90A48F5F7B9F9F02077
:10F36000084908804880084848610548C860084640
:10F37000F5F7ECF910BD0000103F002090190020B7
:10F380007419002090640020EDBB00082DE9FC47B3
:10F3900080460C460026002204F114014046E7F79F
:10F3A0009BFD10B90020BDE8FC8701212046FDF738
:10F3B000A0FF08B10020F6E72046E8F75DFB08B1A2
:10F3C0000020F0E700208DF80000CDF804806A46A8
:10F3D00012212046F8F7C0FB9DF80000022801D159
:10F3E0000020E0E72046FCF734FC07467D1E0BE0DA
:10F3F000A068006850F8259049464046FFF7C6FFD0
:10F40000064606B102E06D1E002DF1DA00BF1EB9FE
:10F410009DF8000000B926463046C4E72DE9FC41BE
:10F4200000255AE03148006800F59870405D00B151
:10F4300052E0002449E02D48006800F59870005D16
:10F4400008B9A54200D13FE0284A1268303202EBE9
:10F45000C401264A1268303202EBC500E7F79AFD74
:10F4600000B931E021480068303000EBC4021F4889
:10F470000068303000EBC5016846E7F7CCFE68460F
:10F48000F4F73EFB064619490968303101EBC50027
:10F49000F4F736FB074615490968303101EBC40023
:10F4A000F4F72EFB384486420DD2104909683031FA
:10F4B00001EBC5006946F4F7B7FA01210B48006873
:10F4C00000F59870015500BF641C08480068B0F84A
:10F4D0005001A042AFD800BF6D1C04480068B0F8CE
:10F4E0005001A8429ED8BDE8FC81000048020020DF
:10F4F00010B5F5F709FA0446F5F762FA10BD0000F9
:10F500002DE9F04FA3B005460E4617469846DDF8A4
:10F51000B0902846FCF726FC0446FFF7E9FF824638
:10F52000AA4502D0A069A84202D123B0BDE8F08F5D
:10F53000A069D0B10021A069F4F72CF9002211468E
:10F54000A069FFF77FFA00226021A069FEF77AFF29
:10F5500094F82800C0F3400010B15046FBF712FFAA
:10F56000D4F818A0A06904F06DFCA561606948B1E9
:10F5700094F82800C0F3400020B16069FBF702FF57
:10F58000002060613046F3F74DFA14F8281F60F34D
:10F5900000012170207869F3410004F82809002156
:10F5A0002846F4F7F7F8FFF7A3FF83460021F4F7A6
:10F5B000F1F8002211462846FFF744FAFFF798FFBA
:10F5C000834600221146FFF73DFA002260212846BB
:10F5D000FEF738FFFFF78CFF834600226021FEF71D
:10F5E00031FF67B9B8F1000F09D1284604F02AFCB1
:10F5F000B9F1000F02D05046FBF7C4FE95E712A800
:10F60000F4F714F9294612A8F4F793F99C481490DA
:10F6100000BF9C48159000BF394612A8F4F771F955
:10F62000414612A8F4F756F901A8F4F7FFF801A82B
:10F630002169F4F77EF9394601A8F4F762F94146E9
:10F6400001A8F4F747F90F2E12D2DFE806F00812EE
:10F65000202F3D4C6884A0BCC6D0DFEDFD008A4958
:10F6600012A8F4F73DF90022114612A8F4F751F957
:10F67000F8E0854912A8F4F733F92046F5F75CF96C
:10F6800083460022594612A8F4F743F9EAE07E497E
:10F6900012A8F4F725F92046F5F74EF9C0F1000B52
:10F6A0000022594612A8F4F734F9DBE0774912A892
:10F6B000F4F716F92046F5F7A5F9834600225946D6
:10F6C00012A8F4F726F9CDE0704912A8F4F708F96A
:10F6D0002046F5F797F9C0F1000B0022594612A811
:10F6E000F4F717F9BEE0684912A8F4F7F9F82046D4
:10F6F000F5F722F983460022594612A8F4F709F9D2
:10F70000614901A8F4F7ECF82046F5F715F9C0F1C6
:10F71000000B5A46002101A8F4F7FBF8A2E05A4971
:10F7200012A8F4F7DDF82046F5F706F9C0F1000B52
:10F730000022594612A8F4F7ECF8534901A8F4F74F
:10F74000CFF82046F5F7F8F883465A46002101A87D
:10F75000F4F7DFF886E04D4912A8F4F7C1F8204627
:10F76000F5F750F983460022594612A8F4F7D1F86C
:10F77000464901A8F4F7B4F82046F5F743F9C0F17B
:10F78000000B5A46002101A8F4F7C3F86AE03F498C
:10F7900012A8F4F7A5F82046F5F734F9C0F1000BEC
:10F7A0000022594612A8F4F7B4F8384901A8F4F732
:10F7B00097F82046F5F726F983465A46002101A816
:10F7C000F4F7A7F84EE0324912A8F4F789F8FF22BF
:10F7D000002112A8F4F79DF844E02D4901A8F4F7A0
:10F7E0007FF80022FF2101A8F4F793F83AE02649B8
:10F7F00001A8F4F775F82046F5F79EF8C0F1000B64
:10F800005A46002101A8F4F784F82BE01E4901A80C
:10F81000F4F766F82046F5F78FF883465A4600213C
:10F8200001A8F4F776F81DE0184901A8F4F758F894
:10F830002046F5F7E7F8C0F1000B5A46002101A871
:10F84000F4F767F80EE0FFE7104901A8F4F748F86D
:10F850002046F5F7D7F883465A46002101A8F4F769
:10F8600058F800BF00BF002225215046F8F774F970
:10F8700012A8F4F775F801A8F4F772F800BF54E67F
:10F88000233E0208C93D020859440208694402089F
:10F89000852A020870B504460D46164632462946AA
:10F8A000204600F07EF870BD2DE9F04704460F4673
:10F8B0001546A0884FF6FF71884225D14FF0000809
:10F8C0001DE0206800EBC806308820F44049B945A7
:10F8D00013D1308800F4004010B10220BDE8F08759
:10F8E000308800F4804020B1484600F0E7F82860F6
:10F8F00001E0706828600120F0E708F10108E07974
:10F900004045DED80020E9E7E07908B90020E5E7C6
:10F91000E079012829DDE079216801EB800AD046F1
:10F9200000261EE038F8160020F44049B94517D1EA
:10F9300038F8160000F4004008B10220CEE738F88D
:10F94000160000F4804020B1484600F0B7F8286067
:10F9500004E0206850F82610296000BF0120BDE7B0
:10F96000761CE079B042DDD819E0A08820F4404050
:10F97000B84214D1A08800F4004008B10220ADE7DD
:10F98000A08800F4804030B1A18821F4404000F00C
:10F9900095F8286001E02068286001209EE700209B
:10F9A0009CE72DE9F04704460F461546A0884FF620
:10F9B000FF71884225D14FF000081DE0206800EB60
:10F9C000C806308820F44049B94513D1308800F486
:10F9D000004010B10220BDE8F087308800F480407C
:10F9E00020B1484600F06AF8286001E0706828609D
:10F9F0000120F0E708F10108E0794045DED8002059
:10FA0000E9E7E07908B90020E5E7E079012829DD98
:10FA1000E079216801EB800AD04600261EE038F824
:10FA2000160020F44049B94517D138F8160000F403
:10FA3000004008B10220CEE738F8160000F48040FC
:10FA400020B1484600F03AF8286004E0206850F8F9
:10FA50002610296000BF0120BDE7761CE079B04286
:10FA6000DDD819E0A08820F44040B84214D1A08825
:10FA700000F4004008B10220ADE7A08800F4804007
:10FA800030B1A18821F4404000F018F8286001E06E
:10FA90002068286001209EE700209CE710B50446FE
:10FAA00008212046FBF736F810BD014600BF00BF15
:10FAB000C87908B9012070470020FCE73EB504462C
:10FAC000452C6FD01EDC302C4FD00EDC222C4BD0BE
:10FAD00006DC032C77D0062C76D0202C78D133E0AE
:10FAE000252C64D0292C73D15AE0362C3FD004DC6D
:10FAF000312C52D0332C6BD15CE0372C51D0442CBC
:10FB000066D133E0552C35D00EDC4E2C4BD006DCC4
:10FB1000462C44D0472C2ED04D2C59D129E0522CC4
:10FB200026D0532C54D13FE0602C34D004DC562C2A
:10FB300034D0572C4CD143E0612C2DD06D2C47D1C3
:10FB40004FF48070029047E000BFFF22114610463C
:10FB5000F4F7F2FA0090BDF8001008460190BDF8E5
:10FB60000400ADF8080037E000BF00BF00BF00BFD1
:10FB700000BF00BF00BF00BF002211461046F4F7CF
:10FB8000DBFA0090BDF8001008460190BDF80400B3
:10FB9000ADF8080020E000BF00BF00BF00BF00BFFD
:10FBA00000BF00BF00BF00BFFF20029014E0FF2095
:10FBB000029011E00F2002900EE004E004E007E064
:10FBC0000748029008E000BF41F6FF70029003E092
:10FBD00000200290029000BF00BF02983EBD0000CE
:10FBE000E8C4020870B505460C462846E8F7ECF96B
:10FBF000204008B1012070BD0020FCE72DE9F04154
:10FC000006462748006828B9002026490860702069
:10FC10002549088024480088401C00F4404020B159
:10FC200000BF00BF0020BDE8F0811F480088A0F1A0
:10FC30006F041C480068A0421BD204F11F0020F092
:10FC40001F0400BF1CB900BF00BF00BFFEE700BF1C
:10FC50001348076821463846FAF7B8FD05461DB92E
:10FC600000BF00BF0020DEE70D4805600D480460BE
:10FC700000BF0D480088401C0B49088000BF0848A1
:10FC8000006818B900BF00BF00BFFEE700BF06480C
:10FC900000887138024909680E5403480088C2E799
:10FCA000F002002004030020080300202DE9FE4F8D
:10FCB0000446884600BF00BFA0884FF6FF71884207
:10FCC00004D100BF00BF0020BDE8FE8FE07908B975
:10FCD0000020F9E7E07901280BD1A08820F440400A
:10FCE000404504D10020A080E0710120ECE7002015
:10FCF000EAE7E079216801EB80060296029E002582
:10FD000052E036F8150020F4404040454BD1D4F87D
:10FD10000090E07902280FD10120E0710DB97088C0
:10FD200000E03088A0801DB9D9F80400206035E0DB
:10FD3000D9F80000206031E0E079401E00EB40007F
:10FD4000400001900198FAF731FC8246BAF1000FA9
:10FD500001D10020B8E7C4F800A0E079401EE071AE
:10FD6000E0790AEB8000029002980090D3460027C9
:10FD70003D460FE036F8170040450AD059F82710E5
:10FD80004BF8251036F8172028466D1C009921F8ED
:10FD900010207F1CE079B842ECD200BF4846FAF749
:10FDA000E3FC012090E76D1CE079A842A9D800206F
:10FDB0008AE710B5044600BF00BFA0884FF6FF7168
:10FDC000884202D100BF00BF10BDE079012802DDEA
:10FDD0002068FAF7C9FC08212046FAF79BFE00BF0D
:10FDE000F2E738B505460C46009465212846009A8E
:10FDF00000F0F6F838BD13B582B00446BDF80C002B
:10FE0000ADF8040020212046019A00F0E9F81FBD5A
:10FE100013B582B00446BDF80C00ADF804002221F1
:10FE20002046019A00F0DCF81FBD38B505460C46A7
:10FE3000009421212846009A00F0D2F838BD13B56D
:10FE400082B00446BDF80C00ADF804003021204615
:10FE5000019A00F0C5F81FBD38B505460C46009460
:10FE600034212846009A00F0BBF838BD38B5054665
:10FE70000C46009432212846009A00F0B1F838BDB3
:10FE800038B505460C46009417212846009A00F024
:10FE9000A7F838BD38B505460C46009462212846BF
:10FEA000009A00F09DF838BD38B505460C46009420
:10FEB00063212846009A00F093F838BD13B582B04C
:10FEC0000446BDF80C00ADF804004D212046019A0F
:10FED00000F086F81FBD38B505460C460094492150
:10FEE0002846009A00F07CF838BD13B582B004466D
:10FEF000BDF80C00ADF8040036212046019A00F050
:10FF00006FF81FBD38B505460C46009437212846CA
:10FF1000009A00F065F838BD38B505460C460094E7
:10FF200038212846009A00F05BF838BD38B5054600
:10FF30000C46009435212846009A00F051F838BD4F
:10FF400070B504460D462946204600F021F82946A2
:10FF5000204600F027F82946204600F037F82946C9
:10FF6000204600F001F870BD38B505460C460094F7
:10FF700011212846009A00F033F838BD38B50546FF
:10FF80000C46009415212846009A00F029F838BD47
:10FF900038B505460C46009412212846009A00F018
:10FFA0001FF838BD38B505460C4600941321284685
:10FFB000009A00F015F838BD38B505460C46009497
:10FFC00014212846009A00F00BF838BD38B50546D4
:10FFD0000C46009410212846009A00F001F838BD24
:10FFE00037B504460D46034B29462046029A00F0D9
:10FFF00008F83EBDF9FF01080FB51080019919609E
:020000040802F0
:100000000FBD2DE9FF4F83B004461F4600BF00BF60
:10001000A0884FF6FF71884204D100BF00BF07B02F
:10002000BDE8F08F049820F44049E07901284CDDC8
:10003000E079216801EB800AD046E079451E11E0A5
:1000400038F8150020F4404048450AD12068009057
:10005000009800EB850308EB4502DDE90401B84791
:10006000DDE76D1E002DEBDAE079401C00EB40006F
:100070004000019020680199FAF7A8FB064606B9EE
:10008000CDE72660E07906EB800AD046E079451E90
:1000900005E038F81510A81C28F810106D1E002D6A
:1000A000F7DAE079401CE071E07906EB800AD0468F
:1000B000B346E079401E0BEB8003E079401E08EB6D
:1000C0004002DDE90401B84739E0E07901282FD189
:1000D000A08820F44040484505D12346221DDDE993
:1000E0000401B8479BE7E079401C00EB40004FEA71
:1000F000400B5846FAF75AFA054605B98FE72068CB
:1001000001902560E079401CE071E07905EB800802
:10011000C2462E46A088D046AAF80000354601986F
:100120003060331D0AF10202DDE90401B84706E040
:100130000120E0712346221DDDE90401B84748464D
:10014000E7F739FF0290A17901220298824011431A
:10015000A17100BF63E738B505460C4600940B213A
:100160002846009AFFF73CFF38BD13B582B004461D
:10017000BDF80C00ADF8040044212046019AFFF7B9
:100180002FFF1FBD38B505460C4600944221284676
:10019000009AFFF725FF38BD38B505460C46009498
:1001A00045212846009AFFF71BFF38BD38B50546A4
:1001B0000C46009443212846009AFFF711FF38BDF2
:1001C00038B505460C46009440212846009AFFF7B2
:1001D00007FF38BD38B505460C4600945B2128461C
:1001E000009AFFF7FDFE38BD13B582B00446BDF896
:1001F0000C00ADF8040055212046019AFFF7F0FEEF
:100200001FBD38B505460C46009459212846009A72
:10021000FFF7E6FE38BD38B505460C4600946A2166
:100220002846009AFFF7DCFE38BD38B505460C4677
:10023000009469212846009AFFF7D2FE38BD38B5F0
:1002400005460C46009467212846009AFFF7C8FE31
:1002500038BD38B505460C46009401212846009A61
:10026000FFF7BEFE38BD00002DE9F04704460D46FD
:1002700016461F46DDE9088914212046FAF74AFC94
:1002800025600EB9054800E03046A060E760C4F87C
:100290001080C4F80490BDE8F0870000A938010878
:1002A00010B500F047F910BD70B50446204600F0C7
:1002B00099F8054605B970BD00BF064A00212046E1
:1002C000FEF7FAF800BF21462846E9F731F800BFEB
:1002D000F1E70000FFFF0F0000B500F067F808B974
:1002E000002000BD0048FCE7E06500202DE9FF414B
:1002F00004461E460A9D00F059F860B900202549C1
:1003000008704FF48470FAF751F9234908600846E1
:10031000006822490860F4F7F7FA0746F4F70CFB87
:10032000B0F5A07F03DC03201D4908700EE0F4F750
:10033000EBFA0746F4F700FBB0F5347F03DA02204E
:100340001749087002E00120154908701548C4607B
:10035000BDF804100182BDF8081041824561856135
:10036000C56111480F4908600846066205F0F2FBB6
:100370002CB12046F4F73EFB0A49884202D1002006
:10038000FEF742F9012003490870064804B0BDE8B1
:10039000F081000092020020E4020020840200208C
:1003A00088020020E0650020256A020803480068F2
:1003B00008B1012070470020FCE70000E4020020A3
:1003C00038B50546284600F00DF8044614B1208AD9
:1003D000009003E01120FEF7ABFE0090BDF8001086
:1003E000084638BD70B504461CB12046FBF7BAFC80
:1003F00001E0F4F789FA05462846F4F7FBFA70BDE8
:1004000010B5034600F00AF804469C4201D3E31AF3
:1004100001E05B422344184610BD000000BF0121EB
:10042000044A117004490868114609780029F6D079
:1004300070470000C0020020BC0200200021044AD6
:100440001170044909680144024A116070470000B4
:10045000C0020020BC0200202DE9F04105460E46F6
:10046000174600240F48E7F71DFA044600BF1CB9E1
:1004700000BF00BF00BFFEE700BF14B90020BDE809
:10048000F0812660A5604FF0FF30206100206061A0
:10049000FFF7C4FF6060E760012003490870204651
:1004A000EDE700002C6600200F03002010B5044685
:1004B00021460548E7F77CFA0120044908702046E8
:1004C000FAF752F910BD00002C6600200E03002040
:1004D00001490870704700000C03002070B5044605
:1004E000207D00F0010008B1002070BD00252046ED
:1004F00000F0D9F888B926692069002802DD206952
:10050000401E2061FFF78AFF6060A06818B116B135
:100510002046A1688847012500BF0548007820B91A
:10052000206910B92046FFF7C1FF2846DDE700002B
:100530000E0300202DE9F0414948007810B1012058
:10054000BDE8F0810120464908704648007818B996
:10055000002008700120F3E7FFF760FF074667B946
:1005600041480068401C404908600846006864280B
:1005700003D90020086000BF00BF00BF00203B4936
:1005800008703B4908703B48E7F76BF93A49086047
:1005900013E0394801683748E7F769F904463648F7
:1005A0000068FFF79BFF30B13148007810B92F4841
:1005B000007800B105E0304804602F48006800284A
:1005C000E7D100BF2C4800680028D7D1461E294833
:1005D000E7F747F9044610E0207D00F0010038B944
:1005E000204600F060F88046B04500D2464600BF85
:1005F00021462048E7F73BF90446002CECD1384669
:10060000FFF7FEFE1D49096808441C4908601C48A4
:100610000068FFF7F5FE0546B5F5FA7F1AD31748CF
:10062000006864214843B0FBF5F01649087008469D
:100630000078642801DD002003E012480078C0F152
:1006400064001049087000200C490860FFF7E6FEBE
:100650000B490860002002490870304670E700002E
:10066000100300200C0300201C0300200E030020B8
:100670000F0300202C660020E00200201803002059
:10068000140300200D03002001214161704710B5C3
:100690000446FFF7C3FE2168401A401E606010BD8B
:1006A00000214161704770B504466068FFF7A8FEFD
:1006B00005462068A84201D8002070BD2068401B74
:1006C000FBE72DE9F04707460C46164600F0AAF86E
:1006D0008046A6EB08000421E8F762FC0546E11716
:1006E00004EB91718910A4EB810121B100BF00BF1F
:1006F0000020BDE8F0870C2D02D3B5F5803F03D96B
:1007000000BF00BF0020F4E76FF00301204602F0B5
:10071000B6F9814629464846E9F709FB4846E9F714
:10072000F7FA4846E9F7FEFA49463846E9F7D5F9B7
:100730004846E9F7F8F9824600215046E9F7F7FA0A
:100740005046E9F7FAFA5046E9F7E7FA2046D0E7CB
:1007500010B50446E11704EB91718910A4EB8101F7
:1007600019B100BF00BF002010BD2046EAF79FFD71
:100770002046F9E72DE9F04104460D462046FFF7F3
:10078000E7FF064600F0C0F82F1A00F0BDF800EBB6
:1007900004083A4641463046FFF793FF3046BDE82D
:1007A000F0812DE9F04106460C4600270CB3B04617
:1007B0002046E9F78EF9054600BF2846E9F79FF97C
:1007C00018B100BF00BF00BFFEE700BF6F6828463A
:1007D000E9F7DCF929464046E9F719FA05462946C2
:1007E0004046E9F7EDF9054629464046E9F775F92F
:1007F00000BF3846BDE8F0812DE9F04104460D46C2
:10080000264604212846E8F7B3FB0746394630461A
:10081000E9F792F980463A4641463046E9F73BFA15
:10082000BDE8F081082070472DE9FE4F80460D4657
:100830001446C2464FF000092DB124B9294640465E
:10084000FFF7AFFF5EE02DB921464046FFF7D4FF2A
:10085000814657E02846E9F73CF902900298E9F70B
:10086000FEF901900298E9F76DFA06460198E9F75A
:1008700069FA3044001D009004212046E8F778FB17
:100880000746B44203D917B90020BDE8FE8F00BF68
:100890000298E9F734F918B100BF00BF00BFFEE7C6
:1008A00000BFB7421ED90198E9F729F910B10098A5
:1008B000874217D921464046FFF79EFF8146B9F18E
:1008C000000F1ED0A64201D2304600E020468346EB
:1008D0005A4629464846F9F79BFF29464046FFF706
:1008E00060FF0EE0B74206D950460299E9F768F971
:1008F0000298E9F758F93A4650460299E9F79BFA07
:10090000A94600BF4846C0E740F23C50704700008F
:10091000014600204FF4B47291FBF2F302FB131175
:10092000002902DA01F5B47211B25A2903DA134A26
:1009300032F9110020E05A2908DBB42906DAC1F1A6
:10094000B40211B20D4A32F9110015E0B4290BDBE3
:10095000B1F5877F08DAA1F1B40211B2074A32F883
:100960001120524210B207E0C1F5B47211B2034A2D
:1009700032F81120524210B27047000080C60208BF
:100980002DE9FF4F85B08346139CBBF1000F02D0C9
:100990009BF8000018B9002009B0BDE8F08F069858
:1009A00008B90020F8E7129800F0020010B141F6F3
:1009B000FF7008904FF0000800200490039000257D
:1009C000814600268246471E019004A95846444AA3
:1009D0001268904705460498039065E003A95846BD
:1009E0003F4A1268904781460AF1010A129800F0C6
:1009F000010050B129461498E7F7CAFB28B1DDF889
:100A00001080039804904D464EE04A4629460698C9
:100A1000F7F726FA00B202900298304406B2029824
:100A2000002802DD0798304406B2781C40B90798C8
:100A3000311A0898814203DD4746AAF1010001906E
:100A40000A2D1DD00D2D1BD028460022B0F59C4F3D
:100A500005D349F6A573984201D801230FE0002180
:100A600007E020A35B5C834201D1012205E04B1C1F
:100A7000D9B21CA35B5C002BF3D100BF13464BB172
:100A8000B8F1000F03D1781C08B904B12660AAF1AF
:100A9000010A0DE014B1781C00B92660DDF8108061
:100AA000039804904D4600BF1BF80800002895D11C
:100AB00000BF781C58B9BAF1000F04D00D2D04D135
:100AC000B9F10A0F01D1DDF81080404664E71598AE
:100AD00008B1384660E70CB10020206000205BE7D9
:100AE0002C030020202C2E3B3A2D5F002DE9FF4FD8
:100AF00083B004460E469046DDF848B0DDF84090DD
:100B000000202080608016B907B0BDE8F08FB8F1F2
:100B1000000F00D1F8E70BF0020010B141F6FF70B2
:100B200011900025AA4600BFB8F8080087B231E04E
:100B30000020CDE9000B70194146119B069AE7F79A
:100B400091FA8244B4F9020038444844B0F5004FA9
:100B500002D300BF00BFD7E76088384400B260808E
:100B60006088484400B26080AAEB05017019CDF896
:100B700000B04246069B00F02BF80290B4F900103A
:100B80000298814201DA029801E0B4F90000208065
:100B9000554600BF705D0028CAD16DB1681E305C3B
:100BA0000A2803D0681E305C0D2805D1608807EB49
:100BB0000901084400B26080608810B938B26080D2
:100BC00004E06088A0EB090000B2608000BF9BE7F2
:100BD0002DE9FF4705460E4617469846DDF830A03A
:100BE0001DB9002004B0BDE8F0870FB90020F9E777
:100BF000287808B90020F5E700200390002402902F
:100C000046B31FE003AB6A4601A92846E7F70EFA90
:100C10000AF0010028B102A80199E7F7B9FA00B17A
:100C200010E03846DDE90021F7F71AF90FFA80F9EC
:100C3000B9F1000F05DD04EB090004B204EB080074
:100C400004B200BF0398B042DCD3002C02DDA4EB59
:100C5000080004B22046C5E708B50146802901D244
:100C6000084608BDB1F5006F11D2C1F3841040F001
:100C7000C0008DF8000001F03F0040F080008DF8CA
:100C8000010000208DF802008DF8030036E0B1F578
:100C9000803F15D2C1F3033040F0E0008DF8000032
:100CA000C1F3851040F080008DF8010001F03F0095
:100CB00040F080008DF8020000208DF803001DE058
:100CC000B1F5881F18D2C1F3824040F0F0008DF8D2
:100CD0000000C1F3053040F080008DF80100C1F341
:100CE000851040F080008DF8020001F03F0040F0D8
:100CF00080008DF8030001E00020B2E76A4610682A
:100D0000AFE731B582B0029800F08000E8B104226C
:100D100002A901A8F9F7B8FE9DF8040000069DF8A5
:100D2000051000EB01409DF8061000EB01209DF836
:100D300007104418002504E0E0B200B9240A681C3A
:100D4000C5B2042DF8DB029400BF02983EBD00003E
:100D50002DE9F04105460E46002400270CE0281935
:100D60000949096888478046B8F1000F01D040461C
:100D700000E0012004447F1CB74202D2285D002815
:100D8000EDD12046BDE8F08120030020F8B50646ED
:100D90000C4600200090002505E069463046044AD4
:100DA000126890476D1C0098A042F6D32846F8BD03
:100DB0002C03002038B5044600250020009005E0F3
:100DC00069462046044A126890476D1C0098205CD2
:100DD0000028F5D1284638BD2C03002008B502466E
:100DE00000230020009001B969460868105C00F0FB
:100DF000800028B90868135C0868401C08608FE010
:100E00000868105C00F0E000C02817D10868105C8A
:100E1000C006430D0868401C08600868105C00F0BC
:100E2000C000802801D0002008BD0868105C00F0D8
:100E30003F0003440868401C086071E00868105CCB
:100E400000F0F000E02828D10868105C0007030CCF
:100E50000868401C08600868105C00F0C00080282A
:100E600001D00020E0E70868105C00F03F0003EBD1
:100E700080130868401C08600868105C00F0C0001F
:100E8000802801D00020CFE70868105C00F03F0008
:100E900003440868401C086042E00868105C00F0E9
:100EA000F800F02839D10868105C4007C30A0868C8
:100EB000401C08600868105C00F0C000802801D069
:100EC0000020B1E70868105C00F03F0003EB00333E
:100ED0000868401C08600868105C00F0C0008028AA
:100EE00001D00020A0E70868105C00F03F0003EB91
:100EF00080130868401C08600868105C00F0C0009F
:100F0000802801D000208FE70868105C00F03F00C7
:100F100003440868401C086002E00868401C086040
:100F2000184681E72DE9F84306460C46002720685D
:100F3000401E206000BF042F02DB0020BDE8F883C4
:100F4000216888190D490968884705463DB9206818
:100F500018B12068401E206001E00020EEE7781CF8
:100F6000C7B2002DE7D02068009069463046044A99
:100F70001268904780464046E0E7000020030020CA
:100F80002C0300200146087800F0800008B90120F9
:100F90007047087800F0E000C02801D10220F7E790
:100FA000087800F0F000E02801D10320F0E708788D
:100FB00000F0F800F02801D10420E9E70020E7E77D
:100FC000FEB50C4804880A2C00DC00244FF47A702B
:100FD00094FBF0F100FB114594FBF0F62B463246F2
:100FE00005A16846E5F792FA0649C8686946F9F727
:100FF000B3F8FEBD9C000020253032642E2530332E
:101000006441000060030020FEB50B4804884FF4E3
:101010007A7094FBF0F100FB114594FBF0F62B463F
:10102000324606A16846E5F771FA0749C86869467D
:10103000F9F792F8FEBD0000D80000202530326498
:101040002E253033644100006003002008B51E4A9D
:101050001278012A00D100E0002211461B4A906854
:101060000022FDF784FE184A1278022A01D10122DB
:1010700000E000221146154AD0680022FDF777FEF5
:10108000114A1278032A01D1012200E00022114600
:101090000E4A10690022FDF76AFE0B48007804280A
:1010A00005D14FF47000F2F772FF009004E06FF08A
:1010B0007F40F2F76CFF0090044900228869009994
:1010C000FDF72DFE08BD0000D500002060030020C4
:1010D00010B500F013FB0448007818B1FFF770FF5B
:1010E00000F004F810BD0000D4000020FEB50F4849
:1010F00004680F4800880A2800DC00244FF47A7046
:10110000B4FBF0F5B4FBF0F100FB11400A21B0FB99
:10111000F1F633462A4607A16846E5F7F7F908498C
:1011200008696946F9F718F8FEBD0000B000002014
:101130009C000020253033642E2530326457000097
:101140006003002008B50748F2F721FF0649009028
:10115000886A0099F9F7FAF90349486A03A1F8F790
:10116000FBFF08BD36E219006003002053544F50C6
:101170000000000008B50748F2F709FF0649009093
:10118000886A0099F9F7E2F90349486A03A1F8F778
:10119000E3FF08BD0050DA006003002052554E0006
:1011A000FEB50E4800884FF47A7100FB01F4084642
:1011B000B4FBF0F5B4FBF0F100FB11400A21B0FBE9
:1011C000F1F633462A4606A16846E5F79FF9074936
:1011D00008696946F8F7C0FFFEBD0000DA0000208C
:1011E000253033642E253032645700006003002020
:1011F00010B5FFF7A7FF00F0A3FAFFF751F8FFF7CC
:1012000003FFFFF74DF8FFF7CBFFFFF749F8114950
:10121000486B11A1F8F7A0FF1048007828B10D49DC
:1012200088690FA1F8F798FF04E00A4988690DA1C1
:10123000F8F792FFFFF70AFFFFF732F80549886BCE
:101240000121F9F7D7FC03490022C8691421FDF7F1
:1012500032FD10BD60030020303025000400002066
:101260004F4300004343000010B500204749087079
:101270004748007848B10846E4F72DF8C0F1FF046C
:10128000224644A14148E4F73BF84948007848B178
:101290003E48E4F720F8C0F1FF04224645A13B4850
:1012A000E4F72EF84A48007848B13848E4F713F8D4
:1012B000C0F1FF04224647A13448E4F721F84C4826
:1012C000007848B13148E4F706F8C0F1FF0422463F
:1012D00048A12E48E4F714F84D48007848B12B484F
:1012E000E3F7F9FFC0F1FF0422464AA12748E4F7DB
:1012F00007F85048007848B12448E3F7ECFFC0F104
:10130000FF0422464CA12148E3F7FAFF5148007838
:1013100048B11E48E3F7DFFFC0F1FF0422464EA1AB
:101320001A48E3F7EDFF5348007848B11748E3F750
:10133000D2FFC0F1FF0422464FA11448E3F7E0FFBB
:101340005348007848B11148E3F7C5FFC0F1FF04E6
:10135000224650A10D48E3F7D3FF0C48E3F7BBFF4B
:1013600070B10A48E3F7B7FFC0F1FF0422464FA16E
:101370000648E3F7C5FF5349886B0449F8F7ECFECC
:101380005049886B0121F9F72AFF10BD741800201D
:1013900006000020556E64657220766F6C7461677C
:1013A000652070726F74656374696F6E2120200010
:1013B000070000204F76657220766F6C7461676558
:1013C0002070726F74656374696F6E212020000055
:1013D0000A0000204F7665722063757272656E7424
:1013E0002070726F74656374696F6E212020000035
:1013F0000B00002053686F72742063697263756913
:10140000742070726F74656374696F6E21202000A0
:101410000C0000204F7665722074656D70657261F6
:10142000747572652070726F74656374696F6E2174
:10143000202000000D0000204F76657220706F772D
:1014400065722070726F74656374696F6E212020FD
:101450000000000008000020556E64657220566F81
:1014600075742070726F74656374696F6E212020CB
:10147000000000000E0000204343204552524F520E
:101480002070726F74656374696F6E212020000094
:10149000090000204F76657220566F7574207072B7
:1014A0006F74656374696F6E2120200070726573BC
:1014B0007320627574746F6E20746F206578697420
:1014C0002E0000006003002010B50349886B012145
:1014D000F9F790FB10BD0000600300207FB5624863
:1014E00004884FF47A7094FBF0F100FB11400A215C
:1014F00090FBF1F54FF47A7094FBF0F62B463246F0
:101500005AA16846E5F702F85B49086B6946F8F7A7
:1015100023FE5A480488224659A16846E4F7F6FF9C
:10152000554948696946F8F717FE57480078012879
:1015300015D1564890ED000ADFED550A20EE200A3D
:10154000BDEEC00A10EE100A84B2224651A16846D0
:10155000E4F7DCFF4849486B6946F8F7FDFD4A4867
:101560000078D0B34D4800684D490968401A00EE34
:10157000100AF8EE400A4B4890ED000AB8EE400A17
:1015800060EE800A9FED481A80EE810A4748D0ED50
:10159000000A30EE200A80ED000A40480068404909
:1015A0000968401A00EE100AF8EE400A4048008828
:1015B00000EE100AB8EE400A20EE800A9FED3A1ABB
:1015C000C0EE010A3B4890ED000A30EE800A80ED43
:1015D000000A3248006832490860364890ED000A37
:1015E000BDEEC00A10EE103A304890ED000ABDEE94
:1015F000C00A10EE102A30A16846E4F787FF1E49A2
:10160000C8696946F8F7A8FD3048007818BB234838
:1016100000684EF66021B0FBF1F03C21B0FBF1F226
:1016200001FB12051D4800682949B0FBF1F01821A3
:10163000B0FBF1F201FB12062B46324625A16846AB
:10164000E4F764FF0C49086A6946F8F785FD012054
:101650001E49087007E00849086A21A1F8F77CFDD7
:1016600000201A4908707FBD9A000020253032649E
:101670002E2530326456000060030020A6000020B2
:101680002530326427430000D4000020B800002039
:101690000000C842253032642525000010010020DA
:1016A000C4000020B000002000BA5B4ABC0000204B
:1016B0009C000020C0000020253035646D57682054
:1016C00020253035646D4168000000000C020020C8
:1016D00080EE3600253032643A2530326400000056
:1016E000563A322E3400000010B500F029F8FFF70A
:1016F0008BFCFFF755FDFFF7A9FC10BDFEB50B48AD
:1017000004884FF47A7094FBF0F100FB114594FBD0
:10171000F0F62B46324606A16846E4F7F7FE074985
:1017200088686946F8F718FDFEBD000096000020A5
:10173000253032642E2530336456000060030020CB
:10174000FEB50B4804884FF47A7094FBF0F100FB6F
:10175000114594FBF0F62B46324606A16846E4F7A5
:10176000D5FE074988686946F8F7F6FCFEBD00001B
:10177000D6000020253032642E2530336456000018
:10178000600300202DED028BAEB04FF4A0414FF06E
:10179000006001F0BDF806F0EBFF06F049FF4FF4E2
:1017A0007A7006F00DFC06F003FC06F0C3FE07F0AD
:1017B00021F806F0EBFD06F05BFC0723FD4AFE492D
:1017C000FE4806F035FD0121FC48EAF781FA07F0F2
:1017D0002FF906F0B5FC4FF48073F94AF949F74840
:1017E000503006F025FD0121F4485030EAF770FA38
:1017F00007F072F906F06CFF06F054FE06F02AFBC3
:1018000006F01AFD07F078F807F0E6F807F014F88C
:1018100006F00EFB07F0A8F906F058FCEA48EB4981
:10182000086001F087FA0121E448EAF751FAE84834
:101830000288E849E848EFF799F8E5480188E54863
:10184000EEF7E6F8E348EEF705F9E4F7D1FB64209C
:1018500006F0B6FB47F230520421080705F0AFF955
:1018600001220421080705F063F942F210720421F5
:10187000080705F0A4F90421080705F089F9E7F73E
:10188000ADFF01F0A3FAF7F709FE0A2006F098FB76
:10189000FDF758FD0A2006F093FBD04803F0CEFE7A
:1018A0000A2006F08DFBFFF7A3FC05F00BF9E7F724
:1018B0005BFF01F03DF9A1E305F004F9C8490860B8
:1018C00008460068C7490968401A7CD0C4490968BD
:1018D000C44A1268881AFEF7B1FDEDF7DFFFC2486F
:1018E0000078002829D00020BF490870E7F73CFFA6
:1018F000BE48007850B9BE48007820B1BD480068A5
:1019000002F086F919E002F0A9F916E00020B749C3
:101910000870B9490870B9490870B9490870B949DF
:101920000870B9490870B9490870B9490870B949CF
:101930000870B9490870FFF7C7FDB848007898B13A
:101940000020B6490870B6480078401CB4490870B9
:1019500008460078042801DD012001E0B048007845
:10196000AF490870FFF772FBAE480078012812D02B
:10197000AD4800689A490968081AB0F57A7F0AD319
:10198000E7F7F2FE96480068A74908600120A749DA
:101990000870A2490870A6488079012816D1A44889
:1019A00000688F490968081AA149898888420DD3BF
:1019B00000209F498871002211469E4805F0B8F822
:1019C00000219C4800E005E005F017F98448006814
:1019D000844908608248006897490968401A0528C8
:1019E00008D37F4800689449086000BFFEF7A2FD55
:1019F000E7F716F87A48006890490968401A6428A1
:101A000009D302F097F97648006807F0B5F87448F2
:101A100000688A4908607248006889490968401A64
:101A2000C82827D36E480068854908608548007833
:101A3000052805DDFFF752FD00208249087004E00B
:101A400080480078401C7F4908707F48807928B919
:101A500067480078012801D1FFF73AFB7A4800680F
:101A60005F490968081A78498988884202D30020AA
:101A7000754988715A48006874490968401AB0F578
:101A8000FA7F0ED372484079012806D07148EFF7EB
:101A900089FB0C216F48E7F713FF514800686B4939
:101AA00008604F4800686C490968401AB0F57A7FB1
:101AB00023D36A488079012817D1684800684849CB
:101AC0000968081A6549898888420ED90020634947
:101AD00088714348006808603E4805F0AFFC3C4808
:101AE00002883C493C48EFF707F83D4800685A49EE
:101AF00008603B480068EEF7B9F95548407901287D
:101B000056D15348D0F8240860B15148D0F8240881
:101B100038490968081A022800D2F5E000214C482B
:101B2000C0F824184A48D0F82008A0B14848D0F896
:101B3000200830490968081A41F2883188420AD9D8
:101B4000002143484171002041490871002140486B
:101B5000C0F82018D8E042488079012829D1002017
:101B60003F4988713F480188154805F0CDFD384848
:101B70000079012816D04FF480711148E3F778FB03
:101B800000203849088000210C485030EAF7A0F8BE
:101B90004FF4807009490839C86501210748503061
:101BA000EAF796F8FFF7A0FD2948407901285BE0A5
:101BB000A9E070E09C0300204C2401400800024092
:101BC0004C0C0020043801400C3800401004024046
:101BD000B40100208C0100200000080860030020F0
:101BE0007C0100206401002003010020050000208A
:101BF000D400002010010020060000200800002072
:101C0000070000200A0000200B0000200C0000202C
:101C10000D0000200E00002009000020040100201B
:101C2000D500002000010020340000200501002024
:101C300064000020001C0040680100206C010020AE
:101C400070010020800100206C0000207401002041
:101C5000240400204C0D0020780100204C000020BE
:101C6000440000200C01002015D04FF48071FE4884
:101C7000E3F7FEFA0020FD4908800021FC48EAF75E
:101C800027F84FF48070FA495839C8650121F8489F
:101C9000EAF71EF838E0F7480079D0B9F548C1886E
:101CA0000089814203DB0420F24908712CE0F148ED
:101CB000C088401C81B2EF48C180C188EEA0E4F723
:101CC000FBFB0120EB490871EE480168E948C0F8C8
:101CD0001C18E8480079012813D1E648D0F81C0800
:101CE000E8490968081A40F6B831884209D9E1483C
:101CF000C188E1A0E4F7E0FBE2480168DD48C0F8F4
:101D00001C1800F027FF00BFDA484079012822D0D4
:101D1000DD48807901281ED10020DB498871D34835
:101D20000188D14805F0F0FC4FF48071CE48E3F70C
:101D30009FFA0020CD4908800021CD48E9F7C8FF6F
:101D40004FF48070CA495839C8650121C848E9F77D
:101D5000BFFFFFF7C9FCCD480068CD490968081AE4
:101D6000CA49898888426ED3C9480068B0F5FA6FBD
:101D700069D9C7480068C5490860C6480078002886
:101D800078D1C548007800285DD0C448008848F65E
:101D9000A041884203DD0120C149087002E0002013
:101DA000BF490870BD48008841F27071884203DA6B
:101DB0000120BC49087002E00020BA490870BA4806
:101DC0000078012809D1B9480088B94909888842B2
:101DD00003DD0120B749087002E00020B549087012
:101DE000B5480088502803DD0120B449087002E09E
:101DF0000020B2490870B24800684FF47A71B0FB15
:101E0000F1F0B0490988884203D90120AE49087031
:101E100002E00020AC490870AC48008840F2DC5178
:101E2000884211DAAA480078052806DB0120A94972
:101E300008700020A649087009E0A5480078401CF9
:101E4000A349087003E056E00020A24908709F48AB
:101E50000188A148008800F57A70814211DD9F4811
:101E600000780A2807DB01209D49087000209B4963
:101E7000087009E030E099480078401C97490870E4
:101E800002E000209649087085480078B8B9854876
:101E90000078A0B98748007888B98848007870B978
:101EA0008948007858B98F48007840B98948007847
:101EB00028B98D48007810B989480078D8B1012038
:101EC000744908700020854908706E48006801F068
:101ED0009FFEFFF7C9F90EE084480078032805DD6E
:101EE000E7F742FC00208149087004E07F48007851
:101EF000401C7E4908707E48007800287ED0002073
:101F00007B490870EEF7A4FE7A48007870B1002093
:101F10007849087057484079012807D001A8EFF7A1
:101F2000B5FA092101A8E7F7CBFC00BF7248007899
:101F300048B10020704908705648007818B9E7F792
:101F400013FC01F08BFE6D48007858B100206B49FE
:101F500008705048007828B9E7F706FC494800683F
:101F600001F056FE6648007830B1002064490870E0
:101F700005F01CFFE7F7F8FB6248007830B100205D
:101F80006049087005F030FFE7F7EEFB5E48007827
:101F900040B300205C4908700321E820E3F7F2FE1B
:101FA00004460421E820E3F7EDFE0546AD1105EBFC
:101FB0008400401C00EE100AF8EEC00A5348008866
:101FC00000EE100AB8EE400A80EE201A9FED500A8B
:101FD00021EE000A4F4880ED000A01F0E9FEE7F724
:101FE000C3FB00BF4C48007840B100204A4908704C
:101FF0000521E820E3F7C6FE044600E09AE0601CF5
:1020000000EE100AB8EEC00ADFED440A80EE201A96
:10201000B1EE080A21EE000ADFED410A60EE200A67
:102020002248008800EE100AB8EE400A80EE801ABE
:10203000B0EE418A601C00EE100AF8EEC00A9FED77
:10204000371A80EE810AF1EE080A20EE200ADFED51
:10205000340A60EE200A1548008800EE100AB8EE37
:10206000400A80EE801A5DE04C0C00200C0100203C
:10207000580002402404002041542B42494E3D2583
:10208000640D0A0010010020440000207C000020A4
:102090007C01002005000020D40000209A000020D0
:1020A0000700002006000020040000209C00002003
:1020B000D80000200A000020A60000200C0000200C
:1020C000B0000020DA0000200D0000209600002063
:1020D0001600002008000020D60000201700002075
:1020E000090000200B0000200E00002081010020CC
:1020F0000F0000209400002010000020110000209C
:10210000120000201300002014000020980000207E
:102110006F12833FF0000020150000200000804374
:1021200000401C46044880ED001A01F041FEE7F72C
:102130001BFB00BFFFF7C0BBF40000202DE9FF4FE1
:1021400087B0054692461E46DDE915B70898F1F7B7
:10215000F6FC06900898F1F7A2FC05901898012863
:1021600004D0022805D0032809D105E0DFF850810A
:102170000AE0DFF8508107E0DFF84C8104E000BF9F
:1021800000BF0BB0BDE8F08F00BFD7BB288804901C
:10219000308803905A46DDE90301C04702904FF0B2
:1021A00000092AE000241EE0BDF80C0036F81410E7
:1021B000884205D1BDF8100035F8141088420CD0C3
:1021C00005EB44000088049006EB4400008803906F
:1021D0005A46DDE90301C047029005EB4400BDF813
:1021E00008100180641C06988442DDDB05EB4A057B
:1021F000149806EB400609F1010905988145D1DBE9
:102200005BE0FFE728880490308803903878FD2849
:1022100001DB584603E0387800FB0BF00012029017
:10222000DDE902200499C04701904FF0000940E029
:10223000002432E0385D00B92EE0385DFD2801DB76
:10224000584603E0385D00FB0BF000120090BDF82B
:102250000C0036F81410884209D1BDF8100035F88A
:102260001410884203D10099029888420ED005EBE1
:1022700044000088049006EB440000880390009816
:102280000290DDE902200499C047019005EB44006B
:10229000BDF80410018000BF641C06988442C9DBAD
:1022A00005EB4A05149806EB40061798074409F118
:1022B000010905988145BBDB00BF00BF61E7000055
:1022C0003DB00008D9B1000803B100082DE9FF4F67
:1022D00085B005461F46DDF850900698F1F72FFCB3
:1022E00083460698F1F7DBFB0490B9F1000F3DD16E
:1022F0001398FD2814DB4FF000080DE04FEA4B0265
:1023000039462846F8F784FA079805EB40051298F5
:1023100007EB400708F1010804988045EEDB79E1FE
:102320004FF000081EE0002412E005EB4400008896
:10233000029007EB440000880190139A0299F1F78C
:1023400057FF039005EB4400BDF80C100180641C9E
:102350005C45EADB079805EB4005129807EB400760
:1023600008F1010804988045DDDB53E11398FD284E
:102370007DDDABF1040003904FF000080EE14E4606
:1023800000241FE03078D8B13078FF2806D105EB63
:10239000440007EB44010988018011E0327805EB25
:1023A00044000088019007EB4400008800900199E8
:1023B000F1F71EFF029005EB4400BDF80810018004
:1023C000761C641C5C4503DA06F003000028D9D1B2
:1023D000B246B1E0DAF8000000281ED0DAF80000BA
:1023E000401CD8B905EB440007EB44010988018083
:1023F000601C05EB400107EB400000880880A01C32
:1024000005EB400107EB400000880880E01C05EB6D
:10241000400107EB4000008808808AE0564630788B
:10242000D8B13078FF2806D105EB440007EB440112
:102430000988018011E0327805EB440000880190A2
:1024400007EB4400008800900199F1F7D1FE02905B
:1024500005EB4400BDF808100180761C307808B305
:102460003078FF2809D1601C05EB400100E09AE0BC
:1024700007EB40000088088014E03278601C05EB10
:10248000400000880190601C07EB4000008800902D
:102490000199F1F7ADFE0290601C05EB4000BDF81C
:1024A00008100180761C3078F8B13078FF2807D109
:1024B000A01C05EB400107EB40000088088014E0F9
:1024C0003278A01C05EB400000880190A01C07EBAF
:1024D0004000008800900199F1F78AFE0290A01C4C
:1024E00005EB4000BDF808100180761C3078F8B18B
:1024F0003078FF2807D1E01C05EB400107EB4000D6
:102500000088088014E03278E01C05EB4000008869
:102510000190E01C07EB4000008800900199F1F762
:1025200067FE0290E01C05EB4000BDF8081001803A
:10253000761C0AF1040A241D03988442FFF64AAF70
:1025400056461FE03078D8B13078FF2806D105EB29
:10255000440007EB44010988018011E0327805EB63
:1025600044000088019007EB440000880090019926
:10257000F1F73EFE029005EB4400BDF80810018023
:10258000761C641C5C45DDDB079805EB4005129862
:1025900007EB40071598814408F10108049880452D
:1025A000FFF6EDAE36E04FF0000830E0002422E008
:1025B00019F80400F0B119F80400FD2801DB1398A4
:1025C00004E019F80400139948430012064605EB8D
:1025D00044000088029007EB4400008832460190D6
:1025E0000299F1F705FE039005EB4400BDF80C10CD
:1025F000018000BF641C5C45DADB079805EB4005F1
:10260000129807EB40071598814408F101080498D7
:102610008045CBDB09B0BDE8F08F2DE9FF4F85B0D9
:1026200082460E461F46DDF848B0DDF85080E5F7DB
:10263000BBFC81463046F1F782FA04903046F1F750
:102640002EFA0390B8F1000F23D100251DE00024DD
:1026500015E01398029007EB44000088ADF80400E1
:102660007088284400B20090318821440BB2D9F818
:102670000000D0F81CC05146079AE047641C04983B
:102680008442E6DB07EB4B076D1C03988542DEDBDB
:102690002BE0002526E000241CE018F80400C0B15F
:1026A00018F8040013994843000A029007EB44000D
:1026B0000088ADF804007088284400B2009031888A
:1026C00021440BB2D9F80000D0F81CC05146079A3B
:1026D000E047641C04988442DFDB1598804407EBD4
:1026E0004B076D1C03988542D5DB09B0BDE8F08F20
:1026F0002DE9F04104460F469046802C06D2002575
:102700002046E11704EB91718E1009E0204604F099
:10271000FCF90546681F24FA00F080F02006AD1F82
:102720003D60C8F80060BDE8F0812DE9F041044645
:102730000D461646802C09D3204604F0E6F9401FCA
:10274000012101FA00F0471E3C4400BF32462946F1
:102750002046FFF7CDFFBDE8F0810246FD2901DBF1
:1027600010467047022901DC0020FAE702FB01F065
:1027700000EBC01303EBC030C0F3C750F1E700001B
:1027800070B504460A48006808B9002070BD14B945
:1027900008480068FAE72046EEF73EFE0546601955
:1027A00005490968884201D30020EFE76019EDE789
:1027B0004C020020EC0200205002002037B50346F6
:1027C00001B93EBD08461D682D1D2844024602ACD5
:1027D0002568156000BFF4E737B5034601B93EBD73
:1027E00008461D682844024602AC2568156000BFF3
:1027F000F5E700002DE9F0470B4614464FF0000CBA
:1028000000BF2C4A1268C2F302211D4626460A4622
:10281000C2F10709B9F1040F02D94FF0040901E030
:10282000C2F10709C84602F10409B9F1070F02D243
:102830004FF0000901E0A2F103094F464FF00109F2
:1028400009FA08F9A9F1010909EA050909FA07F9DC
:102850004FF0010A0AFA07FAAAF1010A0AEA060A7F
:1028600049EA0A09CC4601466246002904DB1507FD
:102870002E0E114D6E5407E015072F0E0D4D0C3521
:1028800001F00F06361FAF5500BF014600290DDBD2
:1028900000BF00BF01F01F050122AA404D09AD0095
:1028A00005F1E025C5F8002100BF00BF00BFBDE86D
:1028B000F08700000CED00E000E400E000BF00F055
:1028C0000702064B19684FF6FF031940044B0B43F0
:1028D00043EA0221014B196000BF70470CED00E094
:1028E0000000FA0500BFBFF34F8F0748006800F4EF
:1028F000E06006490843001D03490860BFF34F8F9D
:1029000000BF00BF00BFFDE70CED00E00000FA05CE
:10291000024A0A400243024B1A60704780FFFF1FC1
:1029200008ED00E02DE9F05F044600222121204659
:10293000F5F712F98246BAF1000F01D1BDE8F09F18
:10294000608C20F4805000F5805060840021204687
:10295000F9F761F9804607E04046FFF7E3FF002101
:102960002046F9F758F98046B8F1000FF4D1204617
:10297000F9F73AFA81460020F6F7F4FC07461DE025
:10298000B86AA04202D0F86AA04203D12146384674
:10299000F6F726FD786BA04201D100217963786DAE
:1029A000484507D1F6F7ECFCA04203D12146384652
:1029B000F6F716FD3846F6F7D5FC0746002FDFD1AF
:1029C0002046E5F73DF8606840BB2046F9F7CAF9B4
:1029D0000546002606E0E86850F82600A04200D12F
:1029E00003E0761C686AB042F5D800BFB3465E4685
:1029F00006E0701CE96851F8200041F82600761CBA
:102A0000686A401EB042F4D8686A401E68626A6A0A
:102A10009100E868F7F7DAFEE8602BE02046F9F766
:102A2000F6F9064635460BE0606880680168681C68
:102A300051F8200061688968096841F825006D1C1B
:102A4000606880684068401EA842EDD86068806871
:102A50004068401E61688968486062689268526890
:102A60009100626892681068F7F7B0FE6168896843
:102A7000086000BF2046F7F777FE00BF5EE702461A
:102A80005018704770B505460C46E1B20022284642
:102A9000FCF785F970BD00002DE9F04107460025DF
:102AA00036E02148B0F81408C0F5006086B2AEB92F
:102AB0004FF480681C494246D1F818081431EEF7EB
:102AC0001BF81948D0F8180800F500601649C1F83D
:102AD000180800211448A0F8141819E0C5F1640082
:102AE00084B2B44200DD344679190F4AB2F8143882
:102AF000143298182246E2F794FB0B48B0F81408F9
:102B0000204481B20848A0F81418281985B200BFE3
:102B1000642DC6DB0020044908710448016802489E
:102B2000C0F82418BDE8F081240400201001002022
:102B300000210648A0F814180549C0F8181800210B
:102B4000C180C0F81C18C0F8201870472404002069
:102B50000008080838B523480079022807D1214821
:102B6000C1880089814202DB04201E4908711D488A
:102B70000079042835D11B48B0F81408002801DD7D
:102B800000F036F8002117484171002015490871FE
:102B90000846C088642100FB01F505F2FF70C40AF5
:102BA00001214FF01C10E8F7D9FD01210E48E8F78C
:102BB000D5FD012000F0D8F901210420E7F764F9E0
:102BC00021460820E7F760F90020009002E0009815
:102BD000401C0090054900988842F8D3FFF782FE18
:102BE00000BF38BD240400201B001C00A08601008B
:102BF00010B52048B0F8140818B900201D49087114
:102C000010BD1C49B1F8140800EBD0714C101949E3
:102C1000B1F8140800EBD0714910A0EB410109B1E3
:102C2000601C84B213492246D1F818081431EDF71C
:102C300063FF1048D0F81818B0F8140801440D4884
:102C4000C0F818180021A0F81418002009490871CC
:102C5000094801680748C0F8241807480168054872
:102C6000C0F81C18044801680248C0F8201800BFCA
:102C7000C6E700002404002010010020F0B5DDE9C3
:102C80000554012B0BDC032805D0042802D00528AD
:102C900003D100BF00BF022000E000BF00BF062834
:102CA00042D2DFE800F0410F0333201700262680D0
:102CB0008E1A06EBD677B5F800C00CEB67073FB26B
:102CC0002F8034E0002626802E888F1A3E4436B2AC
:102CD0002E802CE08E1A37B25E1E36B297FBF6F6C7
:102CE00036B2268023E08E1A36B296FBF3F627889A
:102CF0003E4436B22680B4F9006006EBD677B5F8CC
:102D000000C00CEB67073FB22F8010E08E1A37B27D
:102D10005E1C36B297FBF6F636B226802E882788E0
:102D20003E4436B22E8002E00026268000BF00BF5F
:102D3000F0BD000000B59FED1B1AF2EE040A9FEDF6
:102D40001A0A1A48E3F750F89FED161AF2EE040A31
:102D50009FED150A1648E3F747F89FED121ADFEDCD
:102D6000150A9FED150A1548E3F73EF89FED0D1A79
:102D7000F2EE040A9FED0C0A1148E3F735F89FEDD7
:102D8000091ADFED0C0A9FED0C0A0E48E3F72CF848
:102D90009FED041ADFED080A9FED070A0A48E3F7E2
:102DA00023F800BD000000000AD7233CAC0300203C
:102DB000C00300200000C842CDCCCC3DD40300208D
:102DC000E8030020FC0300201004002010B52DEDC6
:102DD000028B2A4801882AA0E3F76EFB2C48018861
:102DE0002CA0E3F769FB2F4801882FA0E3F764FBD1
:102DF00031480068E2F7B8FC41EC180B53EC182B93
:102E00002EA0E3F759FB33480068E2F7ADFC41EC34
:102E1000180B53EC182B30A0E3F74EFB3448006836
:102E2000E2F7A2FC41EC180B53EC182B31A0E3F7AE
:102E300043FB36480068E2F797FC41EC180B53EC73
:102E4000182B33A0E3F738FB37480068E2F78CFC17
:102E500041EC180B53EC182B34A0E3F72DFB3A4848
:102E60000068E2F781FC41EC180B53EC182B37A0FB
:102E7000E3F722FBBDEC028B10BD0000D600002062
:102E80005345545F564F5554203D2025640D0A008C
:102E9000D80000205345545F494F5554203D20250C
:102EA000640D0A00DA0000205345545F504F55541A
:102EB000203D2025640D0A00DC00002052415449C9
:102EC0004F5F4D43555F56494E203D2025660D0A04
:102ED00000000000E0000020524154494F5F4D4384
:102EE000555F564F5554203D2025660D0A000000C1
:102EF000E4000020524154494F5F4D43555F49491A
:102F00004E203D2025660D0A00000000E80000204C
:102F1000524154494F5F4D43555F494F5554203DF1
:102F20002025660D0A000000EC00002052415449A3
:102F30004F5F5343383831355F564F5554203D204D
:102F400025660D0A00000000F4000020524154499B
:102F50004F5F5343383831355F494F5554203D203A
:102F600025660D0A000000000349096860F3082186
:102F7000014A116070470000007000402DE9F04FD9
:102F800087B00546734800680068C46B71480068E4
:102F90000068C068806820606E4800680068007C37
:102FA000C0F3400038B96B4800680068007C00F04E
:102FB0000100002849D067480068F1F723FD401E52
:102FC0000FFA80FA63480068F1F7B6FC401E0FFA6A
:102FD00080FB5B460022114601A8CDF800A0F0F767
:102FE0001DFE01A860605B4800680068007CC0F3BB
:102FF000400090B1574800680068C068806920F0C0
:103000000200801C534909680968C968886101A8E1
:10301000A060204600F0A0F814E04E480068006868
:10302000C06880694B4909680968C968896960F3A3
:103030004101484800680068C0688161A560204679
:1030400000F08AF807B0BDE8F08F2846F0F770FD71
:1030500006902846F0F71CFD05903E480068F1F701
:10306000D1FCB5F90610884205DC3A480068F1F752
:10307000C9FC401E01E0B5F9060006B23548DDE99D
:1030800005210068EEF778FC80464FF00009B5F99D
:10309000027033E02888ADF80C00A888ADF8100065
:1030A000ADF80E7007EB0800401E00B2ADF812003C
:1030B00003A86060A060274800680068C068806856
:1030C0002060BDF91200B04201DDADF81260BDF91B
:1030D00012904E450CD11F4800680068C068806996
:1030E00020F00200801C1B4909680968C9688861D2
:1030F000204600F031F807EB080007B207EB0800A4
:10310000401EB042C6DD4E4522D02888ADF80C00E6
:10311000A888ADF81000ADF80E70ADF8126003A8E5
:103120006060A0600B4800680068C068806820602C
:10313000084800680068C068806920F00200801CB0
:10314000044909680968C9688861204600F004F8E4
:1031500000BF77E7480200202DE9F04790B0044611
:1031600084480068F1F7E4FB0546E06810B12046AA
:10317000E16888477F480068006800887D490968E1
:103180000968498810FB01F0E968884201D10120F3
:1031900000E000208046286808B1686830B12868DF
:1031A000A8B1686898B1B8F1000F10D00CE0714870
:1031B00000680068806A38B16E4A126810686D4A0B
:1031C00012681268916A884728690028EFD10027A1
:1031D000002668480068F1F7F3FB814649466068BD
:1031E000FCF7D4F8074663480068406930B1614A8B
:1031F000126851696068FCF7C9F80646002F6FD164
:10320000002E6DD15B480068F1F7FCFB401E0FFA01
:1032100080F958480068F1F78FFB401E0FFA80FADA
:103220005346002211460EA8CDF80090F0F7F6FCA8
:10323000206BE8B16846F3F7C7F84E480068C06AEB
:1032400004904C48006890F829008DF81A0049480D
:103250000068408DADF804004648006890F82900E9
:103260008DF803000EAA69462046236B984736E086
:1032700040480068C06AF0B13E490968C86A0DA9B3
:10328000F5F77AFF8146B9F1010F11D107A8F1F7DF
:1032900044FC3848006890F829008DF8270035482C
:1032A00000680EAA07A9C36A2046F1F7E5FB01E012
:1032B00000BF00BF13E06846F3F786F82D480068AA
:1032C000408DADF804002B48006890F829008DF877
:1032D0000300694620466268F3F75AF800BF00BF52
:1032E0002448006890F8280000F00100A0B117B948
:1032F0002048006807693946204600F04FFA1D480B
:1033000000684069E0B116B91A480068466931465C
:10331000204600F043FA13E016480068406938B1CF
:1033200016B91448006846693146204600F036FA5E
:1033300017B91048006807693946204600F02EFA90
:103340000C480068F1F720FB81464946204600F012
:1033500025FA08480068F1F70AFB814649462046ED
:1033600000F01CFA03480068E9F7CEFC10B0BDE895
:10337000F08700004802002070B50020494908602D
:1033800049480068B0F8500100B970BD00254648B2
:103390000068B0F85001441E08E04348006800F59A
:1033A0009870005D08B9254602E0641E002CF4DA2E
:1033B00000BF3D4800680068406B38B13A4A126867
:1033C0001068394A12681268516B8847364800689D
:1033D0000068C068806920F0010033490968096805
:1033E000C9688861304800680068C068806920F05A
:1033F00002002D4909680968C96888612A4800687F
:1034000090F8280020F00400001D2749096881F881
:103410002800002434E02448006800F59870005D1E
:1034200068BBAC420CD1204800680068C068806965
:1034300020F00100401C1C4909680968C9688861BE
:10344000194800680068C068806920F002001649C9
:1034500009680968C968886113490968303101EB56
:10346000C400FFF78BFD10490968303101EBC4003F
:10347000F0F746FB0B49096808440A490860641CD8
:1034800009480068B0F85001A042C4DC0648006852
:1034900090F8280020F004000349096881F828000A
:1034A00000BF72E744020020480200202DE9F04FDF
:1034B0008BB080460D4601212846F9F71AFF10B15E
:1034C0000BB0BDE8F08F2846E4F7D6FA074627B9D7
:1034D00029464046FAF736FB5CE14FF0000B6122CB
:1034E00059462846F9F7C8FC01900198C0B28246B7
:1034F000BAF1020F00DAE3E709AB3A462946404643
:10350000EFF719FD8146B9F1010F00D0D8E7012688
:10351000002205F1140109A8E3F7DEFC78B10020D0
:103520008DF8000009A801906A4612212846F4F798
:1035300013FB9DF8000008B926F0010600BF012F1B
:1035400001D146F00206324609A94046F1F7F8FEDD
:10355000044614B900BF00BFB2E74FF0000B6F2262
:1035600059462846F9F788FC0190019800B2ADF859
:10357000200000BF702259462846F9F77DFC0190D3
:10358000019800B2ADF82200BDF8200000F4C04060
:10359000B0F5005F01D1012000E0002040B1BDF98D
:1035A000200020F4C040B0F5FA6F01DC012000E0FB
:1035B0000020E0B105F11400F0F7BAFABDF92010CF
:1035C00021F4C041B1F57A7F06DDBDF9201021F468
:1035D000C041C1F57A7103E0BDF9201021F4C0416A
:1035E0004843642190FBF1F000B2ADF82000BDF833
:1035F000220000F4C040B0F5005F01D1012000E0DE
:10360000002040B1BDF9220020F4C040B0F5FA6FAF
:1036100001DC012000E00020E0B105F11400F0F72A
:1036200037FABDF9221021F4C041B1F57A7F06DDE9
:10363000BDF9221021F4C041C1F57A7103E0BDF952
:10364000221021F4C0414843642190FBF1F000B204
:10365000ADF8220002A8F1F760FA8DF813A04FF040
:10366000000B6E2259462846F9F706FC0190019896
:1036700000B2ADF80800BDF90800B0F5616F07DDD4
:10368000BDF80800A0F5616000B2ADF808000AE0DE
:10369000BDF90800002806DABDF8080000F56160F1
:1036A00000B2ADF808004FF0000B6D2259462846D5
:1036B000F9F7E2FB0190019880B2ADF80A0000BF73
:1036C000682259462846F9F7D7FB01900198C0B205
:1036D0008DF81400304800680068007CC0F3C0001A
:1036E0008DF81C0006F0020088B12068A0606068B8
:1036F000E0606089618A0844401E01B2E181B4F94A
:103700000E00B4F90610884201DDE188E18135E060
:1037100006F0020028B13346224641462846EFF71C
:10372000D0FB29464046FAF70DFAA88ABDF82010CA
:103730000844D8F804100988401A00B2ADF80C000B
:10374000E88ABDF822100844D8F804104988401AC5
:1037500001B2ADF80E1002AA21464046F1F7E4FD91
:1037600006F0020000B90FE0E089401C01B261815F
:103770006089618A0844401E01B2E181B4F90A00FF
:10378000BDF92A108842C3DD00BF21464046F1F74B
:1037900015FE00BF00BF93E6480200202DE9F05F50
:1037A00007460C4624B923480068F1F709F9044696
:1037B0000CB9BDE8F09F21463846FFF777FEA046DA
:1037C0002046F8F76BFB05462FE04FF0000A28462D
:1037D000F8F73FFA8346002610E0A868006850F822
:1037E0002690BAF1000F04D1C14506D14FF0010A6D
:1037F00003E049463846FFF759FE761C5E45ECD398
:103800003A4617212846F4F7A7F93A4618212846E0
:10381000F4F7A2F93A4619212846F4F79DF9A8468B
:103820002846F8F73BFB054600BF002DCDD100BF71
:10383000BFE70000480200202DE9F04F8DB060483E
:1038400000680068007C00F0010010B90DB0BDE810
:10385000F08F5B4800680068C068406800B9F5E711
:103860005748006800F5AC70E4F796F800B1EDE752
:10387000534800680068C068D0F808A05048006845
:103880000068C06880684E4909680968C9680968A5
:10389000884205D14A4800680068C068406804E072
:1038A000474800680068C06800680C904448006899
:1038B000F1F742F80746202104A8E1F7D9FC0025DA
:1038C0004BE03F48006800F59870405D00B143E070
:1038D0003B48006800F5AC70E3F7C3FF044638E0EE
:1038E00021463748006800F5AC70E3F7C0FF834617
:1038F00033480068303000EBC502214604A8E3F7E6
:10390000D9F90646701C18B34FF0000814E02146A0
:103910002B48006800F5AC70E3F7E4FF814604A88B
:1039200000EBC8010A68C9F800204968C9F804100A
:1039300008F101004FFA80F8B045E8DB2146204845
:10394000006800F5AC70E4F733F82046F6F70CFF9A
:103950005C46002CC4D100BF6D1C19480068B0F84B
:103960005001A842ADD81648006800F5AC70E3F7E6
:1039700078FF044619E00C981149CDE901740090D4
:1039800009680968C86B0E4909680968C96B23464C
:103990003A46D1F838C05146E04721460848006809
:1039A00000F5AC70E3F763FF0446002CE3D1044854
:1039B000006800F5AC70E3F73CFF00BF46E700008D
:1039C000480200202DE9F04105462846F8F741F964
:1039D0000646002412E0A868006850F824703846B3
:1039E000F9F7C6FE00222A213846F4F7B5F8384622
:1039F000F9F7BEFE3846FFF7E5FF641CB442EAD390
:103A0000BDE8F081F0B50C46E568A16800BF1DB9BE
:103A100000BF00BF00BFFEE700BF00BF19B900BF75
:103A200000BF00BFFEE700BFCD60A96000F13C060B
:103A300006EBC21656F82360A6421BD100F13C06E5
:103A400006EBC21646F82310814213D100F114068A
:103A500056F8226001279F40BE4300F1140747F843
:103A600022603E4656F8226026B901279740066933
:103A7000BE430661F0BD2DE9F04106460D46002427
:103A80000EE026B1E86850F83400B04207D14FF696
:103A9000FF724FF470212846FAF72CFC05E0641CF5
:103AA000688CC0F30510A042EBD800BF2846F8F799
:103AB000D0F80746002407E0A868006850F82410F2
:103AC0003046FFF7D8FF641CBC42F5D3BDE8F08157
:103AD0002DE9FC4F04468C461546DDF844A0DDE98F
:103AE0000B6701960097002039E0DDF8348008FB71
:103AF00000F8DDF8049009EB2826DDF8388008FB93
:103B000000F8DDF8009009EB282731123A1200295D
:103B100005DB614503DA002A01DBAA4204DB4FF032
:103B200000080AF8008018E0A04602FB031B08EB1F
:103B30004B08DDF840B00BEB400BB8F800E0ABF8F9
:103B400000E003FB05FB04EB4B0902FB031BD9441C
:103B500099F800B00AF800B000BF411C08B20F99F4
:103B60008842C2DBBDE8FC8F2DE9FF5F05460F46AA
:103B700090469946DDE913B6DDF838A0CDF80CA0E3
:103B80000F980290E4F710FA019001980068008FF6
:103B9000009030461299F6F7F4FF002432E0109AB4
:103BA0006243039B03EB222A119A6243029B03EBBD
:103BB00022220F924FEA2A200F9A1112002805DBC9
:103BC000B84203DA002901DB414502DB002232550D
:103BD0000BE02A4601FB090302EB43020BEB440313
:103BE000B2F800C0A3F800C000BF159A062A07D19A
:103BF0003BF81420BDF800309A4201D10022325522
:103C0000601C04B212988442C9DBBDE8FF9F00002B
:103C100010B504460120E2F750FBE2F76CF90520ED
:103C2000E2F74BFB4FF480710848EEF7B3F805203C
:103C3000E2F743FBFDF7DCFA002005490870054870
:103C4000046000200449088010BD0000000C014001
:103C5000D4000020C40000209E00002070B5012088
:103C6000E2F72BFB4FF480712648EEF791F83220F3
:103C7000E2F723FB002400250AE001212248E5F7B2
:103C800068F9012004F09CF92048C08804446D1CA8
:103C90000A2DF2DB00EE104AF8EE400AB2EE041AEA
:103CA00080EE810A9FED1A1AC0EE010A19480088B9
:103CB00000EE100AB8EE400A20EE800A1648D0ED59
:103CC000000A20EE200ABCEEC00A10EE100A1349CA
:103CD0000880E2F71DF90120E2F7EFFAFDF74AFA52
:103CE00001200F4908709FED0F0A0F4880ED000A70
:103CF0009FED0C0A0D4880ED000A00200C49087069
:103D000070BD0000000C0140002401409C03002015
:103D100000F07F45A8000020E80000209E00002061
:103D2000D400002000000000BC000020C0000020E3
:103D30001600002070B51948807968B318480088CB
:103D4000184909880D1A002D05DB16480488002043
:103D5000124988710DE015F57A7F05DA1048008860
:103D6000A0F57A7084B204E00E48048800200B4964
:103D700088712046E2F74AFA094804800A48007828
:103D8000012804D141F27070E2F706FA03E0074817
:103D90000088E2F701FA00BF70BD00003C0000207F
:103DA00024040020D600002004000020D8000020B9
:103DB00003480068034908600120887170470000CB
:103DC000100100203C00002070B505462868F7F778
:103DD000C9FF0446002227212069F3F7BDFE002217
:103DE00028216069F3F7B8FE606938B194F82800BB
:103DF000C0F3400010B16069F7F7C4FA00206061B9
:103E000094F8280020F0010084F828000020A06128
:103E1000002260212868FAF715FB2069F9F7A8FC51
:103E200070BD70B504462068F7F79CFF0546FBF7A8
:103E30005FFB686120682861002226212869F3F76A
:103E40008BFE70BD70B505462846F7F78BFF04461C
:103E500004B970BD2669206920B1002225213046B1
:103E6000F3F77AFE206920B1002226212846F3F7D5
:103E700073FE25610020A061206920B10022272166
:103E80002846F3F769FE206920B100222821304638
:103E9000F3F762FE2846F9F76BFC00BFD9E710B5CF
:103EA000044600220A212068F3F756FE10BD0000E8
:103EB0002DE9FF4F91B090461298F7F7EFFF0746B4
:103EC00010213846F9F715FA10B915B0BDE8F08F92
:103ED0003846F8F75BF810904FF00009CA46002505
:103EE0003846F8F74DF90F900F9818B1129800F175
:103EF000140400E0119C00213846F8F75BFE0E9098
:103F000000213846F8F7ACFF01460E98084400B28D
:103F10000D9000213846F8F72BFF01460E98084413
:103F200000B20C90F98A0D9808446188401AB8F8DC
:103F30000210401A00B20B90798B0C98081AE18895
:103F4000401AB8F80210081A00B20A903846F7F77B
:103F500055FF01460D98091A0C98081A00B20990ED
:103F60000B98002804DB0A98002801DB00251BE0E1
:103F70000B98002808DD0B9D3846F8F70BF9024630
:103F8000501B00D500250FE00A9800280CDD0A9888
:103F9000404205B23846F7F799FF0190019828444E
:103FA000002800DA002500BF0F98012804D002285D
:103FB00010D003283AD11BE0F98A0D9808440FFA73
:103FC00080F9608828440FFA80FAA9EB0A00284497
:103FD00005B22BE0798B0C98081A0FFA80F9E0886B
:103FE00028440FFA80FAA9EB0A00284405B21DE024
:103FF000099800EBD0714A10FB8A0D9919441144BD
:104000000FFA81F900BFE1886288891A491C09B258
:10401000084601EBD071628802EB610129440FFA76
:1040200081FAA9EB0A00284405B200BF00BF0026B0
:104030003846F8F79BF80890089818B1129800F1E4
:10404000140400E0119C00213846F8F7C1FE0E99D7
:1040500008440FFA80FB00213846F8F7D1FE0E998C
:10406000084400B20790B88A58442188401AB8F82A
:104070000010401A00B20690398B0798081AA188E0
:10408000401AB8F80010081A00B2059006980028E7
:1040900004DB0598002801DB00261CE006980028B8
:1040A00009DD069E3846F7F77BFF01900198801BDB
:1040B00000D500260FE0059800280CDD0598404249
:1040C00006B23846F7F7E4FF019001983044002823
:1040D00000DA002600BF3846F9F702F9A0EB0B0121
:1040E0000798081A00B204900898012804D0022802
:1040F0000FD0032838D11AE0B88A58440FFA80F953
:10410000208830440FFA80FAA9EB0A00304406B246
:104110002AE0398B0798081A0FFA80F9A0883044F2
:104120000FFA80FAA9EB0A00304406B21CE00498AA
:1041300000EBD071BA8A5A4402EB61010FFA81F99F
:1041400000BFA1882288891A491C09B2084601EBE0
:10415000D071228802EB610131440FFA81FAA9EB98
:104160000A00304406B200BF00BF29493846EFF7C5
:1041700011FB039027493846EFF70CFB0290039898
:1041800008B9029850B100220A213846F3F7E4FC3E
:1041900001900198012800D097E600BF109800F028
:1041A000010010B9002E00DA0026109800F002007D
:1041B00010B9002E00DD0026109800F0040010B9A0
:1041C000002D00DA0025109800F0080010B9002D2D
:1041D00000DD0025B8F90010149808B9002000E0AF
:1041E0003046084400B2A8F80000B8F9021014984C
:1041F00008B9002000E02846084400B2A8F80200F0
:104200002A4631463846149BFAF720FA00BF5CE68E
:10421000354202081942020870B505460C46284688
:10422000F7F7C2FF204406B2002231462846E3F7E2
:104230002CFC70BD70B505460C462846F7F7BEFF4E
:10424000204406B2324600212846E3F71EFC70BD2A
:104250002DE9FC4105460C462046F2F7B5F84FF42F
:1042600080312846F8F773FCE070E07802280CDD16
:104270004FF48037202239462846F8F7FDFD00909C
:1042800000980190BDF80400A0804FF480373122DF
:1042900039462846F8F7F0FD01900198C0B284F83D
:1042A000220094F8220002281DDD00BF3222394688
:1042B0002846F8F7E1FD0190019800B22084B4F996
:1042C000200000280CDD00BF302239462846F8F7D0
:1042D000D3FD009000980190BDF80400E08302E057
:1042E000002084F822004FF48037452239462846C2
:1042F000F8F7C2FD01900198C0B284F8360094F836
:104300003600022827DD00BF402239462846F8F74C
:10431000B3FD0190019800B2E085B4F92E000028A9
:1043200016DD00BF432239462846F8F7A5FD019067
:10433000019800B2A08600BF442239462846F8F70B
:104340009BFD009000980190BDF80400A08502E05C
:10435000002084F836004FF480312846F8F79EFCA0
:104360000646FD2E0DDAE07870430012E070E0782A
:104370007043001284F82200E0787043001284F841
:104380003600E07828B994F8220010B994F8360085
:1043900040B14FF480312846F8F7BEFD208001205F
:1043A000BDE8FC810020FBE72DE9F04704460E46FE
:1043B00017463568D7F8008004F1140050F825003E
:1043C0004FF0FF3101FA08F100EA0109B9F1000FDD
:1043D00016D1691C4FF0FF328A40206900EA020AB8
:1043E000BAF1000F02D10020BDE8F087504602F07C
:1043F00081FB0546356004F1140050F8259000BF9C
:1044000000BFB9F1000F03D100BF00BF00BFFEE73E
:1044100000BF484602F06EFB8046C7F8008004F1FA
:104420003C0000EBC51050F82800DDE770B50446ED
:104430000D46264628B2A6F844002046F9F798F91A
:1044400070BD70B504460D46264629B246208153FC
:104450002046F9F78DF970BD70B505460C4621B2BE
:104460002846FAF778FD70BD70B505460C4621B2B6
:104470002846FAF788FD70BD01B582B00020F6F736
:1044800071FF0299086002980068F02211460190BD
:10449000FAF701FB0298006800210190FAF7E1FAAF
:1044A000029800680022FF210190FAF72CFC0020FE
:1044B000EFF797FD019002980068002200900199A3
:1044C000FAF705FC02980068002211460190FAF7FD
:1044D0000EFC029800680190F5F774F80299886064
:1044E00002988068FEA10190F5F736FE0298806878
:1044F00000210190F5F7EEFD029880681E22002150
:104500000190FAF79FFA029880683C22EF2101900F
:10451000FAF7C1FA02988068002201210190FAF7A7
:1045200026FC029880680022FF210190FAF707FC20
:104530006FF07F40EFF755FD0190029880680022F0
:1045400000900199FAF7EBFB0298806800220F2196
:104550000190FAF700FC0298806800221021019077
:10456000FAF759FCE048EFF73CFD019002988068AB
:10457000002200900199FAF772FC029880680022EC
:10458000DA490190FAF77BFC029880680022FF214B
:104590000190FAF798FC0298806800221146019079
:1045A000FAF779FC02988068002211460190FAF728
:1045B0007EFC02988068002202210190FAF743FCF9
:1045C000029880680022FF210190FAF79CFB0020EE
:1045D000EFF707FD01900298806800220090019992
:1045E000FAF775FB02988068002211460190FAF7ED
:1045F0007EFB02988068002206210190FAF7FFFBFB
:1046000002988068002211460190FAF7ECFB0298AC
:104610008068002211460190FAF7CDFB029880686D
:10462000002211460190FAF7D2FB0298806800221E
:1046300011460190FAF7FBFB029800680190F4F72D
:10464000C1FF0299C8600298C068A9A10190F5F75E
:1046500083FD0298C06800210190F5F73BFD0298A8
:10466000C0685A2200210190FAF7ECF90298C0685C
:104670003C22EF210190FAF70EFA0298C06800225E
:1046800001210190FAF773FB0298C0680022FF2114
:104690000190FAF754FB6FF07F40EFF7A2FC019016
:1046A0000298C068002200900199FAF738FB02983E
:1046B000C06800220F210190FAF74DFB0298C068F4
:1046C000002210210190FAF7A6FB8B48EFF789FC36
:1046D00001900298C068002200900199FAF7BFFB90
:1046E0000298C068002281490190FAF7C8FB02983D
:1046F000C0680022FF210190FAF7E5FB0298C0682C
:10470000002211460190FAF7C6FB0298C068002209
:1047100011460190FAF7CBFB0298C06800220221F3
:104720000190FAF790FB0298C0680022FF210190E7
:10473000FAF7E9FA0020EFF754FC01900298C068FC
:10474000002200900199FAF7C2FA0298C06800228C
:1047500011460190FAF7CBFA0298C06800220621B0
:104760000190FAF74CFB0298C068002211460190B4
:10477000FAF739FB0298C068002211460190FAF757
:104780001AFB0298C068002211460190FAF71FFB3D
:104790000298C068002211460190FAF748FB02987F
:1047A00000680190F4F70EFF029908610298006911
:1047B00052A10190F5F7D0FC029800690021019008
:1047C000F5F788FC02980069962200210190FAF71B
:1047D00039F9029800693C22EF210190FAF75BF960
:1047E00002980069002201210190FAF7C0FA0298AC
:1047F00000690022FF210190FAF7A1FA6FF07F40D3
:10480000EFF7EFFB019002980069002200900199F8
:10481000FAF785FA0298006900220F210190FAF751
:104820009AFA02980069002210210190FAF7F3FA2F
:104830003448EFF7D6FB01900298006900220090FF
:104840000199FAF70CFB02980069002227490190B0
:10485000FAF715FB029800690022FF210190FAF790
:1048600032FB02980069002211460190FAF713FB0F
:1048700002980069002211460190FAF718FB02988D
:104880000069002202210190FAF7DDFA029800691E
:104890000022FF210190FAF736FA0020EFF7A1FB82
:1048A000019002980069002200900199FAF70FFA2E
:1048B00002980069002211460190FAF718FA02984E
:1048C0000069002206210190FAF799FA029800691E
:1048D000002211460190FAF786FA0298006913E067
:1048E00030302E3030305600AAB32B005038030839
:1048F00030362E3030304100A2C6F3003132302E37
:1049000030305700B96AFF00002211460190FAF7D3
:1049100052FA02980069002211460190FAF757FAFC
:1049200002980069002211460190FAF780FA029875
:1049300000680190F4F746FE0299486102984069C8
:10494000FEA10190F5F708FC029840690021019052
:10495000F5F7C0FB02984069D32200210190FAF7D5
:1049600071F8029840691D2232210190FAF793F8FC
:1049700002984069002202210190FAF7F8F90298A2
:1049800040690022FF210190FAF7D9F96FF07F40CA
:10499000EFF727FB019002984069002200900199EF
:1049A000FAF7BDF90298406900220F210190FAF749
:1049B000D2F90298406900220A210190FAF72BFAF5
:1049C0006FF07F40EFF70DFB0190029840690022E5
:1049D00000900199FAF743FA029840690022D949F8
:1049E0000190FAF74CFA029840690022FF210190E9
:1049F000FAF769FA02984069002211460190FAF725
:104A00004AFA02984069002211460190FAF74FFADB
:104A100002984069002202210190FAF714FA0298E4
:104A200040690022FF210190FAF76DF90020EFF7AD
:104A3000D8FA019002984069002200900199FAF793
:104A400046F902984069002211460190FAF74FF9A1
:104A500002984069002206210190FAF7D0F90298E5
:104A60004069002211460190FAF7BDF902984069A9
:104A7000002211460190FAF79EF90298406900223F
:104A800011460190FAF7A3F90298406900221146F5
:104A90000190FAF7CCF9029800680190F4F792FDC2
:104AA0000299886102988069A7A10190F5F754FBEB
:104AB0000298806900210190F5F70CFB029880694B
:104AC000D32232210190F9F7BDFF029880691D229F
:104AD00032210190F9F7DFFF02988069002202215C
:104AE0000190FAF744F9029880690022FF210190B1
:104AF000FAF725F96FF07F40EFF773FA019002980B
:104B00008069002200900199FAF709F902988069FA
:104B100000220F210190FAF71EF902988069002205
:104B20000A210190FAF777F96FF07F40EFF759FA11
:104B3000019002988069002200900199FAF78FF99C
:104B40000298806900227F490190FAF798F902984B
:104B500080690022FF210190FAF7B5F90298806977
:104B6000002211460190FAF796F902988069002216
:104B700011460190FAF79BF9029880690022022100
:104B80000190FAF760F9029880690022FF210190F4
:104B9000FAF7B9F80020EFF724FA0190029880693B
:104BA000002200900199FAF792F802988069002299
:104BB00011460190FAF79BF80298806900220621BD
:104BC0000190FAF71CF902988069002211460190C1
:104BD000FAF709F902988069002211460190FAF764
:104BE000EAF802988069002211460190FAF7EFF87E
:104BF00002988069002211460190FAF718F902988C
:104C000000680190F4F7DEFC0299C8610298C0695F
:104C10004EA10190F5F7A0FA0298C0690321019016
:104C2000F5F758FA0298C069D32264210190F9F788
:104C300009FF0298C0691D228C210190F9F72BFF12
:104C40000298C069002202210190FAF790F80298B8
:104C5000C0690022FF210190FAF771F86FF07F40E0
:104C6000EFF7BFF901900298C06900220090019906
:104C7000FAF755F80298C06900220F210190FAF75F
:104C80006AF80298C06900220A210190FAF7C3F875
:104C90006FF07F40EFF7A5F901900298C0690022FC
:104CA00000900199FAF7DBF80298C06900222549C3
:104CB0000190FAF7E4F80298C0690022FF21019000
:104CC000FAF701F90298C069002211460190FAF73B
:104CD000E2F80298C069002211460190FAF7E7F85D
:104CE0000298C069002202210190FAF7ACF80298FC
:104CF000C0690022FF210190FAF705F80020EFF7C4
:104D000070F901900298C069002200900199F9F7AA
:104D1000DEFF0298C069002211460190F9F7E7FF13
:104D20000298C069002206210190FAF768F80298FB
:104D3000C0690022114601900EE000003030E28090
:104D400099430000C01E0308434300003230303155
:104D5000316D574800000000FAF745F80298C06925
:104D6000002211460190FAF726F80298C069002245
:104D700011460190FAF72BF80298C06900221146FB
:104D80000190FAF754F8029800680190F4F71AFCC1
:104D9000029908620298006AFEA10190F5F7DCF919
:104DA0000298006A00210190F5F794F90298006AD0
:104DB000002264210190F9F745FE0298006A1D2245
:104DC00032210190F9F767FE0298006A0022022161
:104DD0000190F9F7CCFF0298006A0022FF210190B0
:104DE000F9F7ADFF6FF07F40EFF7FBF80190029805
:104DF000006A002200900199F9F791FF0298006A79
:104E000000220F210190F9F7A6FF0298006A002204
:104E100005210190F9F7FFFF6FF07F40EFF7E1F810
:104E200001900298006A002200900199FAF717F8A1
:104E30000298006A0022D9490190FAF720F80298F6
:104E4000006A0022FF210190FAF73DF80298006AFB
:104E5000002211460190FAF71EF80298006A00221B
:104E600009210190FAF723F80298006A0022012133
:104E70000190F9F7E8FF0298006A0022FF210190F3
:104E8000F9F741FF0020EFF7ACF801900298006AB3
:104E9000002200900199F9F71AFF0298006A002297
:104EA00011460190F9F723FF0298006A00220621BB
:104EB0000190F9F7A4FF0298006A002211460190C0
:104EC000F9F791FF0298006A002211460190F9F764
:104ED00072FF0298006A002206210190F9F777FF1D
:104EE0000298006A002211460190F9F7A0FF02988B
:104EF00000680190F4F766FB029948620298406AE4
:104F0000A7A10190F5F728F90298406A00210190C5
:104F1000F5F7E0F80298406A0022B4210190F9F711
:104F200091FD0298406A1D223B210190F9F7B3FDE3
:104F30000298406A002211460190F9F718FF029882
:104F4000406A002211460190F9F765FF6FF07F403B
:104F5000EFF747F801900298406A0022009001990B
:104F6000F9F77DFF0298406A00228E490190F9F717
:104F700086FF0298406A0022FF210190F9F7A3FF03
:104F80000298406A002211460190F9F784FF0298C6
:104F9000406A002211460190F9F789FF0298406AA1
:104FA000002201210190F9F74EFF0298406A002289
:104FB00011460190F9F7A7FE0298406A00220721E6
:104FC0000190F9F71CFF0298406A002211460190F7
:104FD000F9F709FF0298406A002211460190F9F79B
:104FE000EAFE0298406A002207210190F9F7EFFEDD
:104FF0000298406A002211460190F9F718FF0298C2
:1050000000680190F5F740F9029988620298806A79
:10501000FF210190F5F77AFA6348EEF7E2FF01907D
:105020000298806A00900199F5F790FA0298806AD8
:105030000622A0210190F9F705FD0298806A0F224F
:1050400011460190F9F727FD029800680190F4F7E6
:10505000B9FA0299C8620298C06A54A10190F5F7A2
:105060007BF80298C06A00210190F5F733F80298A6
:10507000C06A002211460190F9F7E4FC0298C06A68
:105080001D225A210190F9F706FD0298C06A0022FC
:1050900003210190F9F76BFE0298C06A0022FF21FC
:1050A0000190F9F74CFE6FF07F40EEF79AFF019008
:1050B0000298C06A002200900199F9F730FE029828
:1050C000C06A002207210190F9F745FE0298C06AE4
:1050D00000220A210190F9F79EFE6FF07F40EEF763
:1050E00080FF01900298C06A002200900199F9F7B0
:1050F000B6FE0298C06A002228490190F9F7BFFE67
:105100000298C06A0022FF210190F9F7DCFE0298A4
:10511000C06A002211460190F9F7BDFE0298C06AEC
:10512000002211460190F9F7C2FE0298C06A0022DF
:1051300001210190F9F787FE0298C06A0022FF2141
:105140000190F9F7E0FD1B48EEF74BFF0190029844
:10515000C06A002200900199F9F7B9FD0298C06A6F
:10516000002211460190F9F7C2FD0298C06A0022A0
:1051700004210190F9F743FE0298C06A002211460B
:105180000190F9F730FE0298C06A002211460190A2
:1051900012E0000030303A3030000000D4EA02085B
:1051A00052554E00C01E030836E2190056696E3A89
:1051B000000000002D2D2D00F9F7FDFD0298C06ABA
:1051C000002205210190F9F702FE0298C06A002230
:1051D00011460190F9F72BFE029800680190F4F750
:1051E000F1F9029908630298006BFEA10190F4F7AF
:1051F000B3FF0298006B00210190F4F76BFF029857
:10520000006B002227210190F9F71CFC0298006B2B
:105210001D2232210190F9F73EFC0298006B00221A
:1052200002210190F9F7A3FD0298006B0022FF21F3
:105230000190F9F784FD6FF07F40EEF7D2FE019008
:105240000298006B002200900199F9F768FD02981E
:10525000006B00220F210190F9F77DFD0298006B91
:10526000002205210190F9F7D6FD6FF07F40EEF79F
:10527000B8FE01900298006B002200900199F9F7A6
:10528000EEFD0298006B0022D8490190F9F7F7FD76
:105290000298006B0022FF210190F9F714FE02989A
:1052A000006B002211460190F9F7F5FD0298006BA2
:1052B000002211460190F9F7FAFD0298006B0022D6
:1052C00001210190F9F7BFFD0298006B0022FF2138
:1052D0000190F9F718FD0020EEF783FE0190029887
:1052E000006B002200900199F9F7F1FC0298006B25
:1052F000002211460190F9F7FAFC0298006B002297
:1053000006210190F9F77BFD0298006B00221146FF
:105310000190F9F768FD0298006B00221146019098
:10532000F9F749FD0298006B002202210190F9F77C
:105330004EFD0298006B002211460190F9F777FDAF
:10534000029800680190F4F73DF9029948630298C9
:10535000406BA7A10190F4F7FFFE0298406B00217B
:105360000190F4F7B7FE0298406BD322BE21019062
:10537000F9F768FB0298406B1D2231210190F9F783
:105380008AFB0298406B01210190F5F733FC0298EB
:10539000406B002202210190F9F7E9FC0298406B72
:1053A0000022FF210190F9F7CAFC6FF07F40EEF771
:1053B00018FE01900298406B002200900199F9F7C5
:1053C000AEFC0298406B00220F210190F9F7C3FC5C
:1053D0000298406B00220A210190F9F71CFD6FF042
:1053E0007F40EEF7FEFD01900298406B0022009096
:1053F0000199F9F734FD0298406B00227D49019034
:10540000F9F73DFD0298406B0022FF210190F9F76A
:105410005AFD0298406B002211460190F9F73BFDBE
:105420000298406B002211460190F9F740FD029866
:10543000406B002202210190F9F705FD0298406BB4
:105440000022FF210190F9F75EFC0020EEF7C9FD74
:1054500001900298406B002200900199F9F737FC07
:105460000298406B002211460190F9F740FC029827
:10547000406B002206210190F9F7C1FC0298406BB5
:10548000002211460190F9F7AEFC0298406B002211
:1054900011460190F9F78FFC0298406B00221146EB
:1054A0000190F9F794FC0298406B0022114601909C
:1054B000F9F7BDFC029800680190F4F783F80299AF
:1054C00088630298806B4CA10190F4F745FE029826
:1054D000806B03210190F4F7FDFD0298806B6E2232
:1054E00000210190F9F7AEFA0298806B1522EF21A6
:1054F0000190F9F7D0FA0298806B002211460190D2
:10550000F9F735FC0298806B002211460190F9F7FB
:1055100082FC0020EEF765FD01900298806B00226E
:1055200000900199F9F79BFC0298806B00223149A9
:105530000190F9F7A4FC0298806B0022FF210190F2
:10554000F9F7C1FC0298806B002211460190F9F72F
:10555000A2FC0298806B002211460190F9F7A7FC8B
:105560000298806B002201210190F9F76CFC0298EF
:10557000806B0022FF210190F9F7C5FB2A48EEF766
:1055800030FD01900298806B002200900199F9F79C
:105590009EFB0298806B002211460190F9F7A7FB51
:1055A0000298806B002204210190F9F728FC0298F0
:1055B000806B002211460190F9F715FC0298806B70
:1055C000002211460190F9F7F6FB0298806B002249
:1055D00011460190F9F7FBFB0298806B00221146FF
:1055E000019023E030302E3030560000D4EA02081B
:1055F00030302500C01E030853686F72742070722B
:105600006F7465637421202053686F727420707208
:105610006573732074686520627574746F6E20748E
:105620006F20657869742E00911EF600F9F7FFFB74
:10563000029800680190F9F7FDFC0EBD70B50546B3
:105640002846EDF7A0F92846EDF79CF92846FEF725
:1056500013FF2C682046EFF703FA00BF70BD2DE959
:10566000F04F85B00446894617464FEA690004901A
:105670004FEA6900039009F0010010B90498401E38
:1056800004906000F4F7DCFF8346B846002631E062
:10569000601E38F8100000FB09F00090651E1FE046
:1056A000009A2BF815200021039A2A44A24203DA1B
:1056B000039A2A4438F81210009A521A0092049A57
:1056C000AA1A521E002A02D5B8F8000004E0049A73
:1056D000AA1A521E38F81200009A024400926D1E57
:1056E000002DDDDA620059464046F5F791F808EBE7
:1056F0004408761CA642CBDB4FF47F500290029800
:10570000B0FBF9F001904FF0000A15E037F81A00ED
:1057100000B90FE037F81A100298814203D10198BE
:1057200027F81A0005E037F81A0090FBF9F027F87F
:105730001A0000BF0AF1010A04FB04F05045E5D845
:10574000002542E007EB4508B8F8001001FB09F01E
:1057500000262AE0002801DA002300E083112BF85C
:105760001630039BF31A002B02DCB8F8001005E09A
:10577000039BF31A03FB045337F81310401A049BDE
:1057800033445B1CA34207DA049B33445B1C03FBDA
:10579000045337F8132004E0631E03FB045337F867
:1057A00013201044761C08EB4408A642D2DB07EB1A
:1057B0004508002606E03BF81610A8F80010761CF5
:1057C00008EB4408A642F6DB6D1CA542BADB58463E
:1057D000F4F7B2FF05B0BDE8F08F2DE9FF4F8BB0B5
:1057E0000D46144627460E983E1809A80B99EEF769
:1057F0002DF9204604EBD0714A100E991144491E30
:1058000004F0010282F00102891A09B2ADF82810F1
:1058100004EBD0714910491C09B2ADF826100B9861
:10582000EEF7A9F9BDF82810081A00B2ADF8240067
:105830000B98EEF742F9BDF82610084400B2ADF817
:105840002A00002309A903A80E9AF0F7A7FC012F4C
:1058500001D1012401E0781004B23046F4F7F0FEE3
:105860008146A846002002903BE031464846F5F7C5
:1058700088F903A8009033B2DDE9020C02B20021DE
:105880004846E0478346BBF1000F04D17100404613
:10589000F5F740F920E099F80010890191FBF4F147
:1058A000A8F80010012014E019F80020411E19F892
:1058B00001108A4205D1411E38F8111028F8101045
:1058C00006E019F80010890191FBF4F128F8101096
:1058D000401CB042E8DB00BF08EB46080298401CC1
:1058E00002900298B042C0DB4846F4F725FF03A8B7
:1058F000F0F7B8F8012C0FD12946002005E035F863
:105900001020C2F387120A54401C06FB06F28242A2
:10591000F5DC0FB0BDE8F08F2A46214630B2FFF724
:105920009EFE07F00100204404B2012C27DD4FF455
:105930007F5090FBF4F000904FF0000B15E035F82D
:105940001B0000B90FE035F81B00FF2803D10098B9
:1059500025F81B0006E035F81B00800190FBF4F0F1
:1059600025F81B0000BF0BF1010B06FB06F05845A4
:10597000E5D82A46214630B2FFF771FE00BF0195F7
:105980004FF0000A06E015F81A10019800F80A1006
:105990000AF1010A06FB06F05045F4DC00BFB8E747
:1059A00070B598B006460C4615460AA8F0F70CFDEF
:1059B00000BFFF2211461046EEF728FB0090BDF80D
:1059C000001008460190BDF80400ADF82C002246F6
:1059D0000AA93046F0F7DCFC02A8EFF773FC0020C0
:1059E0002B46224602A900903046EFF7B3F818B0D4
:1059F00070BD0021017041708170C17001714171F1
:105A000081710121C1717047026861F386120260E1
:105A10007047C1607047426861F34102426070475D
:105A20000246002093680B4003B900E00120704754
:105A3000C26922F40062C2610A7862B9026822F483
:105A400000420260026822F480420260026822F48E
:105A50008062026036E00A78012A0ED1026822F4E0
:105A600000420260026822F480420260026822F46E
:105A7000806202F58062026024E00A78022A0ED178
:105A8000026822F4004202F500420260026822F439
:105A900080420260026822F48062026012E00A78AA
:105AA000032A0FD1026822F4004202F5004202608C
:105AB000026822F4804202F580420260026822F409
:105AC00080620260CB79026863F3492202604A78FF
:105AD000012A09D1CA79012A06D1026822F480720A
:105AE00002F58072026003E0026822F480720260B4
:105AF0004B78026863F3820202608A78072A0BDD22
:105B0000426822F4807202F5807242608A780368EB
:105B100062F3C503036008E0426822F480724260C9
:105B20008B78026863F3C5020260CB78026863F386
:105B3000C71202600B79026863F3CB2202604B79D3
:105B4000026863F3410202608B79026863F300022A
:105B5000026070471FB5FE4890F8200000F0010079
:105B600040B1FC48EEF728FA0190FB48BDF804105C
:105B7000018008E004211220F9F7AEFA0290F648FD
:105B8000BDF808100180F24890F8200000F00100F4
:105B900048B105211220F9F79FFA0190EF48BDF8AE
:105BA0000410018008E004211220F9F76BFA02903A
:105BB000EA48BDF808100180E54890F8200000F0A0
:105BC000010040B1E648EEF7F7F90190E548BDF86D
:105BD0000410018006E0EEF72AFD0290E148BDF8CE
:105BE00008100180DA4890F8200000F0010040B170
:105BF000DD48EEF7E1F90190DC48BDF804100180C2
:105C000008E002211220F9F767FA0290D748BDF8A0
:105C100008100180D6480068D03000F063FED448F8
:105C20000068D83000F05EFE002046215023D14AA3
:105C3000CDE90010D049D148FAF716FB00200090BA
:105C40005023CC4ACC490190CD48FAF70DFBCB4903
:105C5000C7480068D030FAF7F2FAC949C44800686A
:105C6000D830FAF7ECFAC2480068083000F03AFE83
:105C7000B74890F8200000F0010028B1022112205E
:105C8000F9F700FA039003E01220F9F751FA0390B4
:105C9000B748039900680830FAF7ADF847F6FF7186
:105CA000B34800680830FAF756FAA948C0680721D7
:105CB0000190EEF7E0FC01460290AD480068083024
:105CC000FAF73EF9A248C06805210190EEF7D3FC2F
:105CD00001460290A64800680830FAF7BAFA662131
:105CE000A34800680830FAF7A0F8A549A048006862
:105CF0000830FAF7A4FA9E480068103000F0F2FD70
:105D0000FF219B4800681030FAF78FF89848006828
:105D100000F0E8FDFF2196480068FAF786F88E4803
:105D200000880146029092480068FAF764F88B48B0
:105D30000088014602908E480068FAF755FA9148AB
:105D40000078012806D18248C0680E210190EEF744
:105D500092FC10E08B480078022806D17C48C0688D
:105D60000C210190EEF787FC05E07948C0680A2114
:105D70000190EEF780FC014602907D480068FAF73A
:105D80001BF980480078012806D17148C0680E21AF
:105D90000190EEF770FC10E07A480078022806D1F6
:105DA0006B48C0680C210190EEF765FC05E068487F
:105DB000C0680A210190EEF75EFC014602906C4833
:105DC0000068FAF7DBF86A480068183000F08AFDCE
:105DD0006C480078012806D15D48C0680C2101900C
:105DE000EEF749FC05E05A48C06808210190EEF73B
:105DF00042FC014602905E4800681830FAF7ABF9A1
:105E0000FF215B4800681830FAF70FF85548008802
:105E100001460290564800681830F9F7ECFF5348E5
:105E2000008801460290524800681830FAF707F8D7
:105E30004748C06802210190EEF71DFC0146029020
:105E40004B4800681830FAF711F8012148480068FB
:105E50001830FAF701F8414800880146029044489A
:105E600000681830FAF7C0F946480078012806D1D2
:105E70003748C06818210190EEF7FDFB10E041485B
:105E80000078022806D13248C06814210190EEF74C
:105E9000F2FB05E02E48C06810210190EEF7EBFB05
:105EA00001460290324800681830FAF749F8354840
:105EB0000078012806D12648C0680E210190EEF72F
:105EC000DAFB10E02F480078022806D12048C0688D
:105ED0000C210190EEF7CFFB05E01D48C0680A21B8
:105EE0000190EEF7C8FB0146029021480068183087
:105EF000FAF762F823480078012806D11448C068F0
:105F00000E210190EEF7B7FB10E01E480078022842
:105F100006D10F48C0680C210190EEF7ACFB05E0FC
:105F20000B48C0680A210190EEF7A5FB01460290DC
:105F30000F4800681830FAF721F81220F9F7F8F83E
:105F4000014602900A4800681830F9F7B7FF1BE0D5
:105F5000E06500201A1715008A0200208C0200203C
:105F6000302B28008E02002037322F0090020020B4
:105F700084020020A93801088C8F020804660020E2
:105F80001866002088020020F948C06801210190AD
:105F9000EEF771FB01460290F64800681830F9F7F9
:105FA0009AFFF4480068A03000F09CFCF0480169BA
:105FB000F0480068A030F9F798FFED48C068032169
:105FC0000190EEF758FB01460290EA480068A030C5
:105FD000F9F7ACFFE648C06803210190EEF74BFBF0
:105FE00001460290E3480068A030F9F795FF7F2151
:105FF000E0480068A030F9F785FFDE480068A83067
:1060000000F070FCDA48408A01460290D9480068E6
:10601000A830F9F76AFFD648C06803210190EEF76F
:106020002AFB01460290D3480068A830F9F77EFFAA
:106030007F21D0480068A830F9F764FFCD48006898
:10604000203000F04FFCCC480078012806D1C84829
:10605000C06810210190EEF70EFB10E0C6480078F2
:10606000022806D1C248C0680C210190EEF703FB5C
:1060700005E0BF48C06808210190EEF7FCFA014630
:106080000290BC4800682030FAF765F8FF21B94853
:1060900000682030F9F7C9FEB84800880146029030
:1060A000B44800682030F9F7A6FEB14890F8200007
:1060B00000F00100E8BB1220F9F73AF8014602901F
:1060C000AC4800682030FAF750F80020EEF722FCC8
:1060D00000EB40005030A02190FBF1F0012809DDD9
:1060E0000020EEF717FC00EB40005030A02190FBA1
:1060F000F1F000E0012000B2014602909D480068E6
:106100002030FAF75DF87F219A4800682030FAF7CE
:1061100043F80020EEF7FEFB502101EB8000A021A8
:1061200090FBF1F001280BDD0020EEF7F3FB50218E
:1061300000E015E001EB8000A02190FBF1F000E011
:10614000012000B201908A48C06800900199EEF7E2
:1061500092FA01460290874800682030FAF712F858
:106160008748008801460290824800682030FAF78C
:106170003BF880480068203001907F480078012873
:1061800006D17B48C06818210090EEF774FA10E041
:1061900079480078022806D17548C068142100901B
:1061A000EEF769FA05E07248C06810210090EEF73A
:1061B00062FA0290DDE90101F9F7EAFEDDE9010189
:1061C000F9F7F0FE00BF6B480068203001906A4884
:1061D0000078012806D16648C0680E210090EEF7CD
:1061E0004AFA10E064480078022806D16048C06886
:1061F0000C210090EEF73FFA05E05D48C0680A21E7
:106200000090EEF738FA0290DDE90101F9F7DEFEC1
:10621000DDE90101F9F7A8FE00BF5548C068052176
:106220000190EEF728FA01460290524800682030AB
:10623000F9F7A4FE4E48C06805210190EEF71BFA5D
:10624000014602904B4800682030F9F7B5FE4D49F1
:106250004D48EDF79AFE4D494D48EDF796FE4548FD
:106260000068583000F03EFB47494248006858300B
:10627000F9F710FE23213F4800685830F9F714FE63
:106280003C480068603000F02DFB41493948006807
:106290006030F9F7FFFD7F21364800686030F9F77C
:1062A00003FE34480068C03000F01CFB0121314877
:1062B0000068C030F9F7E4FD01212E480068C030C5
:1062C000F9F7CAFD2B480068803000F00BFB2A4824
:1062D0000078012806D12648C06818210190EEF701
:1062E000CAF910E024480078022806D12048C06886
:1062F00014210190EEF7BFF905E01D48C068102198
:106300000190EEF7B8F9014602901A480068803013
:10631000F9F716FE18480078012806D11448C0681D
:1063200018210190EEF7A7F910E013480078022831
:1063300006D10F48C06814210190EEF79CF905E0E2
:106340000B48C06810210190EEF795F901460290C4
:10635000084800688030F9F72FFE074800780128C8
:1063600018D10348C06818210190EEF784F922E0A3
:10637000E0650020840200208802002090020020B6
:106380008C020020F5B80008940200205D1F01086F
:106390009C020020FE480078022806D1FD48C06813
:1063A00014210190EEF767F905E0FA48C068102162
:1063B0000190EEF760F901460290F74800688030DE
:1063C000F9F7DCFDF4480068783000F08BFAF0480B
:1063D0000078012806D1EF48C0680E210190EEF741
:1063E0004AF910E0EA480078022806D1E948C06876
:1063F0000C210190EEF73FF905E0E648C0680A215C
:106400000190EEF738F901460290E34800687830D1
:10641000F9F796FDE048006878300190DC48007894
:10642000012806D1DB48C0680E210090EEF723F961
:1064300010E0D7480078022806D1D648C0680C2161
:106440000090EEF718F905E0D248C0680A210090E4
:10645000EEF711F90290DDE90101F9F7ADFDDDE993
:106460000101F9F78BFD00BFCB480068883000F0D0
:1064700039FAC848C0680A210190EEF7FCF80146D5
:106480000290C54800688830F9F796FDC148C06899
:106490000A210190EEF7EFF801460290BE4800682D
:1064A0008830F9F76BFDBC480068903000F01AFAAC
:1064B000B848C06814210190EEF7DDF8014602905B
:1064C000B54800689030F9F79CFEB34800689830F2
:1064D00000F008FA0221B04800689830F9F77AFE17
:1064E000AD480068683000F0FDF90021AA48006856
:1064F0006830F9F725FD0021A74800686830F9F7F2
:106500005BFD0021A44800686830F9F737FDA24818
:106510000068703000F0E6F99D480078012806D147
:106520009C48C06808210190EEF7A5F810E0984853
:106530000078022806D19748C06806210190EEF73E
:106540009AF805E09348C06802210190EEF793F8AD
:1065500001460290904800687030F9F7F1FC8C48D1
:106560000078012806D18B48C06808210190EEF719
:1065700082F810E086480078022806D18548C06875
:1065800006210190EEF777F805E08248C068022105
:106590000190EEF770F8014602907F480068703075
:1065A000F9F70AFD7A480078012806D17948C068D1
:1065B00008210190EEF75FF810E075480078022896
:1065C00006D17448C06806210190EEF754F805E042
:1065D0007048C06802210190EEF74DF80146029024
:1065E0006D4800687030F9F7C9FC6B4800682830C6
:1065F00000F078F967480169674800682830F9F7C2
:10660000FAFBEEF714F80146029063480068283060
:10661000F9F7EAFDFF21604800682830F9F705FC2A
:106620005D480068303000F05DF95A4801695A4809
:1066300000683030F9F7DFFB5648016956480068BA
:106640003030F9F7D1FD3321534800683030F9F785
:10665000ECFB51480068383000F044F94D48408A5E
:10666000014602904C4800683830F9F7C4FBEDF75A
:10667000DEFF01460290484800683830F9F7B4FD63
:10668000FF21454800683830F9F7CFFB42480068E1
:10669000403000F027F93F48408A014602903E48CA
:1066A00000684030F9F7A7FB3A48408A014602905B
:1066B000394800684030F9F797FD332136480068C3
:1066C0004030F9F7B2FB34480068483000F00AF96E
:1066D00032480088014602902F4800684830F9F798
:1066E0008AFBFF212C4800684830F9F79EFB2C48B4
:1066F000008801460290284800684830F9F774FD88
:1067000025480068503000F0EDF826480088014622
:106710000290214800685030F9F76DFBFF211E48B8
:1067200000685030F9F781FB1D480088014602904F
:10673000194800685030F9F757FD17480068B03025
:1067400000F0D0F847F6FF7113480068B030F9F751
:1067500002FD11480068B83000F0C4F800210E486E
:106760000068B830F9F7F7FC0B480068C83000F053
:10677000B9F80848C06803210190EDF77CFF014695
:10678000029005480068C830F9F74FFD01480BE05A
:1067900088020020E0650020840200209002002092
:1067A0008C0200208E020020C06803210190EDF7CA
:1067B00062FF0146029049480068C830F9F72BFD96
:1067C00046480068F03000F08DF8454801694348BC
:1067D0000068F030F9F70FFBFF2140480068F03007
:1067E000F9F723FB3E48C06806210190EDF743FF0F
:1067F0000146029039480068F030F9F7A1FB47F6EE
:10680000FF7136480068F030F9F7A5FC334800689E
:10681000E03000F067F8C82130480068E030F9F750
:10682000E0FA2E480068E83000F05CF878212B4848
:106830000068E830F9F7D5FA2848006800F580705C
:1068400000F050F8FF212548006800F58070F9F746
:10685000ECFAEDF7ECFE014602902048006800F5E6
:106860008070F9F7C8FA1220F8F762FC014602902E
:106870001A48006800F58070F9F7CAFA47F6FF7108
:106880001648006800F58070F9F765FC1448C06888
:106890000F210190EDF7EFFE014602900F480068CE
:1068A00000F58070F9F78CFCEDF7C1FE014602900F
:1068B0000A48006800F58070F9F757FC0848C0687E
:1068C00005210190EDF7D7FE0146029003480068CC
:1068D00000F58070F9F76AFC1FBD000084020020FB
:1068E000E065002010B504460548007818B1204640
:1068F000F9F75FFA02E02046F9F7D0F810BD000082
:10690000920200202DE9F0470026002400250027F0
:10691000A046A146E4F7CCFF8246BAF1000F06D0AC
:10692000BAF1010F15D0BAF1020F46D115E02D488A
:10693000406DC0F3402040B12A48006BC0F3406076
:1069400018B129482949086002E029482749086008
:1069500037E027482549086033E022484068C0F303
:10696000004720484068C0F383441E484068C0F395
:1069700041750DB90F2C03D12801401C044400E0DF
:10698000A41C27B91B4860431849086014E0154847
:106990004068C0F3404058B11248406DC0F3013622
:1069A000B01C1349B1FBF0F060431049086003E0EC
:1069B0000F4860430D49086003E00D480B4908602B
:1069C00000BF00BF07484068C0F303180A4810F82A
:1069D00008900648006820FA09F004490860BDE8FC
:1069E000F087000000100240006CDC0288010020EB
:1069F00000127A0000093D00108E0208042808D118
:106A00004FF0E021096941F004014FF0E0221161EB
:106A100007E04FF0E021096921F004014FF0E02286
:106A20001161704770B505460C462046F5F736FAF9
:106A3000A8B900221F4801682046F4F73EF94FF438
:106A400080321C48016808312046F4F736F91A4AAA
:106A50001848016810312046F4F72FF970BD174926
:106A60002046F4F7FFFAB0B100221248016818314D
:106A70002046F4F722F94FF480320E4801680831BD
:106A80002046F4F71AF90C4A0A48016810312046EA
:106A9000F4F713F90CE00A492046F4F7E3FA38B1A9
:106AA00000220448016801F580712046F4F705F9D9
:106AB00000BFD3E78402002040000100208E0208BE
:106AC000A48F020870B572B607480688074800F020
:106AD00099F8054662B643F69820704300EB95049A
:106AE00003480460204670BD02000020000C0040F6
:106AF000100100200146C843401C01EA0002B2FA1E
:106B000082F0C0F12003581E7047014621B1B1FA4E
:106B100081F0C0F1200000E000200246501E7047C6
:106B2000C1628262436923F001035B1C43617047C9
:106B300010B50B46072B28D2DFE803F004090E132B
:106B4000181D2200046A62F3000404621EE0046A55
:106B500062F38204046219E0046A62F304140462BA
:106B600014E0046A62F3861404620FE0046A62F3BC
:106B7000082404620AE0046A62F38A24046205E0DD
:106B8000046A62F30C34046200E000BF00BF10BD71
:106B900010B5024600200B4633B1022B06D0042B61
:106BA00006D0062B08D105E0506B06E0906B04E0A0
:106BB000D06B02E0106C00E000BF00BF10BD0B46C0
:106BC00033B1022B06D0042B06D0062B08D105E0EA
:106BD000426306E0826304E0C26302E0026400E014
:106BE00000BF00BF7047026861F30922026070476E
:106BF000026861F3061202607047026861F30002E6
:106C0000026070470146486A7047CA430261704794
:106C1000012A03D1C3680B43C36003E012B9C36800
:106C20008B43C36070470246002013690B4023B1B9
:106C3000D3680B400BB1012000E00020704710B575
:106C40000B4633B1022B09D0042B0CD0062B14D1E8
:106C50000EE0846962F3C30484610FE0846962F327
:106C6000CB2484610AE0C46962F3C304C46105E013
:106C7000C46962F3CB24C46100E000BF00BF10BD53
:106C80002DE9F04100250026002701F108035C1CD6
:106C900092F801C00CFA03FC1FFA8CF592F802C0BE
:106CA0000CFA04FC1FFA8CF6D0F804C04FF001086F
:106CB00008FA04F82CEA080CC0F804C0D0F804C0A4
:106CC0004CEA060CC0F804C0D0F804C04FF001082C
:106CD00008FA03F82CEA080CC0F804C0D0F804C085
:106CE0004CEA050CC0F804C00F4637B1022F0DD096
:106CF000042F14D0062F24D11AE092F80080D0F887
:106D000018C068F3061CC0F818C01BE092F8008099
:106D1000D0F818C068F30E3CC0F818C012E092F822
:106D20000080D0F81CC068F3061CC0F81CC009E045
:106D300092F80080D0F81CC068F30E3CC0F81CC06C
:106D400000E000BF00BF4FF0010C0CEB41034FF01F
:106D5000030C0CEB410492F803C00CFA03FC1FFA7D
:106D60008CF592F804C00CFA04FC1FFA8CF64FF074
:106D7000010808FA04F8D0F820C02CEA080CC0F882
:106D800020C0D0F820C04CEA060CC0F820C04FF05C
:106D9000010C0CFA03FCD0F8208028EA0C08C0F89B
:106DA0002080D0F820C04CEA050CC0F820C04B0071
:106DB0004FF0020C0CEB410492F805C04FEA410879
:106DC0000CFA08FC1FFA8CF592F806C04FF0020886
:106DD00008EB41080CFA08FC1FFA8CF64FF001088A
:106DE00008FA04F8D0F820C02CEA080CC0F820C03B
:106DF000D0F820C04CEA060CC0F820C04FF00108C3
:106E000008FA03F8D0F820C02CEA080CC0F820C01B
:106E1000D0F820C04CEA050CC0F820C0BDE8F081D5
:106E200010B50B4633B1022B09D0042B0CD0062B26
:106E300014D10EE0846962F3820484610FE08469F6
:106E400062F38A2484610AE0C46962F38204C46143
:106E500005E0C46962F38A24C46100E000BF00BF9A
:106E600010BD026861F3C71202607047426861F3A7
:106E7000061242607047826861F3C71282607047F1
:106E80002DE9FE4380460D46444627680026B1E0C2
:106E9000F86800EBC6004068C0F3406040B1F86895
:106EA00000EBC600406820F07F40A168884200D017
:106EB0009FE0A088442847D00EDC33281BD006DC96
:106EC00020283DD022283CD0302856D13AE0342822
:106ED00012D0362851D138E062281FD006DC47286E
:106EE00034D055282FD0572847D10FE067280CD031
:106EF000682842D101E000BF00BFFF2D02DAE06840
:106F0000029001E02069029048E000BFFF2D02DA04
:106F1000E068029001E0206902903FE0E06810B96B
:106F2000206902900BE0206910B9E068029006E049
:106F3000802D02DAE068029001E0206902902DE0E5
:106F400000BF00BF00BF00BF00BF00BF002D03DCBB
:106F5000A089ADF808000FE0FF2D03DB208AADF813
:106F6000080009E0EAB2D4E90310EDF703F9009054
:106F7000BDF80000ADF8080010E015B9E068029017
:106F80000BE0FF2D02D12069029006E0D4E9031046
:106F9000401A684301EB2020029000BF00BF4FF071
:106FA0000109FA6852F83600A18801AAF8F772FCC4
:106FB00078B1DDE9011088420BD1BDF80800BDF8B9
:106FC0000410884205D1DDE90110884201D14FF05B
:106FD0000009FA6852F83600A188029AF9F700F819
:106FE000B9F1000F04D0A288A1682068F7F782F9F0
:106FF00006E0761C788CC0F30510B0423FF648AF2F
:1070000000BFBDE8FE8300002DE9F05F8146D9F89E
:1070100000402568B4F804A04FF0000B2D48E0F7BD
:1070200020FC064615E0A6420ED030682168884252
:107030000AD1B068A168884206D1B088A188884288
:1070400002D14FF0010B06E031462248E0F70FFC79
:107050000646002EE7D100BFBBF1000F38D1002754
:107060002FE0E86800EBC7004068C0F3406038B329
:10707000E86800EBC700406820F07F40A1688842C4
:107080001ED121461348E0F793FC2046F3F76CFB32
:10709000E86800EBC7085146D8F80000F8F706FE8C
:1070A000E96851F83700F8F700FD40B1D8F804005E
:1070B00020F07F422846D8F80010F7F7FDF905E0E8
:1070C0007F1C688CC0F30510B842CAD800BF00BF4F
:1070D000BDE8F09F806600202DE9F04105462C6850
:1070E000A068F7F768FF8046A28841462068F5F758
:1070F000C3FEE060A6880020A080234632464146B9
:10710000206800F00DF8A680A1682068EAF7DEFD8F
:107110000746A1883868E268F8F762FFBDE8F081A9
:107120002DE9F05F05460E4690469A464FF0000B5B
:107130002848E0F7A9FB044646E0544500D145E065
:1071400021462448E0F79AFB81462068A8423AD1BC
:10715000A068B04202D0B6F5702F34D1A088404567
:1071600003D04FF6FF7080452DD1002718E0E86866
:1071700000EBC7004068C0F3406080B1B6F5702FE7
:1071800007D0E86800EBC700406820F07F40B042BD
:1071900005D1EA6852F83700A188F8F787FD7F1C0F
:1071A000688CC0F30510B842E1D800212046ECF706
:1071B000F1FA21460748E0F7FBFB2046F3F7D4FA43
:1071C0004FF0010B00BF4C46002CB6D100BF584613
:1071D000BDE8F09F806600202DE9FC4704460F467D
:1071E00090464FF000096E2249462046F5F744FECE
:1071F0000090009800B2054600BF6D224946204627
:10720000F5F73AFE0090009800B2064625B9B6F5AB
:10721000807F01D1BDE8FC874FF000096F2249460D
:107220002046F5F729FE0090009800B2ADF8040062
:1072300000BF702249462046F5F71EFE00900098D8
:1072400000B2ADF80600BDF8040000F4C040B0F58F
:10725000005F01D1012000E0002040B1BDF9040031
:1072600020F4C040B0F5FA6F01DC012000E00020FE
:10727000E0B104F11400ECF754FCBDF9041021F462
:10728000C041B1F57A7F06DDBDF9041021F4C0419B
:10729000C1F57A7103E0BDF9041021F4C0414843FF
:1072A000642190FBF1F000B2ADF80400BDF80600D7
:1072B00000F4C040B0F5005F01D1012000E00020E3
:1072C00040B1BDF9060020F4C040B0F5FA6F01DC12
:1072D000012000E00020E0B104F11400ECF7D1FB44
:1072E000BDF9061021F4C041B1F57A7F06DDBDF984
:1072F000061021F4C041C1F57A7103E0BDF9061012
:1073000021F4C0414843642190FBF1F000B2ADF894
:107310000600A08ABDF80410084400B2ADF80400CD
:10732000E08ABDF80610084400B2ADF80600B8F1D6
:10733000000F06D0684205B24FF4803090FBF6F0A3
:1073400006B201AB324629463846F7F709FF00BFBF
:1073500060E770B5049CC56945B98569B5F5807F5E
:1073600004D10D021D601502256070BDB0F92850D2
:10737000491BB0F92A50521BC56955B98669056A7F
:1073800001FB06551D608669456A02FB06552560AE
:107390002CE08569B5F5807F12D145694D430669BA
:1073A00006FB1255066A06EBA5051D6005694D43EF
:1073B000466906FB0255466A06EBA505256015E001
:1073C00045694D43066906FB125586697543066A91
:1073D00006EBA5251D6005694D43466906FB025570
:1073E00086697543466A06EBA525256000BFBCE7A4
:1073F00010B5044604B910BD0BE000BF80210B4856
:1074000000F0C4F80028F9D02178084800F0A2F86C
:10741000641C20780028F0D100BF4021034800F010
:10742000B5F80028F9D000BFE5E7000000380140BA
:10743000024610880B88C01A70470000344909883A
:107440000180344909884180334909888180334962
:1074500091ED000ADFED320A20EE200ABCEEC00AF0
:1074600010EE101AC1802F4991ED000ADFED2C0AB1
:1074700020EE200ABCEEC00A10EE101A01812A4943
:1074800091ED000ADFED260A20EE200ABCEEC00ACC
:1074900010EE101A4181254991ED000ADFED200A16
:1074A00020EE200ABCEEC00A10EE101A818120499D
:1074B00091ED000ADFED1A0A20EE200ABCEEC00AA8
:1074C00010EE101AC1811B4991ED000ADFED140A7C
:1074D00020EE200ABCEEC00A10EE101A01821649F6
:1074E00009784182154991ED000ADFED0D0A20EE81
:1074F000200ABCEEC00A10EE101A818210490988D9
:10750000C1821049098801830F4909884183704766
:10751000D6000020D8000020DA000020DC00002087
:1075200000007A44E0000020E4000020E800002091
:10753000EC000020F400002004000020F0000020F7
:1075400006010020080100200A01002001464868C9
:1075500080B27047C1F3080242607047426961F32C
:10756000861242617047426961F3C71242617047F7
:10757000C26861F34D32C260704701F01F0212B160
:107580000268426801E0CA43026070470246106820
:10759000084008B1012070470020FCE741B942696A
:1075A00022F480724261426922F40072426127E053
:1075B00001290AD1426922F4807202F58072426187
:1075C000426922F4007242611AE002290AD142693A
:1075D00022F480724261426922F4007202F5007264
:1075E00042610DE003290BD1426922F4807202F559
:1075F00080724261426922F4007202F500724261B7
:10760000704700002DE9F04385B004460F469046D0
:1076100099466846E3F7DCFF1748844205D01748CF
:10762000844202D01648844201D1029E00E0039EAB
:1076300006EB86004000B0FBF7F50A20B5FBF0F141
:1076400000FB1150052803D20A20B5FBF0F503E03A
:107650000A20B5FBF0F0451CA06865F30F00A060A0
:10766000E06868F30C30E060206969F30D30206158
:1076700005B0BDE8F0830000003801400060014023
:107680000064014030B5012A0BD100EB11431B68A7
:1076900001F01F050124AC40234300EB114423609B
:1076A0000AE000EB11431B6801F01F050124AC4008
:1076B000A34300EB1144236030BD41B9C26822F4FA
:1076C0000072C260C26822F48062C2601AE00129BE
:1076D0000AD1C26822F40072C260C26822F48062D9
:1076E00002F58062C2600DE002290BD1C26822F46B
:1076F000007202F50072C260C26822F4806202F574
:107700008062C260704700002DE9F04F2DED028BC2
:1077100085B0064689460025374606EB090A3078CB
:10772000232845D17078232842D1002100220FE080
:10773000931CF05C302809DB392807DCA0F130030A
:1077400001EB810403EB4401521C00E001E000BFA7
:10775000EEE700BF99B90023FC4843710020FB4BC2
:1077600018710023F948C0F81C38C0F820380020F0
:10777000F74B188005B0BDEC028BBDE8F08F0123FC
:10778000F248437101810023C380A0F81438F14B03
:10779000C0F81838F0480368EC48C0F81C38EE48C8
:1077A0000368EA48C0F820380020E84B1871E1E788
:1077B000E6480079012847D1E7480168E348C0F866
:1077C0001C18B9F1680F01DA0020D3E796F86500BC
:1077D00096F8641040EA0124DC48C088A04232D107
:1077E0004FF00008002004E0315C41441FFA81F8AA
:1077F000401C6428F8DB96F8670096F8661040EAAB
:10780000012BD8451ED10220D04908713046FBF724
:1078100043F94FF48071D148DDF72AFD0020CC49AF
:107820000880CD480168C948C0F82418CA480168D2
:10783000C648C0F81C18C8480168C448C0F82018D9
:10784000002097E700BF00BF57456FD2C4A138465C
:10785000DDF719FD8346BBF1000F01D1284689E70A
:107860003D213846DDF72DFD8046B8F1000F7DD073
:10787000D8457BD2002414216846DDF7F9FCA8EB3B
:10788000070239466846DDF710FD0A22002108F19B
:107890000100DDF752FD84B2B2A16846DDF722FD9A
:1078A000A8B940F6C41084420EDB48F6A0408442DA
:1078B0000ADCAF4804800120AE490870FCF778FA72
:1078C000E9F7C6F9E1F750FF681CC5B224E2AAA1A6
:1078D0006846DDF707FDA0B9B4F5967F0EDB41F2EF
:1078E000707084420ADCA74804800220A149087015
:1078F000FCF75EFAE9F7ACF9E1F736FF681CC5B2B0
:107900000AE2A1A16846DDF7EDFC80B9012C0ADB93
:10791000782C08DC9F480480032096490870E9F71A
:1079200097F9E1F721FF681CC5B2F5E1F6E19AA1EC
:107930006846DDF7D7FCE0BB00EE104AF8EE400ADF
:107940009748008800EE100AB8EE401A80EE810ACF
:107950009448D0ED000A20EE200ADFED930A20EED5
:10796000200AB0EE408A9148408A00E0D5E100EE5E
:10797000100AB8EE400AB4EEC80AF1EE10FA23D8A5
:107980008A48808A00EE100AB8EE400AB4EEC80AAF
:10799000F1EE10FA18DB00EE104AF8EE400A8048CB
:1079A000008800EE100AB8EE401A80EE810A7D4889
:1079B00000E00CE0D0ED000A20EE200A80ED000A85
:1079C000E9F746F9E1F7D0FE681CC5B2A4E178A159
:1079D0006846DDF787FCE8BB00EE104AF8EE400A87
:1079E0007549098800EE101AB8EE401A80EE810A37
:1079F0007249D1ED000A20EE200ADFED6B0A20EE7D
:107A0000200ABDEEC00A10EE100A6849098B8142B7
:107A10001DDC6649498B814219DB00EE104AF8EE05
:107A2000400A6549098800EE101AB8EE401A80EE47
:107A3000810A6249D1ED000A20EE200A81ED000A98
:107A40005F490C8001215F4A11705F4A1170691C07
:107A5000CDB261E1FFE75DA16846DDF743FCC8B93F
:107A600000EE104AF8EE400A5A48008800EE100A6C
:107A7000B8EE400A80EE801A574890ED000A21EED9
:107A8000000A80ED000AE9F7E3F8E1F76DFE681CF3
:107A9000C5B241E151A16846DDF724FC50B934B9C3
:107AA000504804800120474908704F490870681CFD
:107AB000C5B231E14DA16846DDF714FCF0BB00EE24
:107AC000104AF8EE400A4B48008800EE100AB8EE63
:107AD000401A80EE810A4848D0ED000A20EE200AC4
:107AE000DFED310A20EE200AB0EE408A2F48808C6C
:107AF00000EE100AB8EE400AB4EEC80AF1EE10FA31
:107B000021D82A48C08C00EE100AB8EE400AB4EE24
:107B1000C80AF1EE10FA16DB00EE104AF8EE400A41
:107B20003448008800EE100AB8EE401A80EE810A50
:107B30003148D0ED000A20EE200A00E05EE080ED42
:107B4000000AE1F711FE681CC5B2E5E0240400203C
:107B50000C01002000080808100100204C0C002037
:107B60000D0A00005345545F564F55540000000065
:107B7000D6000020D50000205345545F494F55548E
:107B800000000000D80000205345545F504F55546A
:107B900000000000DA00002041542B3100000000FA
:107BA0009A000020DC00002000007A44B801002088
:107BB00041542B320000000096000020E00000201D
:107BC000980000200F0000201400002041542B33A7
:107BD00000000000A4000020E400002041542B34E9
:107BE00000000000A00000201500002041542B35AB
:107BF000000000009C000020E800002048A168462A
:107C0000DDF770FB50B9012C02D101204749087003
:107C1000012047490870681CC5B27DE045A168464F
:107C2000DDF760FB50B9012C02D1012044490870F6
:107C300001203F490870681CC5B26DE041A168464B
:107C4000DDF750FB50B9012C02D101203F490870EB
:107C5000012037490870681CC5B25DE03CA1684648
:107C6000DDF740FB50B9012C02D101203A490870E0
:107C700001202F490870681CC5B24DE037A1684645
:107C8000DDF730FB50B9012C02D1012036490870D4
:107C9000012027490870681CC5B23DE033A1684641
:107CA000DDF720FB78B9012C03D101203149088090
:107CB00003E014B900202F49088001201C490870F6
:107CC000681CC5B228E02CA16846DDF70BFB78B92B
:107CD000012C03D101202B49088003E014B90020B6
:107CE00028490880012012490870681CC5B213E0B9
:107CF00025A16846DDF7F6FA70B9012C03D1012001
:107D00002449088003E014B900202249088001209A
:107D100007490870681CC5B200BF00BF284629E5A6
:107D2000504F5745525F4F50454E00001000002005
:107D30000F000020504F5745525F434C4F534500B2
:107D4000110000205345545F4343000012000020FF
:107D50005345545F4F43000013000020424C455FE1
:107D6000524541440000000094000020414C4C4F1B
:107D700057000000060100206C65645F616C6C6F49
:107D80007700000008010020626565705F616C6C1F
:107D90006F7700000A010020C26861F38202C260AE
:107DA0007047C26861F3C302C260704710B5042017
:107DB000084908700020084908700849886908A126
:107DC000F2F7CAF907480088DEF7E6F9F9F73EF955
:107DD00010BD0000D500002004000020600300203A
:107DE00043430000D800002010B504200849087063
:107DF0000120084908700849886908A1F2F7ACF920
:107E000041F27070DEF7C8F9F9F720F910BD0000F3
:107E1000D500002004000020600300204F43000034
:107E20004AF6AA200149086070470000003000406F
:107E300010B541F62C70E0F7A5FD4FF4FA50E0F7CD
:107E4000A7FD41F65470E0F7A9FD01210220E0F7FB
:107E500081FD10BD0EB501A8E9F79EFF03208DF846
:107E60000A000120019001A94E48E9F7F3FF032021
:107E70008DF80A000220019001A94A48E9F7EAFFBB
:107E800003208DF80A001020019001A94548E9F768
:107E9000E1FF03208DF80A002020019001A941484C
:107EA000E9F7D8FF03208DF80A000120019001A90D
:107EB0003D48E9F7CFFF03208DF80A00022001902A
:107EC00001A93948E9F7C6FF0220E3F70FFB0120BB
:107ED000E1F744F80020E0F7B5FF6846E0F77AFDE7
:107EE00001208DF8000000208DF801008DF80200BF
:107EF00007208DF8030069462C48E0F755FD07235D
:107F0000012200212948E0F7B1FF072302220121C5
:107F10002648E0F7ABFF0723032204212348E0F7BC
:107F2000A5FF0723042205212048E0F79FFF022335
:107F3000052208211D48E0F799FF072306220921A1
:107F40001A48E0F793FF07231A4610211748E0F775
:107F50008DFF012207211548E0F7DCFF00211348BF
:107F6000E0F7F2FF01211148E0F776FF01210F4809
:107F7000E0F777FF0D48E0F734FD00BF0B48E0F76E
:107F800036FD0028FAD10948E0F73AFD00BF07485E
:107F9000E0F73CFD0028FAD101210448E0F7D9FFC1
:107FA0000EBD000000080140000C0140002401400B
:107FB00010B501210148E9F7ABFF10BD02031030F5
:107FC00010B504460EE0322C05D94CF2503000F0CA
:107FD00033F8323C06E04FF47A7104FB01F000F014
:107FE0002BF80024002CEED110BDF0B500B9F0BD87
:107FF00000EB40056426B5FBF6F100EB4005B5FB50
:10800000F6F706FB175505B1491C01B901214FF0E0
:10801000E025AB6900BF4FF0E025AA699A4201D87C
:108020009D1A04E06FF07F45AD1A1D446D1C2C466F
:108030008C42F0D300BFDAE730B502460B4D2D6815
:1080400002FB05F34FF0E025A96900BF4FF0E025E2
:10805000A869884201D80D1A04E06FF07F452D1AF7
:108060000D446D1C2C469C42F0D330BD8401002091
:1080700000B585B01448E3F7FFFE6846E3F72FFE2E
:108080000020ADF8080001208DF80F008DF80D00DC
:108090008DF80E0000208DF80C0002208DF81100E4
:1080A00001208DF8100069460748E3F797FE01228A
:1080B000114605480838E3F745FE0122022102482F
:1080C000E3F7BAFE05B000BD0800024000B585B078
:1080D00001214FF4A010E3F741FB1848E3F7CCFE71
:1080E0006846E3F7FCFD1020ADF8080000208DF88D
:1080F0000F0001208DF80D0000208DF80E008DF886
:108100000C0002208DF8110000208DF81000694647
:108110000A48E3F763FE1A22042108484438E3F7CB
:1081200011FE012202210548E3F786FE002201210B
:108130000E20FAF75FFB05B000BD000044000240CE
:1081400000B585B001214FF4A010E3F707FB1748F5
:10815000E3F792FE6846E3F7C2FD0020ADF80800A1
:108160008DF80F0001208DF80D0000208DF80E0015
:108170008DF80C0001208DF8110000208DF8100002
:1081800069460A48E3F72AFE1922052107485838AC
:10819000E3F7D8FD012202210448E3F74DFE002257
:1081A00001210F20FAF726FB05B000BD5800024060
:1081B00000B585B001211B48E3F7D0FA1A48E3F770
:1081C0005BFE6846E3F78BFD1020ADF80800002049
:1081D0008DF80F0001208DF80D0000208DF80E00A5
:1081E0008DF80C0002208DF8110000208DF8100091
:1081F00069460D48E3F7F2FD0C2201210A480838D0
:10820000E3F7A0FD012202210748E3F715FE002253
:1082100001213820FAF7EEFA0448034908310860D2
:1082200005B000BD01001400080402400C380040F5
:1082300043608160C260704700B585B003A8E9F76C
:10824000ABFD00208DF812000820039018208DF857
:10825000110003A94B48E9F7FDFD03210120E9F7CF
:10826000A7FD6846E7F781FD01208DF80900002091
:108270008DF800000820019002208DF80800684663
:10828000E7F798FD03A8E9F787FD00208DF81200B5
:108290001020039018208DF8110003A93948E9F740
:1082A000D9FD04210120E9F783FD6846E7F75DFD6C
:1082B00001208DF8090000208DF8000010200190A9
:1082C00002208DF808006846E7F774FD03A8E9F777
:1082D00063FD00208DF812002020039018208DF8F7
:1082E000110003A92748E9F7B5FD05210120E9F7A9
:1082F0005FFD6846E7F739FD01208DF80900002091
:108300008DF800002020019002208DF808006846BA
:10831000E7F750FD03A8E9F73FFD00208DF81200B4
:108320004FF48070039018208DF8110003A91648AF
:10833000E9F790FD08210020E9F73AFD6846E7F7E4
:1083400014FD01208DF8090000208DF800004FF485
:108350008070019001208DF808006846E7F72AFD3B
:1083600001210820E7F772FD01211020E7F76EFDDB
:1083700001212020E7F76AFD01210802E7F766FDE9
:1083800005B000BD000C0140000801401CB5684666
:10839000E9F702FD00208DF80600802000900420FF
:1083A0008DF8050069463A48E9F754FD4FF48041DD
:1083B0003848E9F7EFFC4FF400413648E9F7E8FCAC
:1083C0004FF4A0413448E9F7E5FC4FF40041304850
:1083D000E9F7E0FC4FF440712F48E9F7D9FC02209F
:1083E0008DF8070000208DF8040010208DF806009D
:1083F0004FF46040009004208DF805006946254840
:10840000E9F728FD02208DF8070000208DF8040010
:1084100010208DF806004FF4A640009004208DF83F
:10842000050069461C48E9F715FD02208DF8070094
:1084300000208DF8040010208DF80600C002009086
:1084400004208DF8050069461148E9F703FD4FF453
:1084500000511048E9F79CFC01211048E3F77EF930
:1084600001208DF8070000208DF8040010208DF801
:1084700006000120009018208DF805006946084884
:10848000E9F7E8FC01210648E9F784FC1CBD00007F
:108490000008014000100140000C014005001800D8
:1084A000001401401CB56846E9F776FC04208DF8FD
:1084B00004008DF8050008208DF8060002208DF8D4
:1084C00007004020009069461748E9F7C3FC0420E4
:1084D0008DF804008DF8050008208DF806000220B4
:1084E0008DF807008020009069460F48E9F7B2FC3C
:1084F0000E4A00210E48E9F707FF002211460C48FA
:10850000EAF7DAF901210A48E9F7B3FE0121084840
:10851000E9F7B4FE00210648E9F7F0FE012104481E
:10852000E9F7BBFE1CBD0000000C0140A086010065
:108530000054004070B50320FAF7C0F9DEF714F8D4
:10854000054600221146DDF77AFC044621466FF00D
:108550000B00DEF711F8DEF707F80546002211469A
:10856000DDF76DFC044621466FF00A00DEF704F8E3
:10857000DDF7FAFF054600221146DDF760FC0446F0
:1085800021466FF00900DDF7F7FFDDF7EDFF054647
:1085900000221146DDF753FC044621466FF004002B
:1085A000DDF7EAFFDDF7E0FF054600221146DDF7C3
:1085B00046FC044621466FF00300DDF7DDFFDDF7E2
:1085C000D3FF054600221146DDF739FC044621465B
:1085D0006FF00100DDF7D0FFDDF7C6FF0546002292
:1085E0001146DDF72CFC044621464FF0FF30DDF745
:1085F000C3FF002211460920FAF7FCF800221146B9
:108600000A20FAF7F7F8002211460B20FAF7F2F8E1
:10861000002211461720FAF7EDF800221146252016
:10862000FAF7E8F8002211463220FAF7E3F870BDB5
:1086300010B501214FF4A010E3F790F801214FF499
:10864000C010E3F78BF801211F48E3F787F80121F9
:108650001D48401CE3F782F801211B48801CE3F70A
:108660007DF801211848C01DE3F778F8012116486C
:108670000C30E3F773F8012113481430E3F76EF878
:1086800001214FF4E010E3F769F801210F48E3F707
:1086900065F801210D48001DE3F760F801210B4842
:1086A0000B30E3F75BF8012108480E30E3F756F88A
:1086B000012106481230E3F751F801210348143034
:1086C000E3F74CF810BD00000200180003001C0086
:1086D0001FB502A8E9F760FB6846FDF78AF902209A
:1086E0008DF80F0000208DF80C0008208DF80E008A
:1086F0008002029004208DF80D0002A91A48E9F7C3
:10870000A9FB02208DF80F0000208DF80C00082036
:108710008DF80E000003029004208DF80D0002A9D0
:108720001148E9F797FB03208DF8000001208DF830
:10873000010000208DF804008DF8030001208DF861
:1087400002008DF805008DF806008DF807006946D7
:108750000648FDF76DF901210448FDF75CF9012198
:108760000248FDF751F91FBD000C014000380040E0
:1087700010B5E3F753F801210420E2F7F9FE00BF3A
:108780001B48E2F7BBFF0128FAD101210020E2F7E4
:10879000EFFE00BF0120E2F7B1FF0128FAD101226C
:1087A0003B210020E2F7FCFF01210220E2F7E0FE7E
:1087B00000BF1920E2F7A2FF0128FAD10020E2F75A
:1087C000A5FE0420E2F7B6FE0420E2F7A9FE012090
:1087D000E2F7BAFE0220E3F74DF800BFE3F768F8CE
:1087E0000228FBD10020E2F7AFFEFEF78BF810BDA8
:1087F0000100240010B586B0002401A8E2F7E8FECD
:108800000298C4080020FEF7F9F80948B4FBF0F01C
:108810000849086000204FF0E02188616FF07F4038
:1088200048610846006940F00100086106B010BDCB
:1088300040420F00840100201FB502A8E9F7ACFAFE
:108840004020029008208DF80E0000208DF80C00CA
:1088500004208DF80D0002208DF80F0002A9244895
:10886000E9F7F8FA00212348FEF7C2F90021214870
:10887000FEF7B9F900211F48FEF7F3FAEF2240F2A4
:10888000DC511C48FEF74CF906208DF80000012051
:108890008DF8050000208DF806008DF803008DF896
:1088A00004008DF801008DF802006A46002111488D
:1088B000FEF7E6F940F2EE2200210E48FEF77FF9BE
:1088C000002211460B48FEF7BAF90022114609486A
:1088D000FEF7A6FA01210748FEF78FF9002211469C
:1088E0000448FEF725F900210248FEF786F91FBD6E
:1088F00000080140001C00401FB502A8E9F74CFA2F
:108900004FF48060029008208DF80E0000208DF852
:108910000C0004208DF80D0002208DF80F0002A934
:108920002B48E9F797FA01212A48E9F7F1FA0021E3
:108930004FF08040FEF75CF900214FF08040FEF7D9
:1089400052F900214FF08040FEF78BFA00224FF6DB
:10895000FF714FF08040FEF7E3F800214FF08040B8
:10896000FEF789FA00214FF08040FEF77FFA0620DB
:108970008DF8000001208DF8050000208DF806001C
:108980008DF803008DF804008DF801008DF80200C9
:108990006A4604210807FEF773F941F28832042180
:1089A0000807FEF70CF9002204210807FEF747F933
:1089B000002204210807FEF733FA01218807FEF799
:1089C0001CF9002204210807FEF7B2F81FBD0000C1
:1089D000000C01400202042410B500211348FEF7E8
:1089E00007F900211148FEF7FEF800210F48FEF7B5
:1089F00038FA4EF65F2211460C48FEF791F8002136
:108A00000A48FEF738FA00210848FEF72FFA01213C
:108A10000648FEF7F2F801210448FEF7F6F80122B5
:108A200011460248FEF7F4F810BD0000000C0040AB
:108A30001CB56846E9F7B0F902208DF80700002060
:108A40008DF8040008208DF80600800100901820A1
:108A50008DF8050069461D48E9F7FCF902208DF8FC
:108A6000070000208DF804008DF806004FF48060A8
:108A7000009018208DF8050069461448E9F7EAF9D6
:108A800000231A464FF4E1311148FEF7BBFD0121E6
:108A90000F48FFF786F901210D48FFF77DF9002106
:108AA0000B48FEF70AFE00210948FEF777FD012179
:108AB0000748FEF75DFD01210548FEF74FFD012245
:108AC00004490348FEF7DEFD1CBD0000000801401C
:108AD0000038014004000C001CB56846E9F75CF959
:108AE00002208DF8070000208DF8040008208DF882
:108AF00006000420009018208DF8050069461848EB
:108B0000E9F7A8F902208DF8070000208DF804008D
:108B10008DF806000820009018208DF805006946A1
:108B20000F48E9F797F900231A464FF4E1310D4851
:108B3000FEF768FD01210B48FFF733F901210948D1
:108B4000FFF72AF900210748FEF7B7FD0021054885
:108B5000FEF724FD01210348FEF70AFD1CBD0000BD
:108B6000000801400044004010B50120E2F7B8FEC3
:108B70000120E2F7A5FE10BD10B504462B480068A1
:108B8000201A2A49898888424FD329480088012819
:108B90004BD1264804602748007888B926480078D9
:108BA000012806D10022114624480078DDF73FFC59
:108BB00019E02248027801780020DDF738FC12E045
:108BC0001E480078142190FBF1F201FB120028B935
:108BD0000022FF210846DDF72AFC04E000221146AE
:108BE0001046DDF724FCDDF745FC1548007870B130
:108BF000124800780A30FA2803DD00201049087076
:108C000013E00E4800780A300C4908700DE00B485C
:108C100000780A38002803D501200949087004E0CB
:108C2000064800780A380549087010BD7400002015
:108C30000801002005000020D40000206001002071
:108C400061010020683A03080200000018010020BA
:108C500003000000D0390308503A03080200000066
:108C60001C010020030000003C3903085C3A0308A3
:108C7000020000002001002003000000D439030896
:108C8000243A030801000000340100200000000025
:108C90007C3A0308183A030802000000240100206F
:108CA00003000000D0390308003A03080200000066
:108CB00028010020030000003C3903085439030850
:108CC00002000000380100200200000060390308A3
:108CD00064390308020000003C010020020000008B
:108CE000703903080C3A0308020000002C01002030
:108CF00003000000D4390308F43903080100000020
:108D0000300100200000000038390308D83903087A
:108D10000100000040010020000000007C3A030830
:108D2000403A030801000000440100200000000058
:108D30007C3A0308E439030801000000A800002081
:108D400000000000CC390308BC3903080200000011
:108D5000E000002003000000CC3903087439030848
:108D600002000000DC000020030000007C3A030841
:108D70009839030802000000E8000020030000000A
:108D80007C3A0308A839030802000000EC00002028
:108D9000030000007C3A0308403903080200000089
:108DA000F0000020030000007C3A03088439030827
:108DB00002000000F4000020030000007C3A0308D9
:108DC000743A03080300000048010020000000007E
:108DD0007C3A0308303A030802000000B400002087
:108DE000000000007C3A03080000000000000000C2
:108DF0000102030406070809000000000102030441
:108E0000000000000102030402040608020C08101E
:108E1000000000000000000001020304060708092A
:108E200000000000ABB20108F1B30108000000002F
:108E3000A1B70108820082004A020000000001E0A0
:108E400001E0000000FF0055AAFF0024496D92B622
:108E5000DBFF00112233445566778899AABBCCDD2D
:108E6000EEFF000102030405060708090A0B0C0DBA
:108E70000E0F101112131415161718191A1B1C1D9A
:108E80001E1F202122232425262728292A2B2C2D8A
:108E90002E2F303132333435363738393A3B3C3D7A
:108EA0003E3F404142434445464748494A4B4C4D6A
:108EB0004E4F505152535455565758595A5B5C5D5A
:108EC0005E5F606162636465666768696A6B6C6D4A
:108ED0006E6F707172737475767778797A7B7C7D3A
:108EE0007E7F808182838485868788898A8B8C8D2A
:108EF0008E8F909192939495969798999A9B9C9D1A
:108F00009E9FA0A1A2A3A4A5A6A7A8A9AAABACAD09
:108F1000AEAFB0B1B2B3B4B5B6B7B8B9BABBBCBDF9
:108F2000BEBFC0C1C2C3C4C5C6C7C8C9CACBCCCDE9
:108F3000CECFD0D1D2D3D4D5D6D7D8D9DADBDCDDD9
:108F4000DEDFE0E1E2E3E4E5E6E7E8E9EAEBECEDC9
:108F5000EEEFF0F1F2F3F4F5F6F7F8F9FAFBFCFDB9
:108F6000FEFF808080818182828384858687898AD2
:108F70008C8D8F91939597999B9EA0A2A5A7AAAD42
:108F8000AFB2B500FF1FFF1F01E001E0210020008C
:108F900069006A006C006B006D006E006300620087
:108FA00000000000208E020869A2010800000000F5
:108FB00000000000A9A201081A001A0080020000A7
:108FC0000EA0D90D90C80C80B70A60110B80D91F74
:108FD0000991F0881F0880F088000000000D203CF7
:108FE00000000F0069002FFFFFFFF7015C11A610C2
:108FF000006900C300008800D2009FFFFFFFF0124D
:10900000C523E22000D203C00000F004B00000003D
:10901000700000000E00000000E0000019EFEA30D0
:109020000CD6E6A702F40E00001F80E000006FEFF0
:1090300050000016FFE500000E0AF00100E05F138B
:10904000F85E6EB005CFFE9100000E0000000070CB
:10905000000008DD3000A7004B02D004C0007700FC
:10906000D01D20004B03D0A7000007DC34C4CC3057
:1090700000001D2D22D00000A63B00B30005C03A21
:1090800000A3001D200D00D000A60004CC40004D20
:10909000FC300000F718C00001F205D00000BB6EE4
:1090A0004000005FF3000007E6DB03802F301DBAAD
:1090B000A05F0001DF401FB448FEC003BFFC40B208
:1090C00000000000001F01F01F00F0000003F10B82
:1090D000900F404F007D009B00AA00AA009B007DDE
:1090E000004F000F400B9003F15E000E6008C004BB
:1090F000F001F300F500E600E600F501F304F008E6
:10910000C00E605E0000930088A6C209FE404DDDDF
:10911000B1429350005200000450000008A000002B
:1091200008A0001FFFFFF30339B3300008A00000C0
:1091300008A0000103F61E60E12C00000003FFF907
:109140000333100003F52E4000000E400004E00041
:10915000009A00000E400004F000009A00000E404B
:109160000003F000009A00000E500003F000009A87
:1091700000000E500003F00000004CFE70004FB6DF
:109180008F900DB0005F32F40000E74F20000CA478
:10919000F20000CA2F40000E70DB0005F204FB68ED
:1091A000F90004CFE700EFFB44CB00AB00AB00AB12
:1091B00000AB00AB00AB00AB00AB07DFEA108E8565
:1091C0007EC0010006F1000006F000000D900000D6
:1091D000CC00001CC00001DB00001DE544427FFF05
:1091E000FFF97FFFFFF024445F900000BC000009FE
:1091F000E100003FD81000046DD0000002F4100020
:1092000002F4BD757DD019DFEA1000000DA000004A
:1092100000AC00000007E10000004F40100002F623
:1092200000F5001DA000F5007FFFFFFFF3133333AF
:10923000F730000000F500000000F50009FFFFF026
:109240000AB444400C8000000E7000000FFFFC4088
:1092500003345CF2000000F7100000F78E856CF11B
:1092600008DFFB30002AEFD5003FD657400CC00086
:109270000002F40000004F5BFFA104FE845DD03FBC
:1092800080003F30E80003F206F845DC0005DFE926
:10929000109FFFFFFD9D4444E99C0004F200000B79
:1092A000B000002F400000AD000001F6000008E013
:1092B00000000E8000006F1000019EFE9100BE6352
:1092C0006EC00F60006F00CC202BC002EFFFE200E9
:1092D000DC424CD05F20001F55F20002F50ED53560
:1092E000DE001AEFEA1003BFEA202FA44BE18E0044
:1092F00000E99D0000DD4F7129FF07FFFC9E000281
:1093000010AC000002F607658FB00AEFD7002E53AD
:10931000F50000000000003F52E42E53F50000006D
:109320000000002E52F60D21D00100000000310097
:10933000006CF2018ED6000FC300000AFB40000053
:1093400017EE70000005C3000000001FFFFFF303CD
:1093500033333000000000000000001FFFFFF30364
:10936000333330040000000ED71000005CF92000F9
:10937000002AF20003AFB106DE82001C600000008C
:1093800000000007DFEA109E746EC0010006F000C6
:109390000009C000008E200006F2000008700000E6
:1093A000000000000B8000000C900000006CEFDA61
:1093B0004000003DA41016D90001E509EE98CA90BE
:1093C0000A80BD43AFC0D30F13F2000CC0693C0646
:1093D000D00007C03B4B06D00007C02C3C03F20076
:1093E0000CC04A0F10BD439EE3C50A8009EE91CF21
:1093F0009001E50000000000003DA41028000000DE
:10940000007CEFD9100000000CF1000000003FD7F5
:1094100000000000B96E00000002F20E50000009CA
:10942000A007D000001F3000F400007FFFFFFB000A
:1094300000E733334F2005F000000C900C90000043
:1094400006F18FFFFEC408E3334BF28E00001F5875
:10945000E00018F18FFFFFF808E33337F68E0000C5
:1094600009C8E000009D8E33347F78FFFFFD700057
:1094700007CFFB4000CF966AF50AE20000301F607C
:109480000000004F200000004F200000001F60007F
:1094900000000AE200003001CF966AF50007DFFB0A
:1094A000408FFFFEA4008E4446CF708E000007F36D
:1094B0008E000000DA8E0000009D8E0000009D8E60
:1094C000000000DA8E000007F38E4446BF708FFF65
:1094D000FEA4008FFFFFF68E4444418E0000008EF4
:1094E0000000008FFFFFC08E3333208E0000008EFF
:1094F0000000008E4444428FFFFFF98FFFFFF68E7D
:109500004444418E0000008E0000008E0000008F59
:10951000FFFFC08E3333208E0000008E0000008ECF
:109520000000000007CFFC5000CF966AF60AE20068
:1095300000201F600000004F200000004F200000AE
:10954000B91F600000B90AE30000B900CF966AF8BD
:109550000007DFFC608E000008E8E000008E8E004F
:109560000008E8E000008E8FFFFFFFE8E333339E42
:109570008E000008E8E000008E8E000008E8E000A1
:10958000008E8E8E8E8E8E8E8E8E8E8E02FFFFC001
:109590000444BC000009C000009C000009C0000099
:1095A0009C000009C02000BA0EB58F603CFE808E82
:1095B00000004F508E0004F6008E003F70008E03B6
:1095C000F800008E2EC000008EECF600008FB07FF9
:1095D00030008E000AE1008E0000CC008E00001EDC
:1095E000A08E0000008E0000008E0000008E0000A3
:1095F000008E0000008E0000008E0000008E000033
:10960000008E4444408FFFFFF28E00000008E8F710
:10961000000002FE8FF10000BFE8DCA0004F9E8D2D
:109620002F300D87E8D09C06E07E8D01E7E507E846
:10963000D006FC007E8D000A2007E8D00000007EE6
:109640008E100008E8FC00008E8FF90008E8E6F6AE
:10965000008E8E09F308E8E00CE18E8E001EB8E85B
:10966000E0003FEE8E00006FE8E00000AE0007CFA4
:10967000EB500000CF966BF9000AE200005F601F1C
:109680006000000AD04F20000006F04F20000006C6
:10969000F01F6000000AD00AE200005F6000CF9671
:1096A0006BFA000007DFEB50008FFFFD7008E44508
:1096B0008FB08E00005F38E00001F58E00003F485B
:1096C000E0014DD08FFFFFB208E33310008E0000A1
:1096D0000008E00000000007CFEB500000CF966BC1
:1096E000F9000AE200005F601F6000000AD04F200E
:1096F000000006F04F20000005F01F6000000AD0B7
:109700000AE200005F6001DF855AFA000008DFFC12
:109710005000000001EC21940000001BFFC100007C
:10972000000012008FFFFD7008E4458FB08E00002E
:109730005F38E00001F58E00003F38E0014DD08F2A
:10974000FFFFC208E333DA008E0002F608E00005EE
:10975000F3019EFDA200CE646B702F40000001F863
:1097600000000006FD950000016AEE500000009F19
:1097700000200005F13FA547EB004BEFE910FFFF8C
:10978000FFFF2444BD44400009C00000009C0000CD
:109790000009C00000009C00000009C00000009CFF
:1097A00000000009C00000009C00009C00000BA904
:1097B000C00000BA9C00000BA9C00000BA9C0000C9
:1097C0000BA9C00000BA8E00000D94F40003F50C44
:1097D000F868FD0009EFE9100CB000000AC05F2036
:1097E0000001F500E900008E0008F0000E70001F77
:1097F0006005F10000AD00C9000003F43F30000037
:109800000CBAC00000005FF500000000EE00006F21
:1098100010000DB00002F21F60003FF10008D00BF5
:10982000B0008BE6000D7006F000E69B002F2001D3
:10983000F503F14F108D0000CA09B00E60D800008A
:109840006F0E6009B2F300001F9F1004F9D00000F2
:109850000CFB0000EF80000007F600009F30003F87
:1098600050000DA008F2009D0000CC04F300002F72
:109870009E70000006FC00000009FE1000004F4D25
:10988000B00001E802F7000BD0007F207F20000B22
:10989000D00CB000009C002F50002F30009E000C18
:1098A000900000E805F1000005F3E60000000CFD63
:1098B000000000003F4000000002F3000000002F05
:1098C0003000000002F300004FFFFFFF9144444AC4
:1098D000F3000003F6000001EA000000CC000000E5
:1098E0009E1000006F4000003F7000001ED44444F2
:1098F00036FFFFFFFC8FF68D318D008D008D008DC2
:10990000008D008D008D008D008D008D008D318FBC
:10991000F65D000000F200000B8000006D00000109
:10992000F200000B8000006D000001F200000B70DF
:1099300000006D000001F200000B7000006D0000DF
:1099400001F2BFF325F302F302F302F302F302F391
:1099500002F302F302F302F302F325F3BFF300ADC7
:1099600000001EC4000885A000E20E105B00970BEB
:109970005002E0EEEEEEE00BC00009B004CFEA10BA
:109980000B745DB0000004F004CEEEF21F8214F2FE
:109990004F1004F21F703DF204DFD7F2BA0000004E
:1099A000BA000000BA000000BA8EFC30BFD54BF3FD
:1099B000BE1000CABA00007EBA00007EBE1000CA07
:1099C000BFD55BF3B98EFC30007DFD6009F748F42C
:1099D0002F5000205F0000005F0000002F5000208B
:1099E00009F748F4007DFD600000001F4000000101
:1099F000F40000001F4008EFC4F40AF748FF42F5E6
:109A00000007F45F00002F45F00001F42F50006FB5
:109A100040AE637EF4008EFC4F40008EFC400AD5C1
:109A200038F42F20008C5FEEEEFF5F2111112F70B4
:109A3000001009F846E4007DFE80009EE305F44135
:109A400008C000CFFFF029D32008D00008D00008BC
:109A5000D00008D00008D00008D000007EFC4E6086
:109A6000AF747FF62F50005F65F00000F65F0000D6
:109A70000F62F60006F609F747FF5007EFC4F5003E
:109A800000003F20CB646EB003AEFD8000BA000042
:109A900000BA000000BA000000BA8EFB20BFC56DFE
:109AA000D0BE0003F2BA0000F4BA0000F5BA00001C
:109AB000F5BA0000F5BA0000F5BAA800BABABABA09
:109AC000BABABABA000AB0009900000000AB000AA6
:109AD000B000AB000AB000AB000AB000AB000AB0A7
:109AE00000AA064E71DFA0BA000000BA000000BA5A
:109AF000000000BA001CC0BA01CC00BA1CD100BBE7
:109B0000CF6000BFDBE100BD11DC00BA003F70BADE
:109B10000007F3BABABABABABABABABABABAB99EF6
:109B2000FA15DFD40BFB45EDE64AF2BE0006F6005F
:109B30000E7BA0004F2000C9BA0003F1000C9BA0CF
:109B4000003F1000C9BA0003F1000C9BA0003F10B9
:109B500000C9B99EFB20BFB45DD0BE0003F2BA00BD
:109B600000F4BA0000F5BA0000F5BA0000F5BA003A
:109B700000F5007DFD60009F748F702F50007F0501
:109B8000F00001F35F00002F32F50007F009F748FD
:109B9000F70007DFD600B98EFC30BFC43AF3BE1021
:109BA00000CABA00007EBA00007EBE1000CABFD54F
:109BB0005BF3BA7EFC30BA000000BA000000BA00C5
:109BC0000000008EFC3F40AF748EF42F50007F45A4
:109BD000F00001F45F00002F42F50007F40AF74897
:109BE000FF4008EFC4F40000001F40000001F40033
:109BF00000001F40B98E4BFD71BE100BB000BA00C3
:109C00000BA000BA000BA00005DFEA13F735A06F28
:109C1000000001EE9610016AEF300000D96C646F0D
:109C200062AEFD7008D00008D000CFFFF029D3202D
:109C300008D00008D00008D00008D00005F5510079
:109C40009FE3C80002F3C80002F3C80002F3C80093
:109C500002F3C90003F3AB0007F35F837EF306DF73
:109C6000C5F30D90000AA06E0001F300F5007D0021
:109C700009C00E60003F24F00000C8B9000006FFD4
:109C80003000000FC000C80006F1000D56D000CF14
:109C90006003F01F302F9C009A00B807B2F10E400D
:109CA00005E0D60C74E0000F6F007C990000AFA0B7
:109CB00001FF400005F4000BE0004F3007E109D040
:109CC0002F4000D9D900003FD000004FE10001E74C
:109CD000BB000BB01E707E1005F30D90000AA06F44
:109CE0000001F300F6007D0009C00D60002F34F084
:109CF0000000C9A9000005FF2000000EC000000000
:109D0000E5000094AD00001BFC2000005FFFFFA1F8
:109D10003337F40001E70000CB00008E10004F4005
:109D2000001EA33326FFFFFC006EA00F9201F4007B
:109D30001F4001F4003F303FC0006F3001F4001FAE
:109D40004001F4001F4000FA2005EA8B8B8B8B8BBF
:109D50008B8B8B8B8B8B8B8B8BBE5002AE0005F06D
:109D6000005F0005F0004F1000DF104F5005F000BD
:109D70005F0005F0005F002AE00BE40007EC40B450
:109D80001E25DFC00100000004CC302B01C05700AD
:109D9000932B01C005CC3006A10FF60BE2000000AA
:109DA000000000000000000000027BFB0000000437
:109DB0009DFFFFD00003AFFFFFFFFD0000AFFFFFDF
:109DC000FFDFD0000AFFFFB610ED0000AF940000E7
:109DD0000ED0000AF1000000ED0000AF1000000EF0
:109DE000D0000AF1000045FD0000AF1001EFFFD0E8
:109DF000179DF1005FFFFC0EFFFF1000AFFD31FF6C
:109E0000FFE00000010003BDA300000000005018A7
:109E10008888888405FABFDDDDDDFDAFE47F1000B2
:109E200000CA4EE04F100000C80EFEEF100000CF39
:109E3000EFE03FEEEEEEF80EF68F766666EB6FF82B
:109E4000AF100000CC8FE03F100000C80EFCDF65B3
:109E50005555EECFC25FFFFFFFF92C577505777799
:109E60007775FFFF1FFFFFFFFFFFFF2FFFFFFFFFC4
:109E7000EFFF0EFFFFFFFE01100011111110EFFEAA
:109E80000EFFFFFFFEFFFF2FFFFFFFFFFFFF1FFF84
:109E9000FFFFFF6887078888888668870788888823
:109EA00086FFFF1FFFFFFFFFFFFF2FFFFFFFFFDF0B
:109EB000FD0DFFFFFFFD000000000001500000004D
:109EC00000001DF80000000001DFFD000000001D83
:109ED000FFE22D600001DFFE20DFF7001DFFE20042
:109EE0008FFF71DFFE200008FFFEFFE20000008F01
:109EF000FFFE2000000008FFE200000000007D20BF
:109F000000000000000000007F60000BE2EFF600A0
:109F1000BFF84FFF6BFFD104FFFFFD10005FFFE1B3
:109F20000000BFFFF6000BFFDFFF60BFFD14FFF571
:109F3000CFD1004FF61710000360000000110000A1
:109F400000000000FF000000006F21FF12F7000674
:109F5000FF61FF16FF601FF901FF109FF16FE00125
:109F6000FF100EF6AF8001FF1008FACF6001FF105E
:109F700006FCAF8000AA0008FB7FD00000000DF7B0
:109F80001FF80000008FF107FF91002AFF70009F6B
:109F9000FFEEFFF9000005CFFFFD50000000024476
:109FA0002000000000000000000000000AFFA000E8
:109FB0000000000CFFC0000003D6DFFFFD6D300E77
:109FC000FFFFFFFFFFE05FFFFFAAFFFFF51AFFF4AF
:109FD000004FFFA103FFD0000DFF3004FFF0000F82
:109FE000FF404FFFFB22BFFFF42FFFFFFFFFFFF2F9
:109FF00009FEFFFFFFEF9000505EFFE50500000047
:10A000000CFFC000000000047740000000000003C7
:10A01000100341000000009FF50DF50000001BFD3E
:10A02000FF8DF5000002DFB12DFFF500004FF83E77
:10A03000C2BFF50007FF55FFFE39FE409FE38FFFCB
:10A04000FFF56FF6AC2AFFFFFFFF73E6005FFFFF2F
:10A05000FFFFF100006FFFD77FFFF200006FFF905E
:10A060000DFFF200006FFF900DFFF200004FFF7038
:10A070000BFFE1000000003300000000000BFFB008
:10A08000000000000CFFC0000000000CFFC000003A
:10A0900000000CFFC0000000000CFFC00000008F9B
:10A0A000FFFFFFF800002EFFFFFFE2000002EFFFBE
:10A0B000FE200000002DFFE20000799982DE289941
:10A0C00097FFFFFB22BFFFFFFFFFFFFFFFFFFFFF29
:10A0D000FFFFFFFAB3CFACCCCCCCCCCCCA0006BBD4
:10A0E000BBBBBA3000004FFFFFFFFFE10000EF30C5
:10A0F000000006FB0009F800000000CF504FD00020
:10A100000000002FE1DF84420000344BF9FFFFFD27
:10A110000001FFFFFBFFFFFF988BFFFFFCFFFFFF2E
:10A12000FFFFFFFFFCFFFFFFFFFFFFFFFB9FFFFFA6
:10A13000FFFFFFFFF60000000000003300018DFF6D
:10A14000C600EF004EFFFFFFE4DF04FFB3004CFF4B
:10A15000FF0EF90000008FFF6FC00001FFFFFF8EB0
:10A16000500001DEEEED000000000000002222227F
:10A1700000000021FFFFFF100008F8FFFBBC1000EB
:10A180001EF4FFFC100001DFC0FEEFE8448EFE105D
:10A19000FE1AFFFFFFC100FD0028BB940000000075
:10A1A00002700002EF0002EFFDFFFFFFFFFFFFFF65
:10A1B000FFFFFFFFFFFFFFFFFFFF3447FFF000053A
:10A1C000FF000005C0000000000002700000000257
:10A1D000EF00000002EFF0000DFFFFFF0220FFFF85
:10A1E000FFF08E1FFFFFFF00E7FFFFFFF03F5FFF65
:10A1F000FFFF08903447FFF000000005FF0000005B
:10A200000005C00000000000000000000000000782
:10A210007000000002700005FA0000002EF00081BE
:10A220004F600002EFF001DD07F0DFFFFFF0321EAC
:10A2300080F6FFFFFFF08E27E0B9FFFFFFF00E73FF
:10A24000F19BFFFFFFF03F54F09AFFFFFFF0890AF8
:10A25000C0D83447FFF0007F43F300005FF002F600
:10A260000CB0000005C00000BF1000000000000995
:10A27000E30000000000000210003788888888880A
:10A2800073EFFFFFFFFFFFFEFE32DFFFFFFFFFF96F
:10A29000007FFFFDFFFFFD10CFFFA07FFFFFFFFF4F
:10A2A000FA0007FFFFF35FA00000CFFF30030000BC
:10A2B00000CFFC0000000000CFFFCCCCCCCCCCFF0A
:10A2C000AFFFFFFFFFFFF900002000000001FA00D0
:10A2D000000006FF1000000DFF7000006FFFF1008E
:10A2E00001EFFFFA000BFFFFFF605FFFFFFFE0CF12
:10A2F000FFFFFFF6FEBFFFFFF9FD4FFFFFF9BF496C
:10A30000FFFFF53FE52EFFD006FFFFFD200028BA36
:10A31000600004300000311FE00006F91FE0007FFC
:10A32000FA1FE009FFFA1FE0AFFFFA1FEBFFFFFA89
:10A330001FFFFFFFFA1FFFFFFFFA1FE6FFFFFA1FD5
:10A34000E05FFFFA1FE004FFFA1FE0003EFA0FD0C3
:10A350000002D700000000000200000000000CFB1B
:10A360002000000000FFFF900000000FFFFFE6004C
:10A370000000FFFFFFFC30000FFFFFFFFF9100FF19
:10A38000FFFFFFFFE60FFFFFFFFFFFF2FFFFFFFFF3
:10A39000FFFD0FFFFFFFFFF800FFFFFFFFB2000F01
:10A3A000FFFFFD400000FFFFF70000000FFFA100CE
:10A3B0000000006A400000000000144420014442F4
:10A3C0000DFFFF10DFFFF1FFFFF30FFFFF3FFFFF68
:10A3D00040FFFFF4FFFFF40FFFFF4FFFFF40FFFFC1
:10A3E000F4FFFFF40FFFFF4FFFFF40FFFFF4FFFFFD
:10A3F000F40FFFFF4FFFFF40FFFFF4FFFFF40FFFDD
:10A40000FF4FFFFF30FFFFF39FFFC009FFFC001469
:10A4100044444444420DFFFFFFFFFFF1FFFFFFFFF5
:10A42000FFFF3FFFFFFFFFFFF4FFFFFFFFFFFF4FB7
:10A43000FFFFFFFFFFF4FFFFFFFFFFFF4FFFFFFFE7
:10A44000FFFFF4FFFFFFFFFFFF4FFFFFFFFFFFF4E2
:10A45000FFFFFFFFFFFF4FFFFFFFFFFFF39FFFFF28
:10A46000FFFFFC0002100000420FE20003FB0FFEA2
:10A470003004FB0FFFF404FB0FFFFF54FB0FFFFF43
:10A48000FAFB0FFFFFFFFB0FFFFFFFFB0FFFFFD6E6
:10A49000FB0FFFFD14FB0FFFC104FB0FFB0004FBD0
:10A4A0000CA00003FA0000000000000000120000F1
:10A4B00000000003FF60000000002EFFF500000018
:10A4C00001EFFFFF4000001DFFFFFFF30000CFFF83
:10A4D000FFFFFE200AFFFFFFFFFFE00EFFFFFFFF71
:10A4E000FFF203999999999950058888888888700E
:10A4F0000FFFFFFFFFFFF30FFFFFFFFFFFF40BFF57
:10A50000FFFFFFFFD1000000000000003F900000AF
:10A510003FFC00003FFD10003FFD10003FFD10001C
:10A520001FFD100000CFF4000000CFF4000000CFAA
:10A53000F4000000CFF4000000CFE0000000A40011
:10A540000000000000CD1000001FFD1000003FFDC6
:10A550001000003FFD1000003FFD1000003FFD0017
:10A560000008FF900008FF900008FF900008FF908F
:10A570000002FF900000078000000000000450006F
:10A5800000000002FF60000000003FF70000000034
:10A5900003FF70000000003FF7000006999AFFC912
:10A5A0009980FFFFFFFFFFFF3DFFFFFFFFFFF2016D
:10A5B000113FF71110000003FF70000000003FF78B
:10A5C0000000000003FF70000000000CD30000003A
:10A5D0006999999999980FFFFFFFFFFFF3DFFFFF3C
:10A5E000FFFFFF2000000000000000000156640093
:10A5F00000000003BFFEEFF91000007FFA1003DF38
:10A60000E40008FFA009B41EFF504FFF200BFF26F7
:10A61000FFE1EFFF09CFFF63FFFABFFF09FFFF5420
:10A62000FFF61EFF51DFFB09FFB003EFE204305FCE
:10A63000FC10002CFF956AFF9000000049DFFD929E
:10A640000000000000000000000000CD200000001D
:10A65000000000008FF50014664000000004EFAC1D
:10A66000FFEFFF910000001CFFA1004DFE30000035
:10A67000009FF5AB31EFF40007B105FFFFE17FFE6E
:10A68000100FFE302DFFF54FFF900CFFE000AFF6EE
:10A690005FFF6002FFF40006FFEFFB00004FFD10BC
:10A6A000003EFFC0000002DFE85401BFE3000000ED
:10A6B00005AEFF6007FF60000000000000004EF6DE
:10A6C0000000000000000001A100000000000000E8
:10A6D00000000000003ED00000000000000CFF80E1
:10A6E000000000000006FFFF200000000000EFFF58
:10A6F000FB00000000008FFCCFF4000000002FFBE7
:10A7000000FFD00000000BFFC00FFF70000004FF2F
:10A71000FD01FFFF100000DFFFE02FFFFA00007FC8
:10A72000FFFF9BFFFFF3001FFFFFB00EFFFFC00AFC
:10A73000FFFFFE24FFFFFF60FFFFFFFFFFFFFFFAA9
:10A7400006CCCCCCCCCCCCCB30000000000036000A
:10A7500000000000007F80DDDB00008DEFF8FFFFD0
:10A76000B007FFFFFD556FF46FF8AFE2000574FF0F
:10A77000907E2000003FFA0000000002EFB2504A35
:10A7800000012EFD1DF48FB0FFFFD10BFFFFFBFF7B
:10A79000FE2000CFFFFB12210000029FC00000003E
:10A7A00000005B00000007A00000000008FFB000F0
:10A7B000000008FFFFB0000008FF95FFB00008FF91
:10A7C0009005FFB007FF900005FFB09F90000005C7
:10A7D000FD004000000003104C20000000B60BFEFE
:10A7E000200000CFF02EFE2000CFF4002EFE20CF60
:10A7F000F400002EFECFF40000002EFFF400000055
:10A80000002EF400000000001300000000083000DB
:10A81000000000000000BFF308BBBBBB90000BFFB3
:10A82000FF39FFFFFFF1008FCFCFF000000AF100EA
:10A83000382F948000000AF100002F900000000AD9
:10A84000F100002F900000030AF130002F9000006B
:10A850001FCBF8F8002FEBBBBB39FFFFE2001FFF57
:10A86000FFFFB09FFD2000000000000008D100376E
:10A87000888700000000EFFFFFA0000000FFFFFF3F
:10A88000FDCCCCB6FFFFFFFFFFFFFFFFFFFFFFFF89
:10A89000FFFFFFFFFFFFFFFFFFFFFFFFFFFFFFFFC8
:10A8A000FFFFFFFFFFFFFFFFFFFFFFFFFFFFFFFFB8
:10A8B000FFFFFFFFFFAFFFFFFFFFFFF900000000FA
:10A8C000000000000001DD10000000001DFFD100AD
:10A8D000000001DFFFFD1000001DFFFFFFD10000A1
:10A8E0009FFFFFFFF90000011CFFC1100000000CDA
:10A8F000FFC0000000000CFFC0000000000CFFC003
:10A90000000079993BFFB39997FFFFB2442BFFFFFB
:10A91000FFFFFEDDEFFFFFFFFFFFFFFAB3CFACCC81
:10A92000CCCCCCCCCA00000000000200000000002B
:10A930000004FFC70000000000AFFFF000000000AF
:10A940001FFFFD0000000006FFFFC0000000000820
:10A95000FFF700000000000CFF300000000004FFC3
:10A96000C00000000001EFF300004A3002DFF800F1
:10A9700005DFFE15EFFB0000EFFFFFFFFA00000B05
:10A98000FFFFFFF70000007FFFFFA200000002BAF8
:10A9900085000000000004860000001006FFFA0099
:10A9A00002DFD1EF3CF101DFFA0EE0AF21DFFA0068
:10A9B0009FEFF6DFFA00008DFFFFFB00000006FFAF
:10A9C000FD00000048EFFFF600006FFFFBFFF60000
:10A9D0000EF3CF23FFF600EE0AF204FFF609FEFCA9
:10A9E0000004FFF108DA100002620000000000001D
:10A9F0000000006FFFF987000008FFFF98F708A626
:10AA00008FFFF95990FFA8FFFFFCCC0FFA8FFFFFD3
:10AA1000FFF1FFA8FFFFFFFF1FFA8FFFFFFFF1FF0E
:10AA2000A8FFFFFFFF1FFA8FFFFFFFF1FFA8FFFF47
:10AA3000FFFF1FFA7FFFFFFFF0FFE3122222210F2B
:10AA4000FFFFFFF90000ACCCCCCB50000049999936
:10AA50009995000EFFFFFFFFF600FD2222224FF620
:10AA60000FC0000001FFF3FC0000001FFF6FC000DB
:10AA70000002FFF6FFFFFFFFFFFF6FFFFFDCFFFF9E
:10AA8000F6FFFFB005FFFF6FFFF6000FFFF6FFFFB9
:10AA9000C006FFFF6FFFFFEDFFFFF69FFFFFFFFF09
:10AAA000FD10CDDDDDDDDDDD2FFFFFFFFFFFF3124C
:10AAB00022222222220000000000000000000000EC
:10AAC00000000FFFFFFFFFFFF3DEEEEEEEEEEE20E5
:10AAD0000000000000000000000000000DEEEEEE9F
:10AAE000EEEEE2FFFFFFFFFFFF300000000000007E
:10AAF00037888888888873EFFFFFFFFFFFFEEFFF2E
:10AB0000FFFFFFFFFE1CFFFFFFFFFFC1D28FFFFF14
:10AB1000FFF82DFF64EFFFFE45FFFFFA2BFFB2AFFA
:10AB2000FFFFFFD3553DFFFFFFFFFFBBFFFFFFFF11
:10AB3000FFFFFFFFFFFFAFFFFFFFFFFFF900000078
:10AB4000000001FFFFF00004FFFFD00006FFFF80C0
:10AB50000008FFFF30000AFFFFAAA60CFFFFFFF866
:10AB60000EFFFFFFE10BDDDFFF6000004FFD000087
:10AB7000007FF3000000BFA0000000FF10000003F2
:10AB8000F800000003C00000000020000000045591
:10AB9000EFB5520000FFFD1FFFB0000FFFFFFFFCED
:10ABA0000000FFFF533320000FFF97FFFB5700FF0C
:10ABB000F8AFFFC6F80FFF8AFFFC4AA1FFF8AFFF0E
:10ABC000E3220FFF8AFFFFFFF4FFF8AFFFFFFF4F05
:10ABD000FF8AFFFFFFF43552AFFFFFFF40000AFF7F
:10ABE000FFFFF400007FFFFFFE20000001100000C7
:10ABF000000000AF00000000018FFA30000002EFFB
:10AC0000FFFF500000BFFFFFFF10001FFFFFFFF519
:10AC10000003FFFFFFFF70005FFFFFFFF90008FF69
:10AC2000FFFFFFC000DFFFFFFFFF209FFFFFFFFFD1
:10AC3000FD0EFFFFFFFFFFF2022222222221000071
:10AC400008FFC00000000009A20000005BBBBBBB06
:10AC5000BBBBBBA3FFFFFFFFFFFFFFFBFC0C30E113
:10AC60001D0D11FCFC0B30E01D0D10FCFFFEFFEF75
:10AC7000FEFEEFFCFFF15A0870A05FFCFFF37B299A
:10AC800092C27FFCFFBFCBBBBBBFCBFCFC0B200049
:10AC9000000D00FCFFCFCCCCCCCFCCFB9FFFFFFF47
:10ACA000FFFFFFF6000000000000020000000000AF
:10ACB0000005DFB00000000007EFFFD00000001823
:10ACC000FFFFFF70000029FFFFFFFF00003BFFFFB9
:10ACD000FFFFF8000AFFFFFFFFFFF1000FFFFFFF7C
:10ACE000FFFFA000049AAAAFFFFF20000000000EA3
:10ACF000FFFB00000000000EFFF400000000000E4B
:10AD0000FFC000000000000EFF5000000000000D1A
:10AD1000FD00000000000004B3000000355555029E
:10AD2000000FFFFFF2F400FFFFFF2FF40FFFFFF211
:10AD3000FFF3FFFFFF32221FFFFFFFFFF7FFFFFFC1
:10AD4000FFFF8FFFFFFFFFF8FFFFFFFFFF8FFFFFFA
:10AD5000FFFFF8FFFFFFFFFF8FFFFFFFFFF8FFFF81
:10AD6000FFFFFF8FFFFFFFFFF88AAAAAAAAA300001
:10AD700000002455310000000003AFFFFFFFC700B3
:10AD80000002BFFFFEDEFFFFF6005FFFB51000030D
:10AD90008EFFB0DFD300000000008FF5180005AE75
:10ADA000FEC81004600002DFFFFFFFF80000000C87
:10ADB000FF95347DFF40000002A2000000770000F4
:10ADC0000000000296000000000000000DFF50008F
:10ADD00000000000000EFF6000000000000005DA27
:10ADE000000000005BBBBBBBBBBBBBBA20FFFFFFCF
:10ADF000FFFFFFFFFF90FC1222222222220FF7FC0E
:10AE00005FFFFFFFFFFF2CFAFC5FFFFFFFFFFF214B
:10AE1000FAFC5FFFFFFFFFFF27FAFC266666666607
:10AE2000661FFAFEBBBBBBBBBBBBBFB1AFFFFFFF27
:10AE3000FFFFFFFF500000000000000000005BBBB0
:10AE4000BBBBBBBBBBBA20FFFFFFFFFFFFFFFF90F9
:10AE5000FC1222222221000FF7FC5FFFFFFFF80007
:10AE60000CFAFC5FFFFFFFF80001FAFC5FFFFFFF39
:10AE7000F80007FAFC2666666663000FFAFEBBBBA5
:10AE8000BBBBBBBBBFB1AFFFFFFFFFFFFFFF50006E
:10AE900000000000000000005BBBBBBBBBBBBBBA3B
:10AEA00020FFFFFFFFFFFFFFFF90FC122222100098
:10AEB000000FF7FC5FFFFFD000000CFAFC5FFFFF04
:10AEC000D0000001FAFC5FFFFFD0000007FAFC266B
:10AED00066665000000FFAFEBBBBBBBBBBBBBFB17D
:10AEE000AFFFFFFFFFFFFFFF50000000000000006A
:10AEF00000005BBBBBBBBBBBBBBA20FFFFFFFFFFC0
:10AF0000FFFFFF90FC1222000000000FF7FC5FFF24
:10AF1000300000000CFAFC5FFF3000000001FAFC7A
:10AF20005FFF3000000007FAFC2666100000000FEB
:10AF3000FAFEBBBBBBBBBBBBBFB1AFFFFFFFFFFF9D
:10AF4000FFFF500000000000000000005BBBBBBB27
:10AF5000BBBBBBBA20FFFFFFFFFFFFFFFF90FC0062
:10AF600000000000000FF7FC0000000000000CFAD9
:10AF7000FC00000000000001FAFC000000000000DE
:10AF800007FAFC0000000000000FFAFEBBBBBBBBD1
:10AF9000BBBBBFB1AFFFFFFFFFFFFFFF50000000D3
:10AFA0000000000000000000000007B200000000E8
:10AFB00000000ADFFA000000000000A93DF50000D3
:10AFC00000044002E00010000000AFF80B60000039
:10AFD000006C30FFFFFFFFFFFFFFFFF4AFF9000C35
:10AFE0005000006D4005500004C00000100000003B
:10AFF0000000C43EE80000000000002EEFFA000050
:10B0000000000000004FFA000000000000000000F7
:10B0100000000000011000000007EFFFB30000AFC8
:10B02000FD8FFF2004FFFD09FFB00AFEFD12AFF007
:10B030000EF55D2C0EF30FFF33129FF50FFFF30794
:10B04000FFF60FFFE206FFF60FFE24137FF50DF566
:10B050007D2C0DF30AFFFD11BFF003FFFE0BFFA0D7
:10B06000007FFEBFFE100003ACDC81000000344313
:10B07000000005667FFFF96650FFFFFFFFFFFF3509
:10B080006666666666501CCCCCCCCCC402FFFFFF63
:10B09000FFFF602FF3FB7F6DF602FF2FB7F5DF6038
:10B0A0002FF2FB7F5DF602FF2FB7F5DF602FF2FB7B
:10B0B0007F5DF602FF2FB7F5DF602FF3FB7F6DF6A4
:10B0C00001FFFFFFFFFF5007BCCCCCCC900000007D
:10B0D0000000000120000000000004FF50000000FC
:10B0E0000002FFFF500000000439FFFE00000004D2
:10B0F000FF39FFA0000004FFFF39B0000004FFFF8C
:10B10000FF20000004FFFFFFB0000004FFFFFFB0BE
:10B11000000004FFFFFFB0000004FFFFFFB00000CD
:10B1200000BFFFFFB00000000DFFFFB000000000F7
:10B13000FFFFB00000000009A86000000000000050
:10B1400000178888888887400002EFFFFFFFFFFF15
:10B15000F4003EFFFFCFFFCFFFF703EFFFF908F842
:10B1600009FFF83EFFFFFE20402EFFF8DFFFFFFF44
:10B17000E101EFFFF89FFFFFFF80008FFFF809FF5D
:10B18000FFF902C209FFF8009FFFFE4EFE4EFFF8D6
:10B190000009FFFFFFFFFFFFF700008FFFFFFFFF2A
:10B1A000FFC100000000000003EFFFFFE203FBFB14
:10B1B000CEBFA4FF1D03A1FAFFF1D03A1FAFFFFFDE
:10B1C000FFFFFAFFFFFFFFFFAFFFFFFFFFFAFFFFE9
:10B1D000FFFFFFAFFFFFFFFFFAFFFFFFFFFFAFFF24
:10B1E000FFFFFFFAFFFFFFFFFFADFFFFFFFFF829A3
:10B1F000AAAAAAA8000000000000000300000000A6
:10B20000000004F1000820000001FF100BF700000F
:10B21000002FF10CFF94444445FF1BFFFFFFFFFF8D
:10B22000FFF18FFFFFFFFFFFFD007FF70000000031
:10B2300000006F600000000000003000000000000F
:10B2400000000000000000000000C003000000003B
:10B250000000C003030A00000F008005050500057B
:10B260001C00D0090A0A00004E00B008090F00FEB9
:10B270009200D00B0C0A0000CE00A0090A0B00FFC0
:10B280000501F002030500050D01B004040E01FDE7
:10B290002901C004040E00FD4501A00506060005B5
:10B2A000570120080807000273013003030500FE60
:10B2B0007B016005050300038301300303030000E5
:10B2C0008801F004070EFFFFB9015009090A0000C8
:10B2D000E6013005040A0000FA011008080A00001F
:10B2E00022020008080A00004A0260090A0A000057
:10B2F0007C021008080A0000A402A008090A000045
:10B30000D1026008080A0000F9020009090A0000D9
:10B310002603A008080A00004E03300303080000BB
:10B320005A033003030B00FD6B03200808080001DB
:10B330008B03200808060002A30320080808000168
:10B34000C3030008080A0000EB03800E0E0D00FD89
:10B350004604400A0C0AFF008204A00A090A010000
:10B36000AF04200A0A0A0000E104900B0A0A010057
:10B3700013056009080A01003B05E008080A0100FE
:10B380006305D00A0A0A00009505600B090A01004E
:10B39000C2055004020A0100CC053007070AFF006D
:10B3A000EF05100A0A0A010021065008080A0100E8
:10B3B0004906600D0B0A01008006600B090A0100B6
:10B3C000AD06C00B0C0A0000E906200A090A0100BC
:10B3D0001607C00B0C0D00FD6407300A090A0100B6
:10B3E0009107B008090A0000BE073008090A0000EA
:10B3F000EB07100B090A01001808F0090B0AFF00FF
:10B400004F08C00F100A00009F0870090A0A0000C8
:10B41000D10810090B0AFF0008093009090A0000C9
:10B420003509B004040E01FD5109F004070EFFFFB9
:10B430008209B004040E00FD9E09300807060102CF
:10B44000B3090007070100FFB709600805020109F9
:10B45000BC09600808080000DC099009080B01001D
:10B46000080A000808080000280A9009090B0000D3
:10B470005A0A9008080800007A0AF004060B000037
:10B480009B0AB009090B00FDCD0A9009080B0100C9
:10B49000F90AE003020B0100040B0004050EFEFD97
:10B4A000270BA008080B0100530BE003020B01005F
:10B4B0005E0BD00E0D080100920B900908080100E8
:10B4C000B20BE00809080000D60B9009080B01FD3B
:10B4D000020C9009090B00FD340CC00505080100A1
:10B4E000480C000707080000640CD005060A00009D
:10B4F000820C800908080100A20CD0070908FF008F
:10B50000C60C900C0D080000FA0CC00708080000DB
:10B510001A0DD007090BFFFD4C0D5007070800005E
:10B52000680DF004050E00FD8B0D3004020E01FDC8
:10B53000990DF004050E00FDBC0D20080803000362
:10B54000C80DE00506050006D70D600404030003DE
:10B55000DD0D000E0F0FFFFE4E0E000E0E0B000055
:10B560009B0E000E0E0D00FFF60E000E0E0B0000DF
:10B57000430FA0090A0B00007A0F000E0E0F00FE09
:10B58000E30F000E0E0F00FE4C10C00F100D00FF59
:10B59000B410000E0E0F00FE1D11C00F100B0000A6
:10B5A0007511000E0E0F00FEDE110007070C00FFE4
:10B5B0000812800A0B0C00FF4A12C00F100E00FE8A
:10B5C000BA12000E0E0B00000713A0090A0F00FEAE
:10B5D0005213400C0A0E01FE9813400C0D0F00FE92
:10B5E000FA13400C0D0D00FF4F14400C0D0D00FF21
:10B5F000A414400C0A0E01FEEA14400C0E0DFFFFCD
:10B600004515C008090D00FF8015C008090D00FF91
:10B61000BB15400C0D0D00FF1016400C0D0400036F
:10B620002A16C00F100B000082168011120F00FEA8
:10B630000917C00F110FFFFE8917000E0E0D00FF36
:10B64000E417400C0D0800011818400C0D0800010B
:10B650004C188011120B0000AF18000E0E0B0000EA
:10B66000FC18000E0E0F00FE6519000E0F0FFFFEF6
:10B67000D619400C0D0D00FF2B1A400C0D0F00FECB
:10B680008D1A400C0D0D00FFE21A400C0D0C00FF4E
:10B69000301B000E0E0B00007D1BC0080A0FFFFEC2
:10B6A000C81B400C0D0F00FE2A1C400C0D0F00FEA5
:10B6B0008C1CC00F100B0000E41C000E100FFFFECE
:10B6C0005C1D800A0B0F00FEAF1D8011120D00FFE4
:10B6D000241E8011120A00007E1E8011120A000032
:10B6E000D81E8011120A0000321F8011120A0000B9
:10B6F0008C1F8011120A0000E61F8011120C00FF3F
:10B700005220400C0C0F00FEAC20400C0D0F00FE30
:10B710000E21000E0F0FFFFE7F218011120B000083
:10B72000E221800A0B0F00FE3522100E0F0A0000E6
:10B730000000721F51EF58EF5BEF5CEF5DEF61EFC0
:10B7400063EF65EF69EF6CEF71EF76EF77EF78EF0E
:10B750008EEF93EF98EF9BEF9CEF9DEFA1EFA2EFA1
:10B76000A3EFA4EFB7EFB8EFBEEFC0EFC1EFC4EFA8
:10B77000C7EFC8EFC9EFCBEFE3EFE5EF14F015F03B
:10B7800017F019F030F037F03AF043F06CF074F045
:10B79000ABF03BF190F191F192F193F194F1D7F18B
:10B7A000E3F13DF254F2AAF412F7F2F720000000A0
:10B7B0005F00010000000000000000000000020027
:10B7C000B0000000F3F7600030B70208000000008E
:10B7D0003E00030000000102000304050206070802
:10B7E000090A090A0B0C000D0E0F101112130C148C
:10B7F000140000001516171819161A1B1C1D1D1E03
:10B800001F201D1D1621222303241E25252627283F
:10B81000292A2B002C002D2E2F303132332D343499
:10B8200035302D2D2E2E36373839333A3A3B3A3CC7
:10B83000290000093D090000000000000000000090
:10B8400000000000000000000000000000000000F8
:10B8500000000000000000000000000000000000E8
:10B8600000000000000000000000000000000000D8
:10B870000000000001020003040502060708090A8F
:10B88000090A0B0C0D0E0F10110C121314151500D4
:10B89000000016171819171919191719191A191953
:10B8A000191917191719031B1C1D1D1E1F202122F2
:10B8B0002300240025262727270027262829262697
:10B8C0002A2A272A272A2B2C2D2E2E2F2E30000015
:10B8D0002309310900000000000000000000000002
:10B8E0000000000000000000000000000000000058
:10B8F0000000000000000000000000000000000048
:10B900000000000000000000000000000000000037
:10B910000001000000000000000100000200000023
:10B920000002000000000000000000000000000015
:10B930000000010000000000000000000000000006
:10B9400000010A0006FB00000000F4F3020B0504EE
:10B95000F7020B01090207000000000000000000D0
:10B9600000000D02FE0000000000000000000000CA
:10B97000000400F90000000000FC04040000FE00C8
:10B98000FE0200FE00FEFFFC00000000FE0000FDC5
:10B99000FD0000FE00FC000000000000000000FEB2
:10B9A000FE00FD00FA00E50000FC0004070000FCBA
:10B9B00002020704FC040000F30000000000000085
:10B9C00000000000F800000000000000000000007F
:10B9D000000000FAFDF500F7FE000000000009007D
:10B9E000F9FEFF0100FC0000FEEF00000000000077
:10B9F0000000000000EEFE09000000000000000052
:10BA000000000000F7000000000000000000000738
:10BA100000020000FC000000000000000000000028
:10BA2000000000000000090201000000000000000A
:10BA30000000000000000000000000000000000006
:10BA400000000000000000000000000000000000F6
:10BA5000F8000000000000000000000000000000EE
:10BA60000000000000000002040207FE000004FEC7
:10BA7000F9E102060400FD00080007000700EB00E2
:10BA8000FD070007FE0402000001FE0000FC12009A
:10BA90001200070009030407000000F8000000007E
:10BAA00001FE0002FCFDFC0200FE000000F70000A9
:10BAB000000000000000000000F100000000000095
:10BAC00000000000000000000001F400F20000008F
:10BAD00000FE0016FDFD0202FE00FD020000F40063
:10BAE00000000000000000000000EA00020000006A
:10BAF000000000000000000000F2000D0000F8004F
:10BB00000700F1EAF1FC070000F10003FB00FD0073
:10BB100000000000000000000000000607E5000033
:10BB2000000000000000000000000B000200000008
:10BB300000000202FDFC00FFFFFE0000FE0000000E
:10BB4000FC00FE00FBFC00FAF9F9FC00FC00FC0024
:10BB5000000000FE0000020002FE000100000002E2
:10BB6000FE000000FE0202FF000000FC00FF0000DB
:10BB7000000000010003FE00FD00FC0000FE0007C5
:10BB80000000FE0000000000FF01FEFE0000FE00BD
:10BB9000FE000000000000000000FFFF00FEFD00AE
:10BBA00000000000010000FE00FEFEFE000000009C
:10BBB0000000000000FF00000000FEFD00FD00F995
:10BBC000FEF9040000FC02040600FAFFFD00FFF588
:10BBD00002FE02F402000001F400F4FEEDFE00F5A6
:10BBE0000004060003000000000000FCFD00F90056
:10BBF0000000FE000000FE0000000000FFFF00FF4C
:10BC0000FD00000000000000FEFE00FEFDFE000042
:10BC1000FE0000000000000000000000FEFE00FD2D
:10BC200000FE00FC020000FD010202000000000016
:10BC300000FE0000000000020000FE00FEFEFD000D
:10BC40000000000000000200FE00000000FEFD00F9
:10BC5000FC0007FE01F9000006F5F4F7FC0200FE07
:10BC6000F1FC00FC00FC03FCF200FA000001FF0202
:10BC7000FE000200F9F700F5FBFBFBF9FDFA00FC02
:10BC8000FA01000100FE00000002000200000000B6
:10BC900000000000000000FE00FF00FFFE00FCFBB3
:10BCA000FBFF00F9000000000000FE0000000001A2
:10BCB000FF0000000200000000000000000B000078
:10BCC0000000000002000000FE0000000000000074
:10BCD00000000000FC000200000000000000000066
:10BCE00000000000FE000000FC00000000F5F9006C
:10BCF0000000FDF50000FE0200FA00000000000058
:10BD000000000000FC0000FC00000000000000003B
:10BD1000000000000200FC00000000030002FCFC28
:10BD200000FEFEFD000000000000F900FE00FDFE28
:10BD300000FBFAF9FE00FC00F90000000012000010
:10BD4000010000FD000200F60000000000EBFC070F
:10BD500007FEF70002FD00F5FFFD02F0FE03000301
:10BD6000F8FDF8F9F70000F3000D0000FF000000F7
:10BD7000FFFFFEFAF900EB000000000000000000E9
:10BD800001000000000000000000000000000000B2
:10BD900000FE00FFFEFD0000FC00FE0000000000B1
:10BDA00000000000000000000000FF00FC00000494
:10BDB000FF0300FB02FEFFFAFE00FDFEFE00FDFC9D
:10BDC0000000FEFFFEFCFD0000FE0002FE00FB0086
:10BDD0000000FC00FC00FCFC020000000000000071
:10BDE00000FC0200FD00FEFDF9FEFEFEFFFEFDFF71
:10BDF0000000000000FEFEFE0000000003FE00FE4A
:10BE0000000000FEFDFEFEFDFE000209FF00FA003C
:10BE1000FE0400FEF7FD030000F5FC02FC0200FE3C
:10BE2000FEF900FD010000FC0000000202FCFC0025
:10BE3000FCFEFDFEFE00FC01FCFC07000000000013
:10BE400000000000020000000000000000000000F0
:10BE5000000000000000000000000000FC000000E6
:10BE600000000000000000000000000000000000D2
:10BE700000000000000000000000000000000000C2
:10BE80000000000000000000FE00000000000000B4
:10BE900000000000000000000000000000000000A2
:10BEA000000000000000FEFE000000000000000096
:10BEB00000000000FD0000FD0000FEFE000000008C
:10BEC000FE00000000FF0000000000FE0000000077
:10BED000FD00FC000000F90002FB0400FEF500007C
:10BEE000FBFE00F7FAFA0000F6FEF7F7F500FA009D
:10BEF000020FFD00FBFEFFFEFCFAFCF8F7FBFE0064
:10BF000000FE00010000F0FE0705FBF80001F9004B
:10BF1000F5FEFE04EBFD010000F1FDF4FEF0000073
:10BF2000F0000D0100FE00000000FFFEF7FE00F132
:10BF300000000000F900FE00FFFAF50000FFFDF927
:10BF4000FE00FE00000000F6FEF9F9FEFCFAFEFC21
:10BF500000FCFEF9FD00FDFCFEFC000100FEF90006
:10BF60000400FC00000000030002FC0900FEFEFDCE
:10BF7000000000000000F900FE00FDFE00FBFAF9E1
:10BF8000FE00FC020900000000120000010000FD9C
:10BF9000000200000000000000000000000000009F
:10BFA000FEFC0000000000FF000000FEFE0000FCA0
:10BFB000FE0000FC0004FF00000000000001000083
:10BFC0000000030402FE00F9FC0007F9F9FCFC097B
:10BFD0000402EDFE04FE00FE02FEF800FE02FDFE7D
:10BFE000F9FE0000070400FA00F4FD06FDF701FD6C
:10BFF000F9F9FE090200FD00FA000207FBF8F7FA62
:10C00000070001F0FE02FCFEFB00FBF8FDFDFE0058
:10C0100000FBFBFE000705FEF400F4FD00F8F3FF53
:10C02000F9FCF9FA060000FD00FCFE00FEFC00042D
:10C03000F9020000F400FEFBFCFEF9FAF9FB00F93E
:10C04000FEFBFCF9FE0000010BFC00F9FE00FEFC0B
:10C05000FBFAFAF7FDFC0400FD00F5FD0104F9F818
:10C06000FCF907FE01EBFC04FBFCF800F9F7FDFE10
:10C07000FEFEFBF9FF00000706FEF100F3FB05F7EB
:10C08000F1FCF8F7F5F90400000000FD000002FDE6
:10C090000402FC040000F9FF00FF000101FE0000A3
:10C0A00000000000FE0000000002070000FD00008C
:10C0B0000000FEFEFD000000010200000000020082
:10C0C000FE000900040101FD000400000002000060
:10C0D0000000000000000000000700060000000053
:10C0E00000000000000000000000F300FE04000754
:10C0F00000001603FCFC0202FE01F500000BF30039
:10C1000000000000000000000000F1091F00000016
:10C11000000000000000000000F30000000000002C
:10C12000000000000000000000000000000000000F
:10C1300000000000FC0000FCFE0000000000000009
:10C14000000000000000000000000000FE00FA00F7
:10C1500000010000021DFCFE0706FA0200000202B8
:10C16000FD0000000000000000000000E3060000E9
:10C17000000000000000000000000000000000FAC5
:10C18000000000FA00000000FBFF000000FB00FDC3
:10C1900000F50000000000000000000000F10000B9
:10C1A000000001000000000000FE0000FC00FD0097
:10C1B000FA000000FC02FD0000FAFEFB0000FA009D
:10C1C000FE00F500FE0000EEFCF7FEF80000F100B6
:10C1D000FAFF0000000000000000FDFCFEFC000073
:10C1E0000000FB00FB03FE0400FEFBFEFCFC00FD68
:10C1F000FFFE02FAFF000000ECFEFD00FB00FEF572
:10C20000FE0000FEFE000000000200FEFCFE040036
:10C21000000000000000000000000000000000001E
:10C22000000000000000000000000000000000000E
:10C2300000000000000000000000030000000000FB
:10C2400000FB00FE000000FC02000000FAFEFC0003
:10C2500000FA00FE00F500000000EA00FCF8F5001E
:10C2600000F100FEFD0000000000000000FEFDFFE8
:10C27000FD01000004FD00070BFEFEF9030B0405A1
:10C28000FA03090306050600000000000000000094
:10C2900000000E0BFCFE00FE120A1200000002005D
:10C2A00000080000FC000000000000000000FE008C
:10C2B000000000000000000300000000EDFDFEF79C
:10C2C000F50000F100000000000000000000000088
:10C2D0000000000000FC000000000000000000FE64
:10C2E00000000000000000000300000000EDFDFE63
:10C2F000F7F50000F700000000000000000000005B
:10C300000000000000000000FE000000FB0200FE34
:10C31000020402F90000FE02000200000000FA0020
:10C32000FEFEFC00FEF7000EFE00FBFE00FEFC0021
:10C33000FEFAFCFD000000FC000000000000000010
:10C3400000FE00000000000000000300000000EDFF
:10C35000FDFEF7F50000F10000000000000B0000FA
:10C360000000000000000000FC00F9FDFE07FEFEDA
:10C37000F701FF01FEFA000500020102FBF7FD00D4
:10C38000F7FCFAF7F700FCFCFDFDFEFEFDFE00FEEB
:10C39000FF030003FE000700000000000000000093
:10C3A000000000FEFEFE0000FA00FF00FC0000009E
:10C3B0000000000000000000F3000000000000008A
:10C3C00000000000FEFE00FD00000000FE0000FC7A
:10C3D000FE0200FCFCFE00FAFEFBFEFD00FC00007D
:10C3E000000000000000000000F100070000FC0059
:10C3F000000000FD00FE0000FF0000FE00FB00004A
:10C4000009FDF9F902020200FA020302070207FE1F
:10C41000FA0000F70000F9FA0000FC00FDFC00FD46
:10C4200000FD00FE0300FEF9FE080000FE00FC0017
:10C430000003FB0002FE020000F900FEFF00FE0206
:10C44000FE000000F7FDFB00F90000F50008FE000B
:10C45000FC000100FE00FEF900FE0200000000FEEC
:10C46000000002FD010000FDFE00FD0000000000D4
:10C47000000000000000000000000000F2000500C5
:10C4800000FE000000000000FEFE000000040005A9
:10C490000000000000F2F3010A0704F70209000897
:10C4A000000400000000000000000000000C00007C
:10C4B000000000000000000000000000000000007C
:10C4C00010B90208D4B7020872B802083D31000062
:10C4D000C08F020840B20208ACB70208C0C402080C
:10C4E00010000228A4020020957D0108617C01084B
:10C4F0001000030000FF0100D0C40208000000008B
:10C5000000000000F206E8EC993661D63A9624BEA7
:10C51000055E05FA04B14D6A8E09CEE7FF47FE00BD
:10C52000FCC0FAA47AA963F19CF3EA8AE38EECD307
:10C53000FE7AFF5DEA0FF312F476FDDAFF3DAA37CB
:10C54000BB59CC9BE5FCF73E7AB893B9B4FBD63D1A
:10C55000EF3E5B587C399D5BC65DEF5E453E65BE38
:10C56000965FBEFFE79F2DBE4E1E86BFB73FE7BF5B
:10C57000263B4E9C86FDB75EE7BF25334DB58658FA
:10C58000B6FBE79E65CD8630A6B4CF39EFBD9E6C75
:10C59000AEB0C714DF79F7DDD70ADF2EE773F7B83F
:10C5A000FFDCFF6BFF8EFFB3FFD8FFFCFE45FEA94B
:10C5B000FF10FF76FFDCFD24FDA9FE70FF16FF9C37
:10C5C000FB88FC4CFD52FE77FF5C8B6CA44FBD5486
:10C5D000D679EF5D7C939535B5F8CEDBEF7EBDF770
:10C5E000E71CEF7DF7BEFFDFE1C6D165C145B0E3D3
:10C5F000D8CCC0CBA8AA8869893578F468D348B16B
:10C6000059B65175413430D23A5531F329B2190F28
:10C610001C5C1BBA13380A3404DC045A03B702B397
:10C62000057804B40411030C044F03CD034B0268D6
:10C6300045083C672BE61AE47D886CE75445334394
:10C64000C646ADA59CE483A2FEC6FE05FD44F3E20A
:10C65000FD80FD00FC60FB60FC60F3E0EB60E280CD
:10C66000F283E243DA02B9A16A685A0649A539247D
:10C67000536F42CC3229218773AE630C42082104E8
:10C6800000003C027804B306EE08280B610D990FF8
:10C69000D01106143A166C189D1ACB1CF71E2121D6
:10C6A00048236C258E27AC29C72BDF2DF32F0332AF
:10C6B000103418361C381C3A173C0E3EFF3FEC4134
:10C6C000D443B64593476A493C4B084DCD4E8D50F7
:10C6D0004652F953A5554B57EA58825A135C9C5D54
:10C6E0001F5F9A600D627963DD6439668D67D96872
:10C6F0001D6A596B8C6CB76DD96EF36F04710C7237
:10C700000B730174EE74D275AD767F774778067936
:10C71000BB79677A0A7BA27B327CB77C337DA57DAF
:10C720000D7E6C7EC07E0B7F4B7F827FAF7FD27F82
:10C73000EB7FFA7FFF7F000000040404040404047C
:10C7400004040400000000000606060606060500B4
:10C7500000000000000000000000000000000000D9
:10C7600002000000000000000000040000020002BF
:10C7700002000000000000000202020200020000AD
:10C78000000200000000000002000000000101059E
:10C790000505010500000000001001010000000077
:10C7A0001002020C0C121200000000000000000039
:10C7B000208E020849950108E59501080000000057
:10C7C00035960108D127D127C0040000B6B6B6B609
:10C7D000B6B6B61084B74E1F03D0F02D0F015060CF
:10C7E000006800E00008600E002FFFFFFF600C20D3
:10C7F0004B0000E10690000F007800AFFFFFFD0046
:10C800003C00B40005A00D2000000A200000A2009A
:10C8100001BFFB00B9B4600E3A2000ADC200007E3B
:10C82000E40000A8F2000A2C4293A7F119EFD4000B
:10C8300000A200000510000BEC1003C006A0880049
:10C84000C2008705A0A50006B0985A00000ADB3C8C
:10C850003CD700000C3B60D2000960D20A5004B003
:10C860000B40C301D1003CC900007EE60002F32664
:10C870000004C0000001F1000008EC00003E09B017
:10C88000B37B00ADC03E317FA006EFA2C74E3D2D69
:10C8900015001300C405B00B500F102F002F001F00
:10C8A000000F100B5005B000B5000213001D10075B
:10C8B0009001F000D300C500B600C500E301F00808
:10C8C000802D101200019049A90982031200060070
:10C8D0000000E000000E0003FFFFF5000E00000066
:10C8E000E000000E00000811F04C0A602FFF1B2131
:10C8F000E3000F1003D00079000B5000F2003E005F
:10C9000007A000A6000E2002E0006A000A7000E303
:10C91000000001BFD500AA14F11F100A73E0007ACD
:10C920004D0006B3E0007A1F100A70AA14F201BF8E
:10C93000E500002D70004ED700020970000097003E
:10C9400000097000009700000970001198100FFF97
:10C95000FF7006DFD4007316F100000E300002F005
:10C960000000C70000BA00009B00007D21100FFFEF
:10C97000FF7006DFD7005314F300002E2006FF508F
:10C9800000028E000000B600000B60B316F208EF44
:10C99000C4000000AB000005FB00000D7B00009709
:10C9A0005B0003D05B000D305B004FEEFFE0011138
:10C9B0006B1000005B0005FFFF107811100960008C
:10C9C00000ABDD4007825F200000A600000B60C3C3
:10C9D00015F207DFD400008EFB207C31430F2000CE
:10C9E00003E7DD704F834E63E0007B1F2008A0ABA0
:10C9F00014E501BFE7000FFFFFB01111A700001EF3
:10CA0000100008900001E200007A00000E300007DC
:10CA1000C00000E4000003CFE700E602D52F0008C5
:10CA200080E501D505FFFC01E624D64D0006B1F4F2
:10CA300002C804CFE80004CFD501F614E34D000985
:10CA400082F301AB06FFEBB000108A00000C70A36C
:10CA500028E108EFC3001B21E30000000001B21E23
:10CA6000301E31B20000000811F04C0A60000002D4
:10CA700020004BD305CC5003F8000004BD6000003B
:10CA80003AE300000120EFFFF5000000000000FF86
:10CA9000FFF513000001DC5000004BD6000006F546
:10CAA000005CC502DB4000120000002BFE90562304
:10CAB000D800005C000099001CB100A80000D30061
:10CAC00000100000A20000E3000018DDB30001D652
:10CAD000003D400951BC81D00D0950D0942A0D0071
:10CAE000C0672A0D02A0670C0E07C0A30B37C46CE9
:10CAF0007002D40023000019DDA3000007F5000038
:10CB000000DBB000003E1F10000890C60000E406E5
:10CB1000C0004E001F2009FFFFF700F20005D05CA7
:10CB200000000E308FFFD4089117E089001F089095
:10CB300005D08FFFF7089225F289000D589114F265
:10CB40008FFFD60002BFEA21E922747C00000B703F
:10CB50000000C600000B7000007C000001E9227498
:10CB600002BFEB208FFFD50089126F40890006C0FD
:10CB7000890001F0890000F1890001F0890006C0F8
:10CB800089126F408FFFD5008FFFF7891110890040
:10CB9000008900008FEEE3891110890000891110CF
:10CBA0008FFFF78FFFF68911108900008900008F31
:10CBB000EE8089111089000089000089000001AE13
:10CBC000FC40D921576C00000A700000C600CEEB73
:10CBD00070012F7C0001F0E9218F01AEFB3089004C
:10CBE00000F1890000F1890000F1890000F18FFF58
:10CBF000FFF1892222F1890000F1890000F189000A
:10CC000000F1979797979797979797002E002E0088
:10CC10002E002E002E002E002D327B4EE389002E9A
:10CC200038900D60890AA00897C0008CFD0008F4B8
:10CC3000C9008902F3089007D089000C80890000A0
:10CC400089000089000089000089000089000089AE
:10CC500000008911108FFFF58F80000BF48DD0003C
:10CC60001FD489E3006AC4899800B5C4893E01F0E5
:10CC7000C4890E46A0C489089C50C48903FF00C41F
:10CC80008900DA00C48D0000F18F8000F18BF30081
:10CC9000F1898C00F1890D70F18903F2F189009C12
:10CCA000F189000EF1890004F101AEFB200E9228FB
:10CCB000E17C0000B8B700006CC600004DB7000072
:10CCC0006C7C0000B80E9228E101AEFB208FFFC300
:10CCD000089127E089000E489000D489004F18FF82
:10CCE000FE40892100089000008900000001AEFB91
:10CCF000200E9228E17C0000B8B700006CC600004E
:10CD00004DB700006C7C0000B80E9228E101AEFE29
:10CD10002000000D30000005B08FFFD5089115F1FF
:10CD200089000E489003F18FFFF608925E0089009B
:10CD3000C6089006D089000E5009EFC38B2254B666
:10CD400000006E600004CF700002D6000079A412CB
:10CD5000C67CFE803FFFFFE022B722000B60000090
:10CD6000B600000B600000B600000B600000B600CB
:10CD7000000B6000890003D890003D890003D89023
:10CD8000003D890003D790003D5C0007A0E824E443
:10CD900003CFE6005C00005B0F1000A60A7000E104
:10CDA00005C005B000F20A6000A70F10004C5B0040
:10CDB000000FC500000AF0004D0005F1001F00F251
:10CDC000009F5005B00B600DAA00A6006A02E3E0C8
:10CDD0000E2002F06A0E22D0000E3A60A779000001
:10CDE00098E106BB500005FD001FF000000F800019
:10CDF000DC00000D5000D404E108A000AA2E1000B1
:10CE00001ED6000009F000002EC80000C62F300614
:10CE1000C007C01E2000C74E0000E20B7008A00330
:10CE2000E01E2000B78A00003EF200000B900000D8
:10CE30000970000009700000097000BFFFFA0001CE
:10CE4000E40009A0003F1000C70006D0001E40000B
:10CE50009A0000FFFFFEAFF3B600B600B600B600C2
:10CE6000B600B600B600B600B600B600AFF3E300F9
:10CE70000A70006B0002E0000E2000A60006A00071
:10CE80003E0000F2000B6000790003D0000F107F1D
:10CE9000F600A700A700A700A700A700A700A7000B
:10CEA000A700A700A77FF600A70004CD100C24A0C0
:10CEB0003500817FFFFFA09B00B605DFC20083190C
:10CEC000B000002E004CDDE01F302E02F21AE00907
:10CED000FD4F10C40000C40000C40000C8DF80CCB7
:10CEE00032E5C4008AC4006BC4008AC613E4CCFED9
:10CEF0007002BFD40D91352F00004D00002F0000AF
:10CF00000D813802BFD500000A600000A600000AAB
:10CF1000600AFDD60AB11B60F200A61F000A60F28B
:10CF200000A60B916F702CFB8901BFD300B905E0FF
:10CF30000F100D42FEEEE50F100000AA1181009FB8
:10CF4000E90000BF506B0008800BFFF408800088E8
:10CF5000000880008800088000880001BFDC80C9CC
:10CF600011C61F100B52F000B51F000B50C914E57D
:10CF700002CFDD500000D308217D007EFC20A600FA
:10CF800000A60000A60000A8BFA0AC31E3A600B533
:10CF9000A600B5A600B5A600B5A600B50D40820056
:10CFA00000D30D30D30D30D30D30D300C500720047
:10CFB0000000C400C400C400C400C400C400C40015
:10CFC000C411F29F80A60000A60000A60000A604DF
:10CFD000E1A62E30A6D600AEF700AC3F10A60AA000
:10CFE000A601F3D3D3D3D3D3D3D3D3D3D3D7CE863E
:10CFF000DE5BB01F804DA600E201FA600E201FA686
:10D0000000E201FA600E201FA600E201F0D7CEA0D8
:10D01000BB10D3A600B5A600B5A600B5A600B5A660
:10D0200000B5009ED6009B13E40E300890F1006B13
:10D030000E3008909B13E400AED6000F7DE800CAC6
:10D0400010D50C4007A0C4006B0C4008A0C603E438
:10D050000CCFE600C400000C400000C40000009F9C
:10D06000EBB08C11A80E400880F200880E300880CA
:10D07000AA25E801BFBA80000088000008800000EF
:10D0800088D5D5AD40A600A600A600A600A600073C
:10D09000EE902E21602F500004BE700002E3361285
:10D0A000E21AFE70002000790008900BFFF408904F
:10D0B000008900089000890006B0001DF3B500C487
:10D0C000B500C4B500C4B500C4B500C49A16F52DAA
:10D0D000F99789000C32E002E00D307900880C30BD
:10D0E00003E1E0000DA900008F300089008D003CB5
:10D0F0003D00CF10780E20E960C30A64A5A1E006C8
:10D10000B951E5A001FD10CC6000DD008F103E207C
:10D110003D008B0D4000CD900007F30002E8C000F9
:10D12000C50C807B002E3079000E32E003D00C401D
:10D130009700690E2001E4C0000BD600005F1000CC
:10D1400005B00000B500001F00003EEEF70004E14E
:10D15000001E5000AA0005E0001E30008FEEEB001C
:10D160005E700E3000F0000F0003D002F60004C025
:10D17000000F0000F0000F0000D40004E7B6B6B6C0
:10D18000B6B6B6B6B6B6B6B6B67E50003E0000F03D
:10D19000000F0000D30006F300C4000E0000F000F2
:10D1A0000F0003D007E40009C304363DF40000007B
:10D1B000000000000012000000037CFF000059EF97
:10D1C000FFFF000EFFFFFFFF000FFFFD848F000F2A
:10D1D000D720008F000F8000008F000F8000008F8D
:10D1E000000F80007BDF023F8006FFFFAFFF800261
:10D1F000EFF9EFFF6000021029A700000000B4DF84
:10D20000FFFFFD4BE8E722227E8EC0C500006C0CBC
:10D21000FCF611117FCFC0CFFFFFFB0CFCF6111104
:10D220007FCFC0C500006C0CE8E722227E8EB4DF01
:10D23000FFFFFD4BDFF69FFFFFFDFFF8CFFFFFFF76
:10D24000EFF6AFFFFFFE132003333331FFF7BFFFCD
:10D25000FFFFFFF8CFFFFFFFFFF7BFFFFFFF132028
:10D2600003333331EFF6AFFFFFFEFFF8CFFFFFFFD1
:10D27000DFF6AFFFFFFD0000000003D40000000058
:10D280003FFE00000003FFF44D30003FFF40EFF38E
:10D2900003FFF4004FFF6FFF400004FFFFF40000A6
:10D2A000004FFF4000000003D300000014000022E4
:10D2B0000DF7004FF19FF74FFD00AFFFFD1000BFCE
:10D2C000FE10004FFFF7004FFDAFF70EFD10AFF25D
:10D2D0005B1000990000000770000000320FF0247E
:10D2E0000005FC0FF0CF501FF40FF05FF17F800FAF
:10D2F000F008F7BF200FF002FBCF100EE001FCAFEB
:10D3000040011004FA5FB000000BF60DFA1001AFF7
:10D31000D002DFFCCFFD200008EFFE9100000001ED
:10D3200010000000001441000000007FF70000031F
:10D3300043DFFD34300EFFFFFFFFE06FFFFBBFFF59
:10D34000F61BFF7007FFB107FF2002FF701BFF7085
:10D3500007FFB16FFFFBBFFFF60EFFFFFFFFE0030C
:10D3600042CFFC233000007FF700000000044100A2
:10D37000000000007303830000001DFF67F700003A
:10D3800003EE5AFEF700006FD3B57FF70009FB3DAF
:10D39000FF85FE30BF95FFFFFB3EF4766FFFFFFF7A
:10D3A000D2A100CFFFFFFFF40000CFFA02FFF4008C
:10D3B00000CFFA02FFF40000AFF801FFF300000015
:10D3C0002772000000007FF7000000008FF80000C7
:10D3D00000008FF8000000008FF8000000DFFFFF62
:10D3E000FD00004FFFFFF4000004FFFF4000233367
:10D3F0005FF53332FFFFA44AFFFFFFFFFCCFFFFFC3
:10D40000FFFFFFFF5C8F9AAAAAAAAAA8004FFFFFFE
:10D41000FFB00001ED888889F8000AF2000000AF33
:10D42000305F700000001ED0EF886000288BF6FF90
:10D43000FFF300BFFFF8FFFFFFFFFFFFF8FFFFFF55
:10D44000FFFFFFF7BFFFFFFFFFFFF4000001100029
:10D45000590019EFFD709F03EFDA9DFEBF0EF60035
:10D46000005FFF7F70003FFFFF6900002AAAA9004C
:10D470000000000000AAAAA20000A6FFFEF3000719
:10D48000F7FFF500007FE0FBEFD9ADFE30FA08EFC3
:10D49000FE910095000110000000002A0002EF78C4
:10D4A0008EFFFFFFFFFFFFFFFFFFFFDFFFFF000714
:10D4B000FF00007F00000100002A0000002EF000A5
:10D4C000788EFF030FFFFFF0BAFFFFFF03FFFFFFA0
:10D4D000F0AADFFFFF0400008FF00000008F0000C3
:10D4E0000000100000000000000000000000000626
:10D4F000D20000002A00118E100002EF007D2B9058
:10D50000788EFF030AB3F0FFFFFF0BA1F1E3FFFFEB
:10D51000FF03F0E3C5FFFFFF0BA1F1E3DFFFFF0314
:10D520000AB3F00007FF007D2B9000007F00119EE2
:10D53000100000010006D20000000000000000BF43
:10D54000FFFFFFFFFBFD5BFFFFFFFFF501FFFFEFAD
:10D55000FFFB18FFF61CFFFFFCFF6001DFFF60967A
:10D5600000008FF9000000008FFC88888888CFBFFA
:10D57000FFFFFFFFFB000240000000CF1000002F64
:10D58000F700000AFFE00004FFFF8000EFFFFF301C
:10D590008FFFFFFC0EFFFFFFF2F9CFFFFF3DC5FF3E
:10D5A000FFF16FA3BFFA008FFFFB0000267400009D
:10D5B000580000359F1005FE9F106FFE9F17FFFE5D
:10D5C0009F9FFFFE9FFFFFFE9FEFFFFE9F2DFFFE31
:10D5D0009F10CFFE9F100BFE8F00009B00000000ED
:10D5E00046000000000FFD40000000FFFFA100000A
:10D5F0000FFFFFF70000FFFFFFFD500FFFFFFFFFD2
:10D60000B1FFFFFFFFFF6FFFFFFFFFB1FFFFFFFD58
:10D61000400FFFFFF70000FFFFA100000FFD4000DB
:10D620000000360000000000AFFE30AFFE3FFFF705
:10D630000FFFF7FFFF80FFFF8FFFF80FFFF8FFFFDF
:10D6400080FFFF8FFFF80FFFF8FFFF80FFFF8FFFC6
:10D65000F80FFFF8FFFF80FFFF8FFFF70FFFF7487E
:10D66000981048981048888888881FFFFFFFFFF7A8
:10D67000FFFFFFFFFF8FFFFFFFFFF8FFFFFFFFFF31
:10D680008FFFFFFFFFF8FFFFFFFFFF8FFFFFFFFF91
:10D69000F8FFFFFFFFFF8FFFFFFFFFF7AFFFFFFF69
:10D6A000FE30260000587FA000BF8FFB00BF8FFF19
:10D6B000C1BF8FFFFDCF8FFFFFFF8FFFFFEF8FFFFA
:10D6C000F4BF8FFF40BF8FE300BF5D2000AE0000BE
:10D6D000000000000370000000003FFA000000029C
:10D6E000EFFF9000001EFFFFF80001DFFFFFFF705B
:10D6F0000CFFFFFFFFF40DFFFFFFFFF50134444473
:10D7000044300DFFFFFFFFF50FFFFFFFFFF80CFF99
:10D71000FFFFFFF5000003100005FB0005FF4005BB
:10D72000FF4005FF5003FF50000BFC10000BFC10E6
:10D73000000BFC10000CFB00000A5003100003FC5F
:10D7400010000BFC10000BFC10000BFC10000DFB7C
:10D750000005FF5005FF5005FF5003FF50000A5021
:10D760000000000069100000000DF500000000EF4F
:10D77000600000000EF600005888FFB8881FFFFF09
:10D78000FFFFF79BBBFFDBBB30000EF60000000085
:10D79000EF600000000EF6000000009D2000004633
:10D7A000666666661FFFFFFFFFF7ADDDDDDDDD406E
:10D7B0000003ADFFC70000009FE624AFE3000BFFAE
:10D7C000207709FF407FF900CFA1FFE1EFF67FFF4F
:10D7D000F0EFF78FF93FFFC1FFE10BFF26CA19FFFA
:10D7E00040009FE624AFE30000039DFFC700003226
:10D7F00000000000000000DF500000000000001CDE
:10D80000F84AEFEB500000009FFD525DFC10000055
:10D8100005FE4A70CFE1000B802DFFF74FFB002F74
:10D82000FB00AFFB2FFF300BFF5007FE7FFB00011B
:10D83000DFC0003EFFE100001BFC4201BFA0000072
:10D84000005BEFB008FC100000000000004FE0009B
:10D850000000000000024000000003100000000073
:10D860000005FD000000000000EFF70000000000D0
:10D870008FFFF1000000002FFDEFA00000000BFB68
:10D8800003FF30000004FFC04FFC000000DFFD0577
:10D89000FFF600007FFFF8CFFFE1001FFFFC04FF51
:10D8A000FF900AFFFFD27FFFFF20FFFFFFFFFFFF78
:10D8B000F604788888888887000000000006100039
:10D8C0000000000FC1FFF8002EFFFCCDFF62EFDF6C
:10D8D000F9002C4EF90F900002EF900700002EF88F
:10D8E000880FA0CDFF80DFDFF9FFF8001EFFFC00EE
:10D8F0000000000FC000000000061000002700001C
:10D9000000002EF90000002EFFF900002EF92EF97C
:10D91000002EF9002EF90BF900002EF4270000006C
:10D92000270026000000270BF900002EF42EF90036
:10D930002EF9002EF92EF900002EFFF90000002E1E
:10D94000F9000000002600000000010000000000B7
:10D9500000003FC0077777720003FFFC2EFFFFF93E
:10D96000000FCFCFA00000E900041E93200000E9C3
:10D9700000000E90000000E900000E900000B5E9E4
:10D9800097000EC77773BFFFF6000DFFFFFD0BFF7B
:10D9900070000000000000A600BFFFF6000000FFBE
:10D9A000FFFF988874FFFFFFFFFFFFFFFFFFFFFFF0
:10D9B000FFFFFFFFFFFFFFFFFFFFFFFFFFFFFFFF77
:10D9C000FFFFFFFFFFFFFFFFFFBFFFFFFFFFFB00AA
:10D9D000000220000000003EE300000003EFFE30E4
:10D9E00000003EFFFFE30000EFFFFFFE0000008F9E
:10D9F000F8000000008FF8000000008FF8000023FE
:10DA0000328FF82332FFFD3993EFFFFFFFC99CFFF0
:10DA1000FFFFFFFFFF5C8F9AAAAAAAAAA800000036
:10DA20000003620000000000CFFE000000003FFF86
:10DA3000E000000009FFFD000000002DFF90000045
:10DA400000004FF4000000000CFD0000010009FF81
:10DA500040018EE11AFF7000EFFFDEFF90000CFF27
:10DA6000FFFF6000008FFFE9100000027630000029
:10DA7000000007930000220AFFF2008FF5F91F70E3
:10DA80008FF90CFCF88FF9001AEFFFF9000000EF96
:10DA9000FC000007BFFFF6000AFFFABFF600F91FFF
:10DAA00070BFF60CFCF400BFF41AC600005600006C
:10DAB000034441200000FFFF5E40241FFFF5EE2FCE
:10DAC000F4FFFFC882FF4FFFFFFF5FF4FFFFFFF58A
:10DAD000FF4FFFFFFF5FF4FFFFFFF5FF4FFFFFFF6B
:10DAE0005FF4FFFFFFF4FF934444430FFFFFFF5039
:10DAF0000068888871000048888887000FFFFFFF52
:10DB0000FB00F800000BFB0F800000BFF3FB7777F2
:10DB10007DFF4FFFFFFFFFF4FFFF42DFFF4FFFC01E
:10DB200008FFF4FFFE00AFFF4FFFFCAFFFF4AFFFB5
:10DB3000FFFFFD1000000000000FFFFFFFFFF79A3E
:10DB4000AAAAAAAA40000000000089999999993FC1
:10DB5000FFFFFFFFF7122222222200000000000038
:10DB60009AAAAAAAAA4FFFFFFFFFF7000000000031
:10DB700000BFFFFFFFFFFBFFFFFFFFFFFF4EFFFFA9
:10DB8000FFFFE4C3BFFFFFFB3CFF57FFFF75FFFF35
:10DB9000F93DD39FFFFFFFD55DFFFFFFFFFFFFFFB5
:10DBA000FFBFFFFFFFFFFB01BBBA10005FFFF100EB
:10DBB00007FFFB00009FFF60000BFFFFFF60EFFF10
:10DBC000FFF10EFFFFF800000CFE000000FF500008
:10DBD000003FC0000007F3000000A90000000200A1
:10DBE0000000002A5000000EFF8FFF2000FFF8FF0A
:10DBF000F4000FFFEBBB3000FFF49992600FFF5F62
:10DC0000FF4FA0FFF5FFF5561FFF5FFFFFF4FFF585
:10DC1000FFFFFF4EFF5FFFFFF40005FFFFFF400027
:10DC20005FFFFFF4000044444400000015000000C2
:10DC30000009F10000002DFFF900000EFFFFF700C2
:10DC400005FFFFFFD0008FFFFFFF000AFFFFFFF27D
:10DC500000DFFFFFFF506FFFFFFFFD0EFFFFFFFF25
:10DC6000F6244444444300002FF90000000046001D
:10DC70000000BFFFFFFFFFFFF4FC8E8E8E88E8F7E9
:10DC8000F80C0C0B00B0F8FFECFCECEECFF8FFA0AA
:10DC9000C0A0772FF8FFECFCECEECFF8F80C0000FA
:10DCA00000B0F8FC8E888888E8F7BFFFFFFFFFFF11
:10DCB000F4000000000006300000000018EFE00053
:10DCC000000029FFFFB000003AFFFFFF30004CFFCB
:10DCD000FFFFFC000BFFFFFFFFF5000EFFFFFFFF44
:10DCE000D000013444DFFF6000000000CFFE0000E0
:10DCF000000000CFF80000000000CFF1000000009D
:10DD000000BF900000000000260000009BBBB27026
:10DD10000FFFFF4F90FFFFF4FF9FFFFF5444FFFFF3
:10DD2000FFFFFFFFFFFFFFFFFFFFFFFFFFFFFFFF03
:10DD3000FFFFFFFFFFFFFFFFFFFFFFFFFFFFFFFFF3
:10DD4000FFFF3444444430000000000000000000A5
:10DD5000059BCB950000008FFFFFFFFF8003EFFACC
:10DD600053235AFFE3DFA100000001AFD26005BEDC
:10DD7000FEB50052001CFFFEFFFC100002EC40004C
:10DD80004CE200000100010001000000000AFA005E
:10DD90000000000000FFF0000000000006D60000B8
:10DDA00000377777777777750FFFFFFFFFFFFFF378
:10DDB000F834444444444FDF8CFFFFFFFFF2CFF8B8
:10DDC000CFFFFFFFFF08FF89CCCCCCCCC3FFFB7794
:10DDD000777777779F9CFFFFFFFFFFFFE100000051
:10DDE0000000000000377777777777750FFFFFFF28
:10DDF000FFFFFFF3F834444443004FDF8CFFFFFF85
:10DE0000C002CFF8CFFFFFFC0008FF89CCCCCC903C
:10DE100003FFFB77777777779F9CFFFFFFFFFFFF7D
:10DE2000E100000000000000003777777777777512
:10DE30000FFFFFFFFFFFFFF3F834444200004FDF06
:10DE40008CFFFF800002CFF8CFFFF8000008FF89A9
:10DE5000CCCC600003FFFB77777777779F9CFFFF41
:10DE6000FFFFFFFFE10000000000000000377777B0
:10DE7000777777750FFFFFFFFFFFFFF3F83441005F
:10DE800000004FDF8CFF40000002CFF8CFF400000D
:10DE90000008FF89CC30000003FFFB7777777777A6
:10DEA0009F9CFFFFFFFFFFFFE1000000000000005C
:10DEB00000377777777777750FFFFFFFFFFFFFF367
:10DEC000F800000000004FDF800000000002CFF8E3
:10DED000000000000008FF800000000003FFFB7747
:10DEE000777777779F9CFFFFFFFFFFFFE100000040
:10DEF0000000000000000000000000000000000022
:10DF000025FB000000000005CBFE00000001000D15
:10DF100010420000009FD1680000006800FFFEEE84
:10DF2000EDDDDDEFC09FD100B3000068000100000F
:10DF30003B0574000000000009BEFB00000000006B
:10DF4000002DFB0000000000000000000000003475
:10DF50002000006EFEFD2004FFF3FFD00CFFF04F09
:10DF6000F50FD5F295F82FF7413CFA3FFF60AFFB74
:10DF70003FFE204FFB2FE29275FA0FEBF149F809B3
:10DF8000FFF09FF201DFF9FF900006AB950000045F
:10DF90008870000BCCFFFFDCC5BCCCCCCCCC52884D
:10DFA000888888604FFFFFFFFC04FAAE6F5FC04FA8
:10DFB000AAE6F4FC04FAAE6F4FC04FAAE6F4FC04E4
:10DFC000FAAE6F4FC04FAAE6F5FC03FFFFFFFFB0AC
:10DFD00006888888720000000000017100000000BF
:10DFE00001EFD1000000015FFFC0000001EA5FFD0A
:10DFF000000001EFFA5D100001EFFFF8000001EFF3
:10E00000FFFE200001EFFFFE200001EFFFFE2000D9
:10E0100000BFFFFE2000000DFFFE20000000FFFEFD
:10E0200020000000066410000000000005EFFFFF64
:10E03000FFFF8005FFFFFFFFFFFF05FFFF91DD19D9
:10E04000FFF5FFFFFD1111DFFFEFFFFFFB00BFFF3B
:10E05000F5FFFFFD1111DFFF05FFFF91DD19FFF057
:10E0600005FFFFFFFFFFFF0004EFFFFFFFFF800042
:10E07000178887202DFFFFFD2EA0B378FEFA0B37FF
:10E080008FFFFFFFFFFFFFFFFFFFFFFFFFFFFFFF10
:10E09000FFFFFFFFFFFFFFFFFFFFFFFFFFFFFFFF90
:10E0A000FCFFFFFFFC0444444400000000000002A9
:10E0B000000000000004F00069000000DF007FC0E5
:10E0C00000000DF08FFFDDDDDDFF0BFFFFFFFFFF29
:10E0D000F00BFC00000000000AC00000000000007F
:10E0E0000000000000000000000000000000000030
:10E0F00000006003000000000000B003020A0100FD
:10E100000A00D004050400051400B0080909000045
:10E110003D002007070D00FE6B00D00A0B09000030
:10E120009D00300808090000C100A002020400059B
:10E13000C5004004040D00FEDF004004040D00FE95
:10E14000F90080040404000601012007070700010C
:10E150001A012003030400FE2001D004040100037F
:10E16000220120030302000025014004050D00FDEB
:10E1700046017007070900006601700707090000E3
:10E180008601700707090000A60170070709000053
:10E19000C601700708090000EA01700707090000BE
:10E1A0000A027007070900002A0270070709000029
:10E1B0004A027007070900006A0270070709000099
:10E1C0008A0220030307000095022003030800FED3
:10E1D000A102200707070001BA0220070604010375
:10E1E000C602200707070001DF02A006060A00009A
:10E1F000FD02500A0A0A00FE2F03E0080909000088
:10E2000058036008070901007803A0080709010006
:10E210009803600908090100BC03B0070609010062
:10E22000D703300706090100F2036009070901005E
:10E230001204A009080901003604D00302090100F4
:10E240003F0440050409000051046008070901006B
:10E250007104F006060901008C04C00B0A090100D4
:10E26000B904A00908090100DD04100A0809010029
:10E270000105F007070901002105100A080B01FE3E
:10E280004D056008070901006D05B007060901008A
:10E290008805B00707090000A80560090709010003
:10E2A000C805600808090000EC05C00C0D09000055
:10E2B00027066008080900004B06F007080900005F
:10E2C0006F06F007060901008A06C004040C01FE6F
:10E2D000A2064004050D00FDC306C004040C00FEA8
:10E2E000DB06D00506040003E7063007070100FF40
:10E2F000EB06400403020008EE06F00607070000E4
:10E300000707B007060A0100250780060607000078
:10E310003A07B007070A00005D073007070700004B
:10E3200076075004050A00008F077007070A00FDF2
:10E33000B207B007060A0100D0076003030A000015
:10E34000DF076003040DFFFDF907F006060A010070
:10E3500017086003020A01002108400B09070100A9
:10E360004108B007060701005608B007070700007C
:10E370006F08B007070A00FD9208B007070A00FD02
:10E38000B508100504070100C308000606070000D1
:10E39000D808D004050A0000F108B00706070100FC
:10E3A0000609C006070700001F09500A0A070000F7
:10E3B0004209C006070700005B09C006070A00FD06
:10E3C0007E0940060607000093090005050C00FEC3
:10E3D000B109B003020C01FEBD090005050C00FEE9
:10E3E000DB09500606030002E409000C0C0D00FED8
:10E3F000320A000C0C090000680A000C0C0B00FF2C
:10E40000AA0A000C0C090000E00A400809090000F3
:10E41000090B000C0C0D00FE570B000C0C0D00FE40
:10E42000A50B800D0E0B00FFF20B000C0C0D00FE77
:10E43000400C800D0E0900007F0C000C0C0D00FE3E
:10E44000CD0C0006060A00FFEB0C0009090A00FFCC
:10E45000180D800D0E0D00FE730D000C0C09000050
:10E46000A90D4008090D00FEE40D800A080C01FE0C
:10E47000140E800A0B0D00FE5C0E800A0B0B00FFD1
:10E48000990E800A0B0B00FFD60E800A080C01FEC5
:10E49000060F800A0C0BFFFF480F8007070B00FFD9
:10E4A0006F0F8007070B00FF960F800A0B0B00FF12
:10E4B000D30F800A0B030003E40F800D0E09000048
:10E4C0002310000F100D00FE8B10800D0F0DFFFEAE
:10E4D000ED10000C0C0B00FF2F11800A0B07000140
:10E4E0005611800A0B0700017D11000F100AFF0072
:10E4F000CD11000C0C0900000312000C0C0D00FEE5
:10E500005112000C0D0DFFFEA612800A0B0B00FF2E
:10E51000E312800A0B0D00FE2B13800A0B0B00FF89
:10E520006813800A0B0B00FFA513000C0C090000F8
:10E53000DB138007090DFFFE1614800A0B0D00FE89
:10E540005E14800A0B0D00FEA614800D0E0900005B
:10E55000E514000C0E0DFFFE40150009090D00FE2C
:10E560007B15000F0F0C00FFD515000F0F090000E1
:10E570001916000F0F0900005D16000F0F090000AB
:10E58000A116000F0F090000E516000F0F0900008B
:10E590002917000F100B00FF8117800A0A0D00FEDB
:10E5A000C217800A0B0D00FE0A18000C0D0DFFFEAD
:10E5B0005F18000F0F090000A3180009090D00FEE5
:10E5C000DE18100C0D090000000007000A000B0007
:10E5D0000C0010001200140018001B002000250081
:10E5E000260027003D00420047004A004B004C0037
:10E5F0005000510052005300660067006D006F002C
:10E60000700073007600770078007A009200940022
:10E61000C300C400C600C800DF00E600E900F20045
:10E620001B0123015A01EA013F024002410242025A
:10E63000430286029202EC0203035905C107A108B6
:10E64000200000005F00010000000000000000004A
:10E650000000020001F00000A2086000C8E5020806
:10E66000000000003C00030000000001000000006A
:10E670000100000000020302000000000000000092
:10E680000000000000000000000004050006000774
:10E6900008000000090A0000060B060C0D0E0F1002
:10E6A000111213140000000000000000000000150B
:10E6B00000000000160000001700001800000019FC
:10E6C0001A161A0000000000000000000000000000
:10E6D000000000000000000000000000000000003A
:10E6E000000000000000000000000000000000002A
:10E6F000000000000000000000000000000000001A
:10E700000000000000000001000000000100020005
:10E7100000030403000000000000000000000005EA
:10E7200005000000020006000700000007000008C6
:10E730000000000007000700090A0B0C0D0E0F1067
:10E740000000020000001100121212131400000059
:10E7500000001515120000161718191A1B1C1D1E93
:10E7600000000200000000000000000000000000A7
:10E770000000000000000000000000000000000099
:10E780000000000000000000000000000000000089
:10E790000000000000000000000000000000000079
:10E7A0000000000000F40000000000000000000075
:10E7B0000000000000000000000000000000000059
:10E7C00000000000F40000E900E9ED00E90000F8B5
:10E7D000FC000000000000F4F400F4000000000061
:10E7E0000000000000F100F8F8F8F4F80000000064
:10E7F00000000000000000F80000F400000000002D
:10E80000F80000F8FCF8F400F4000000000000003C
:10E8100000FC00FAFC00FC0000000000000000000A
:10E8200000FC00FC0000FC000000000000000000F4
:10E830000000000000000000F40000F8000000F8F4
:10E8400000F8F8F8F40000000000000000000000EC
:10E85000000000000000E90000F400F400000000E7
:10E8600000000000FCF8000000000000FC000000B8
:10E870000000000000000000000000000000000098
:10E88000F800000000000000000000000000000090
:10E89000000000F80000F800000000000000000088
:10E8A000FCF8000000000000FCF8FC00FC00ED009B
:10E8B00000F80000F40000F4FCF8F800F400000098
:10E8C00000000000000000F8FC00FC000000E50073
:10E8D00000F800F80000000000FC0000000000004C
:10E8E0000000000000000000000000000000000028
:10E8F000000000FC00FCFC00FC0000000000000028
:10E900000000000000000000000000000000000007
:10E91000000000000000FC000000000000000000FB
:10E920000000000000000000E9F1F4F8F8F4000035
:10E93000000000000000F4F40000F8F8F800F4F81B
:10E94000FCF8F8F40000000000FC000000000000EB
:10E9500000000000000000000000000000000000B7
:10E9600000000000E9F8F8F8F800000000000000DE
:10E970000000F8F800F8F8F8F800F8000000FC00D3
:10E980000000EDF800F4F8000000000000000000B6
:10E99000F8F80000F8000000F80000000000000097
:10E9A00000F80000F8000000000000000000000077
:10E9B00000000000000000000000F8000000E9F482
:10E9C000F8F4F400FC00000000000000F4F400F88B
:10E9D000F800F800F8FCFCFC00FC000000F8000067
:10E9E0000000000000000000000000000000000027
:10E9F0000000000000000000000CFC00000000000F
:10EA00000000000000000000000000000000000006
:10EA1000000000000000000000F8000000000000FE
:10EA200000000000000000FC0000000000000000EA
:10EA3000000000000000F8000000000000000000DE
:10EA400000000000000000000000000000FC00FCCE
:10EA500000000000F1F800000000000000000000CD
:10EA6000000000FC000000000000000000000000AA
:10EA70000000F400000000000000000000000000A2
:10EA800000FC00000000000000000000000000008A
:10EA9000F400000000000000000000000000000082
:10EAA000000000000000000000000000A0E70208D5
:10EAB00068E6020804E702081A1E0000CCC7020834
:10EAC000E8E0020840E60208ACEA0208100002286A
:10EAD00040030020957D0108617C01080C000100C5
:10EAE00000FF0100BCEA0208000000000000000076
:10EAF0003F23F23F23F23F23F23F23F23F20200344
:10EB000007F65F400F82F60F71F50E70F50E60F498
:10EB10000520610008C000D700000AA000F5000031
:10EB20000C8001F3000DFFFFFFFFF3044F7448F466
:10EB300040001F3007D000003F1008C000005F00F9
:10EB40000AA0008FFFFFFFFF8023AC333E8310003D
:10EB5000B9000F400000D7002F20000008800000FF
:10EB600008800002BFFD801FDBB8E17F0880009EA7
:10EB70000880004FBA800006FFD500001AFFA000F1
:10EB80000889F4000881F6300883F4EC7BCED04A83
:10EB9000DFF910000880000008800003CFC20000E9
:10EBA0007D000E93BC0003F2004F103F200D60006B
:10EBB0006F001F30AB00005F003F26E100001F70B8
:10EBC0009D2F48EE8005FFE4D76F55F5000109C081
:10EBD000C900AB00004E10D8008C0001E400C90051
:10EBE0009B000C90007E11E6007D000009EE800085
:10EBF00006DFC3000005FA6AA00000BC00010000A7
:10EC00000BB0000000008F1000000008FA000000A8
:10EC100008F8F8002201F705F70BA04F3006FBF2C9
:10EC200002F60009FA000BF759FCF40009EFC50AD7
:10EC3000F20F80F70E70E60520001400C907D01F00
:10EC4000605F00AD00CA00E900E900DA00BC007FA7
:10EC5000002F300BA002F50038060000E70004F298
:10EC6000000CA0006F0003F4000F6000F8000F809C
:10EC700000F7002F5005F1009D001F500BB000A0C1
:10EC8000000077001B76B104BB40069960011210AA
:10EC900000031000000D5000000D5000000D60003A
:10ECA000FFFFFFF7333E8331000D5000000D500091
:10ECB000000D50000670CC0E92F39C0000000EFF79
:10ECC000F433331002300EF10BD00000F70003F4E0
:10ECD0000007F0000BC0000E80002F40006F000006
:10ECE000AC0000E80002F40006F0000AC0000E804C
:10ECF000002F40006F1000AC0000E80000002BFF68
:10ED0000A10001ED66DD0008F1002F600DB0000CE0
:10ED1000B00F800009E01F700008F01F700008F0BD
:10ED20000F800009E00DB0000CB008F1002F600169
:10ED3000ED66DD00002BFFA100001BF00004EFF0EA
:10ED4000000E88F0000007F0000007F0000007F058
:10ED5000000007F0000007F0000007F0000007F0D7
:10ED600000466AF664BFFFFFFA19DFE9106D868F6F
:10ED7000C0100006F3000002F4000006F100002EAF
:10ED8000A00000DD10000BE20000AF300008F4002E
:10ED9000006FB66664BFFFFFFA18DFEA206D868E4B
:10EDA000E0100004F5000002F400014CD000AFFEBA
:10EDB0001000247EC0000002F6000000D9300002DE
:10EDC000F7BD768EE129DFE910000002F9000000AE
:10EDD0000CF90000007ED9000002F4D900000BA05D
:10EDE000D900006E10D90001F600D9000BC111DA6C
:10EDF000101FFFFFFFF5044444DB41000000D90071
:10EE0000000000D9000BFFFFF20DA666600F500056
:10EE1000001F3000002F2000004FAFFD304FA55DD8
:10EE2000F2000001F8000000D9400002F7BD857E25
:10EE3000E118DFEA100007DFD92000AF957D7004EC
:10EE4000F70000200BE00000000EA00000000F9A69
:10EE5000FFE7001FFA65AF700F80000BE00DA00008
:10EE600008F008F1000DC001EE76CF40002AFFB493
:10EE700000BFFFFFFF0466666CD0000001F60000D3
:10EE8000008E0000001F70000007F1000000E90084
:10EE900000006F2000000DA0000005F3000000DC62
:10EEA0000000004F500000005CFFC40006FA55AFA0
:10EEB000400CB0000CB00CA0000BB007F6227F6035
:10EEC00000AFFFF90006FA55AF500EA0000BD00FAF
:10EED000600008F00EA0000BD006FA56BF40005CA0
:10EEE000FFB400005CFEA20006FC67EE100EC0003E
:10EEF0002F700F70000CC00F900009F00AF6238FDE
:10EF0000F001BFFFCBF00001320AD00000000EA0DC
:10EF10000200005F4009D769FA0002AEFD700002EE
:10EF2000300EF10BD000000000000002300EF10B9B
:10EF3000D00BD00EF1023000000000000006700C73
:10EF4000C00E902F309C000000004400006DF501C1
:10EF50008EE810AFC50000EF71000007DF920000DF
:10EF600005CFB2000003A600000000000000009FD3
:10EF7000FFFFF72333333100000000000000009F43
:10EF8000FFFFF72333333171000000CFA3000004EB
:10EF9000BFC50000029FD400003BF6005CFA307E43
:10EFA000E81000C60000000000000007CFEA204E75
:10EFB000978EF2100001E9000000BB000002F9008A
:10EFC000007FD10008F700000F7000002F30000014
:10EFD00004000000030000007F7000005F5000008C
:10EFE00006BEDB400001CD6337E9000BB000001D19
:10EFF000704E107DC723F19805E33E30C6D40C60F7
:10F000000F1089E30F302F007AD30F203E0098B6FF
:10F010000E50AF21E36B06FD46FF700E500000005E
:10F020000003E820039000002AFFFE7000000001AA
:10F0300000000000003FF1000000009EF60000000C
:10F0400000E8BC00000005F26F2000000AD01F801D
:10F0500000000F700BD000006F2006F30000BD0011
:10F0600001F90001FFFFFFFE0007F433336F400C8E
:10F07000A000000EA02F40000008F0FFFFEB30FAC8
:10F08000667DF1F60003F5F60002F6F7112AF1FFAE
:10F09000FFFF80F9445AF4F60000DAF60000CCF6DF
:10F0A0000000EBFA667CF4FFFFEC400018DFEA306A
:10F0B0001DF867CD09F2000030F90000004F400054
:10F0C0000005F30000005F30000004F40000000FB2
:10F0D000900000009F20000301DE867BC0018DFEB2
:10F0E000A3FFFFEB400FA667CF60F60000AF2F60D5
:10F0F0000002F8F600000DBF600000BDF600000B36
:10F10000DF600000DBF600002F8F60000AF2FA6675
:10F110007CF60FFFFFB400FFFFFFAFA66664F600AA
:10F12000000F600000F711110FFFFFF4F944441FB6
:10F13000600000F600000F600000FA66664FFFFFF7
:10F14000FAFFFFFF8FA66663F600000F600000F66F
:10F1500000000F711100FFFFF70F944410F600003C
:10F160000F600000F600000F6000000007DFEC6099
:10F1700000CF966AF308F30000210FA00000003FC3
:10F18000500000005F300000005F3002FFFA3F5087
:10F190000033DA0F900000CA09F20000CA00CF85E0
:10F1A0007CF80007DFEB40F6000009CF6000009C10
:10F1B000F6000009CF6000009CF711111ACFFFFF85
:10F1C000FFFCF944444BCF6000009CF6000009CFDF
:10F1D0006000009CF6000009CF6000009C2F42F404
:10F1E0002F42F42F42F42F42F42F42F42F42F40026
:10F1F00003F30003F30003F30003F30003F300033E
:10F20000F30003F30003F30003F30005F1396DD0BD
:10F210002CFC20F60001EB0F6000BE10F6009F30C2
:10F220000F605F5000F63F90000F7EF30000FFEE8E
:10F23000D0000FF34F8000F800AF300F6001ED00F9
:10F24000F60004F80F60000AF3F600000F600000FB
:10F25000F600000F600000F600000F600000F600EE
:10F26000000F600000F600000F600000FA66662FD5
:10F27000FFFFF7FFA000000EFBFEF000003FEBF9E0
:10F28000F500009DBBF6DA0000E8BBF68F0004F243
:10F29000BBF62F6009D0BBF60CB00E80BBF607F1B1
:10F2A0004F20BBF601F6AD00BBF600CCF700BBF675
:10F2B000006FF200BBF6001FC000BBFB000009CFCF
:10F2C000F500009CFFE10009CF8FA0009CF67F4075
:10F2D00009CF60CE009CF602F909CF6008F49CF6D5
:10F2E000000DDACF60003FFCF600009FCF60000009
:10F2F000EC0007DFEA30000CF857CF5009F30000AC
:10F30000BE10FA000003F64F5000000EA5F30000F7
:10F3100000CC5F3000000CC3F5000000EA0F900045
:10F32000003F609F20000BE100CF857CF500007D51
:10F33000FEA300FFFFEB30FA668EF2F60001F8F64E
:10F340000000DBF60000CBF60000F9F7113AF3FFFE
:10F35000FFFF60F9443000F6000000F6000000F600
:10F360000000000007DFEA30000CF857CF5009F327
:10F370000000BE10FA000003F64F5000000EA5F387
:10F38000000000CC5F3000000CC3F5000000EA0F65
:10F390009000003F609F20000BE100CF857CF500CE
:10F3A000007DFFF4000000000D90000000005F20D1
:10F3B000000000007400FFFFFC400FA667DF20F68E
:10F3C0000001F80F60000DB0F60000E90F7113AFF7
:10F3D00040FFFFFF700F944CD000F6004F500F60BD
:10F3E00000CD00F60005F50F60000DD0018DFEA3E5
:10F3F0000CE868D83F4000014F3000001FD40000E7
:10F4000003DFE7100004BFE2000003FA0000009DE4
:10F41000300000CBAE966BF417CEFC50FFFFFFFF21
:10F420003777CE77710009D00000009D00000009F9
:10F43000D00000009D00000009D00000009D0000E9
:10F440000009D00000009D00000009D00000009DD0
:10F450000000F600000E7F600000E7F600000E7F5F
:10F46000600000E7F600000E7F600000E7F6000095
:10F470000E7F700000F7DA00002F58F2000AF01E2D
:10F48000E76BF6001AEFD5003F4000000F60DA008E
:10F490000005F108F00000BB002F50000F5000DA0B
:10F4A0000006F00007F000BB00002F501F500000C6
:10F4B000DA06F0000007F0BA0000002F7F500000CD
:10F4C00000CFF000000007FA00001F600005F60002
:10F4D000006F00CB0000AFA0000AB008F0000EFEE5
:10F4E0000000E7003F4002F7F3003F2000F8007EF5
:10F4F0000F8007E0000AC00BA0BC00CA00006F101C
:10F50000F606F10F500002F54F202F55F100000DC7
:10F51000A8D000E99C0000009ED90009DE80000010
:10F5200004FF40005FF30000000FF00001FF000047
:10F530000AE10000BD001EA0006F30005F401E9079
:10F540000000BE0AE0000002FCF500000007FB001E
:10F55000000000BFD00000005F7F7000000EA08F91
:10F56000200009E100EC0003F60004F600DC0000D6
:10F570000AF12F800000EA09F10006F201F8000EFE
:10F58000A0008F107F20001F80E9000008F8F10024
:10F590000001FF900000008F100000006F000000CD
:10F5A000006F000000006F000000006F00004FFFC0
:10F5B000FFFD0144445F9000000AE1000003F600F3
:10F5C0000000DD0000006F3000001EA0000009F107
:10F5D000000003F7000000CD0000006F8444440ADF
:10F5E000FFFFFFF3000003FFFA3F5323F2003F2029
:10F5F00003F2003F2003F2003F2003F2003F20030C
:10F60000F2003F2003F2003F3003FFFA033320E90A
:10F610000000AD00006F10002F40000E80000AC0F7
:10F620000006F00002F40000E80000AC00006F00EB
:10F63000002F40000E80000AC00006F00002F40017
:10F6400000E8000004FFF9133D9000D9000D900080
:10F65000D9000D9000D9000D9000D9000D9000D96F
:10F66000000D9000D9000D94FFF9133320000C8099
:10F6700000006FF20001F59C000B900D701B000262
:10F68000B00000000004FFFFFFFD03333333306799
:10F69000002E8003F418DFE8006E859F7010000BC9
:10F6A000C0000008D007CEFFD0AF6329D0E9000A20
:10F6B000D0CE55BEF02CFD74F16F00000006F000B6
:10F6C00000006F00000006F00000006F4CFD5006C7
:10F6D000FF96BF306F3000EB06F00009E06F0000CE
:10F6E0008F06F0000AE06F0001FA06F856DF206F7F
:10F6F000AEFC3000003BFEB202FC67B70AE000013E
:10F700000F9000000F7000000F8000000BE000025F
:10F7100003FC66B9003CFEA1000000D9000000D93E
:10F72000000000D9000000D901AEEAE90DE758F960
:10F730007F3000D9BD0000D9CB0000D9BC0000D972
:10F740008F1001E92FC68EEA04DFD59D02BFE800C5
:10F750001EC56E908F1005F2CB0000F6DFFFFFF79D
:10F76000CB2222217F1000100DD648E2019EFC60C2
:10F77000002CFB00BE5500F60000F600AFFFFB2496
:10F78000F84300F60000F60000F60000F60000F670
:10F790000000F60000F60004CFEACB2FD658F89F01
:10F7A0001000F7CB0000F7E90000F7DA0000F7AE31
:10F7B0000000F73FC67DF705DFE9F6000000F42002
:10F7C0000006F19C769F901AEFE8003F3000003F62
:10F7D0003000003F3000003F3000003F4AFE703FE5
:10F7E000E95AF33F5000F63F3000F73F3000F73F53
:10F7F0003000F73F3000F73F3000F73F3000F78E22
:10F800001AF20100007F07F07F07F07F07F07F0703
:10F81000F07F00007E2008F30001000000006F0070
:10F8200006F0006F0006F0006F0006F0006F0006A3
:10F83000F0006F0006F0007F055EB0BFC2003F30F1
:10F8400000003F3000003F3000003F3000003F30FC
:10F8500009E23F306F403F34F6003F5EA0003FEFCB
:10F86000E0003FD3F8003F308F203F300EC03F30E4
:10F8700005F67F7F7F7F7F7F7F7F7F7F7F7F7F7E9C
:10F880002BFE62BFE504FD52BFD52AF03F3003F4E2
:10F89000003F33F3003F3002F43F3003F3002F43C7
:10F8A000F3003F3002F43F3003F3002F43F3003FF7
:10F8B0003002F43F3003F3002F407E2BFE704FD612
:10F8C00027F33F3000F63F3000F73F3000F73F307E
:10F8D00000F73F3000F73F3000F73F3000F701AE50
:10F8E000FC300DE65CF26F3000EAAE0000AEBC000A
:10F8F000008FAE0000AE6F3000EA0DE65CF201AFA3
:10F90000FC30AC5DFD5007FE539F306F2000DA06DF
:10F91000F00009E06F00008F06F0000AE06F0001C0
:10F92000FA06F856DF206FAEFC3006F00000006FDC
:10F9300000000006F00000006F00000000019EFBC8
:10F94000AF00CF757EC05F5000BB09F0000BB0ADBB
:10F950000000BB09E0000BB06F2001DB00ED67EF9A
:10F96000B003DFD6BB0000000BB0000000BB0000FE
:10F97000000BB0000000BB007E1CC4FDA53F50037F
:10F98000F3003F3003F3003F3003F3003F3000014A
:10F99000AEFB300AE669900E8000000BF7200000F5
:10F9A0008DFC2000003DE0010006F01F956EB005C3
:10F9B000CFE91000000000A60000F60000F6009F4E
:10F9C000FFFB24F94300F60000F60000F60000F605
:10F9D0000000F60000CD55003DF94F2000F64F2005
:10F9E00000F64F2000F64F2000F64F2000F64F2083
:10F9F00000F63F3002F60FC58EF805EFB2BA6F1071
:10FA0000000F51F60005F00BB000BA005F100F5068
:10FA100000F605F0000AB0BA00005F2F400000FCBD
:10FA2000E000000AF900005F1000FB0003F21F5025
:10FA300003FF0008D00CA008CF500D8007E00C7B1E
:10FA4000901F4003F31F27E06F0000E85E02F2AA58
:10FA500000009C9900E7F600005FE5009EF10000C1
:10FA60000FF1005FC0001EA0008E105F503F4000ED
:10FA70009F2D900000DFD0000009F8000004FAF389
:10FA80000001E80CD000BD001EA06F20005F506F89
:10FA900010002F50F60007F00AC000D9004F102FB9
:10FAA0003000E708D00009D0D800003F6F200000E8
:10FAB000DFC0000007F60000006F1000000CA0007F
:10FAC0000002F40000008E0000000FFFFFF502228C
:10FAD0002CE100006F400002F800000DC000009F04
:10FAE000200004F600001EC222215FFFFFFB000081
:10FAF0000005FF01F9305F0005F0005F0006F0002F
:10FB0000BB00EF3003DA0006E0005F0005F0005FA5
:10FB10000002F60007FF0002301813F23F23F23F05
:10FB200023F23F23F23F23F23F23F23F23F23F230E
:10FB3000F20000004FD20014CB00005F00004F0025
:10FB4000004F00004F10001F700008F9000E9100D8
:10FB50003F10004F00004F00005F0001BC004FF35A
:10FB60000013100000000006FE7254C57EFE300037
:10FB7000030008F009E00DA02F3035000000000060
:10FB80000000000000000000000049DC0000000050
:10FB900016BFFFFF0000038DFFFFFFFF0000CFFF38
:10FBA000FFFFFFFF0000FFFFFFFFC7FF0000FFFF99
:10FBB000FA5100FF0000FF84000000FF0000FF007A
:10FBC000000000FF0000FF00000000FF0000FF0039
:10FBD000000000FF0000FF00002BEEFF0000FF0010
:10FBE00000DFFFFF2BEEFF0000DFFFFDDFFFFF0068
:10FBF000002BFFB2DFFFFD00000000002BFFB20072
:10FC000000000000D00FFFFFFFFFF00DFFFFC888CE
:10FC1000888CFFFFF00F80000008F00FF00F8000CD
:10FC20000008F00FFFFF80000008FFFFF00FECCC92
:10FC3000CCCEF00FF00FECCCCCCEF00FFFFF80005D
:10FC40000008FFFFF00F80000008F00FF00F8000A9
:10FC50000008F00FFFFFC888888CFFFFD00FFFFF60
:10FC6000FFFFF00DDFFF73FFFFFFFFFDFFFFA5FFAD
:10FC7000FFFFFFFFFFFFA5FFFFFFFFFFDFFF73FF9A
:10FC8000FFFFFFFD0000000000000000DFFF73FF2A
:10FC9000FFFFFFFDFFFFA5FFFFFFFFFFFFFFA5FF2A
:10FCA000FFFFFFFFDFFF73FFFFFFFFFD000000000E
:10FCB00000000000DFFF73FFFFFFFFFDFFFFA5FF58
:10FCC000FFFFFFFFFFFFA5FFFFFFFFFFDFFF73FF4A
:10FCD000FFFFFFFD0000000000000AB1000000006F
:10FCE0000000BFFC00000000000BFFFB0000000054
:10FCF00000BFFFC01BA000000BFFFC00CFFB0000FB
:10FD0000BFFFC000BFFFB00BFFFC00000CFFFBBF3C
:10FD1000FFC0000000CFFFFFFB000000000CFFFF52
:10FD2000B00000000000BFFB0000000000000BB0AE
:10FD300000000000030000000308FC10001CF8FF96
:10FD4000FC101CFFF5FFFC2CFFF505FFFFFFF50085
:10FD500005FFFFF500001DFFFD10001CFFFFFC105C
:10FD60001CFFF9FFFC1CFFF505FFFCDFF50005FF9C
:10FD7000D1A4000004A10000004FE0000000000238
:10FD8000106FF1031000005FD06FF13FD10003FF4F
:10FD9000F16FF15FFD000DFF406FF109FF704FF74C
:10FDA000006FF100CFE09FF0006FF1005FF3BFC084
:10FDB000006FF1002FF5BFC0004FE0001FF6AFE06D
:10FDC000000000004FF46FF400000000AFF00FFEE1
:10FDD00010000005FFA006FFD300007FFF20009F5A
:10FDE000FFDABEFFF4000006FFFFFFFD3000000059
:10FDF00017BDCA5000000000008BB80000000000D2
:10FE000000FFFF000000003006FFFF60030004FD5C
:10FE1000DFFFFFFDEF400DFFFFFFFFFFFFD04FFFB4
:10FE2000FFF99FFFFFF408FFFF2002FFFF8000FFA4
:10FE3000F900009FFF0000FFF900009FFF0008FF8E
:10FE4000FF2002FFFF804FFFFFF99FFFFFF40DFF30
:10FE5000FFFFFFFFFFD004FEDFFFFFFDDF400030AC
:10FE600006FFFF600300000000FFFF00000000002D
:10FE7000008BB800000000000003DD303FF30000FD
:10FE800000006FFFF54FF400000009FF99FFBFF479
:10FE9000000001BFF6226FFFF400002DFE35FF5376
:10FEA000EFF40004FFC18FFFF81CFE407FFA1AFF39
:10FEB000FFFFA1AFF7CF82DFFFFFFFFD28FC140E8D
:10FEC000FFFFFFFFFFE041000FFFFFFFFFFFF0001C
:10FED000000FFFF9008FFFF000000FFFF8008FFF09
:10FEE000F000000FFFF8008FFFF000000EFFF6009B
:10FEF0006FFFE000000000DFFD000000000000FFD9
:10FF0000FF000000000000FFFF000000000000FFF5
:10FF1000FF000000000000FFFF000000000000FFE5
:10FF2000FF000000004FFFFFFFFFF400000BFFFF8A
:10FF3000FFFFB0000000BFFFFFFB000000000BFF51
:10FF4000FFB00000000000BFFB000000DFFFFC1B53
:10FF5000B1CFFFFDFFFFFFC22CFFFFFFFFFFFFFF41
:10FF6000FFFFFFFFFFFFFFFFFFF0E0FFDFFFFFFFEF
:10FF7000FFFFFFFD0004EFFFFFFFFE4000001EFF3C
:10FF8000FFFFFFFFE10000AFB00000000BFA00052B
:10FF9000FF1000000001FF501EF600000000006F7F
:10FFA000E1AFB000000000000BFAFFFFFF70000897
:10FFB000FFFFFFFFFFFFE0000FFFFFFFFFFFFFFF5F
:10FFC000FFFFFFFFFFFFFFFFFFFFFFFFFFFFFFFF41
:10FFD000FFFFFFFFFFFFFF8FFFFFFFFFFFFFFFF8A8
:10FFE000000006BDDA5002FF0005EFFFFFFE42FFF2
:10FFF000007FFFA77BFFF9FF05FFC100002CFFFF7B
:020000040803EF
:100000000EFC00000222DFFF5FF200000FFFFFFF87
:100010008FB000000FFFFFFF000000000000000095
:100020000000000000000000FFFFFFF000000BF8E0
:10003000FFFFFFF000002FF4FFFD22200000CFE0C3
:10004000FFFFC200002CFF40FF9FFFB76AFFF700D1
:10005000FF24DFFFFFFE5000FF2005ACDB60000047
:10006000000000000000008D000008FF00008FFF6E
:10007000DFFFFFFFFFFFFFFFFFFFFFFFFFFFFFFFB0
:10008000FFFFFFFFDFFFFFFF00009FFF000009FFF2
:100090000000008D000000000000000000000000D3
:1000A000008D0000000008FF000000008FFF00002E
:1000B000CFFFFFFF0150FFFFFFFF06F7FFFFFFFF2E
:1000C00000BEFFFFFFFF00AEFFFFFFFF05F8DFFFF1
:1000D000FFFF026000009FFF0000000009FF00001A
:1000E0000000009E00000000000000000000000072
:1000F00000000610000000000000001FD2000000F9
:10010000008D000003EE10000008FF000AB12FB0C0
:1001100000008FFF0005FC07F4DFFFFFFF02505FC8
:1001200060F9FFFFFFFF06F70DC0BDFFFFFFFF00F7
:10013000AE09F09FFFFFFFFF00AE09E08FFFFFFF5A
:10014000FF06F70DC0ADDFFFFFFF02505F60E90063
:10015000009FFF0005FC06F4000009FF000AB12F14
:10016000B00000008D000002EE1000000000000052
:100170001FD2000000000000000610008FFFFFFFEC
:10018000FFFFFFF8FFFCFFFFFFFFFFFFFF202FFF38
:10019000FFFFFFFFFC000CFFFFEEFFFFFF202FFF24
:1001A000FE12EFFFFFFCFFFFE1002EFFFFFE4EFE01
:1001B000100002FFFFE102C1000000FFFF1000007D
:1001C000000000FFFF000000000000FFFFFFFFFF36
:1001D000FFFFFFFF8FFFFFFFFFFFFFF800004E4014
:1001E0000000000BFB00000001FFF10000009FFF7A
:1001F0009000002FFFFF30000CFFFFFC0007FFFF07
:10020000FFF802FFFFFFFFF29FFFFFFFFF9EFFFFD0
:10021000FFFFFEFF2FFFFFFFFEF2BFFFFFFE9FA1CC
:10022000BFFFFF92FFA22FFFF204FFFFFFF40002C7
:100230009EFE92000000000000FF300001CCFF4055
:10024000002DFFFF4003EFFFFF403FFFFFFF44FF94
:10025000FFFFFF9FFFFFFFFFFFFFFFFFFFFFFFFF0E
:10026000FFFFAFFFFFFFFF45FFFFFFFF404FFFFF17
:10027000FF4003EFFFFF40002DFFFF300001CC00E7
:1002800000000000000000000000008F910000004E
:100290000000FFFF7000000000FFFFFD40000000B5
:1002A000FFFFFFFA100000FFFFFFFFF70000FFFF56
:1002B000FFFFFFD500FFFFFFFFFFFFB2FFFFFFFFC4
:1002C000FFFFFDFFFFFFFFFFFFFDFFFFFFFFFFFF42
:1002D000B2FFFFFFFFFFD500FFFFFFFFF70000FFAA
:1002E000FFFFFA200000FFFFFD40000000FFFF704D
:1002F000000000008EA100000000000000000000CF
:100300000000000000000000008FFFF8008FFFF8E1
:10031000FFFFFF00FFFFFFFFFFFF00FFFFFFFFFFEB
:10032000FF00FFFFFFFFFFFF00FFFFFFFFFFFF00DA
:10033000FFFFFFFFFFFF00FFFFFFFFFFFF00FFFFCB
:10034000FFFFFFFF00FFFFFFFFFFFF00FFFFFFFFBB
:10035000FFFF00FFFFFFFFFFFF00FFFFFFFFFFFFAB
:1003600000FFFFFF7FFFF7007FFFF78FFFFFFFFF1B
:10037000FFF8FFFFFFFFFFFFFFFFFFFFFFFFFFFF94
:10038000FFFFFFFFFFFFFFFFFFFFFFFFFFFFFFFF7D
:10039000FFFFFFFFFFFFFFFFFFFFFFFFFFFFFFFF6D
:1003A000FFFFFFFFFFFFFFFFFFFFFFFFFFFFFFFF5D
:1003B000FFFFFFFFFFFFFFFFFFFFFFFFFFFFFFFF4D
:1003C000FFFFFFFFFFFF8FFFFFFFFFFFF8000000B1
:1003D0000000CC100003FFFFD20004FFFFFE30043A
:1003E000FFFFFFF404FFFFFFFF54FFFFFFFFFAFFD3
:1003F000FFFFFFFFFFFFFFFFFFFFFFFFFFF9FFFF13
:10040000FFFF44FFFFFFF304FFFFFE3004FFFFD2B6
:100410000004FFCC100003FF0000000000000000FB
:100420002DD2000000000001EFFE10000000001DB2
:10043000FFFFD100000000CFFFFFFC0000000BFF1A
:10044000FFFFFFB00000AFFFFFFFFFFA0009FFFF53
:10045000FFFFFFFF900FFFFFFFFFFFFFF008FFFF11
:10046000FFFFFFFF8000000000000000000CFFFF06
:10047000FFFFFFFFC00FFFFFFFFFFFFFF00FFFFFBA
:10048000FFFFFFFFF00CFFFFFFFFFFFFC0000000BA
:100490001A40000001DFF000001DFFA00001DFFA9C
:1004A00000001DFFA00001DFFA00000CFFA000000B
:1004B0000DFF80000001DFF80000001DFF8000003C
:1004C00001DFF80000001DFF80000001DFF00000E8
:1004D000001B5004A10000000FFC1000000AFFC127
:1004E000000000AFFC1000000AFFC1000000AFFCDC
:1004F0001000000AFFC0000008FFD000008FFD10B0
:100500000008FFD100008FFD100008FFD100000F90
:10051000FD10000005B1000000000004FF400000D5
:10052000000008FF800000000008FF8000000000BD
:1005300008FF800000000008FF80000048888CFF52
:10054000C88884FFFFFFFFFFFFFFFFFFFFFFFFFFE4
:10055000FF48888CFFC88884000008FF80000000E6
:100560000008FF800000000008FF80000000000875
:10057000FF800000000004FF400000144444444495
:100580004441EFFFFFFFFFFFFEFFFFFFFFFFFFFF05
:100590007BBBBBBBBBBBB7000005ADFFDA500000A7
:1005A0000004DFFC88CFFD4000007FFE400004EF28
:1005B000F70007FFF4009E804FFF704FFFC000AFB1
:1005C000F80CFFF4DFFF809AFFFE08FFFDDFFF80DD
:1005D000EFFFFE08FFFD4FFFC08FFFF80CFFF40791
:1005E000FFF408EE804FFF70007FFE400004EFF83C
:1005F000000004DFFC88CFFD4000000005ADFFDAFD
:100600005000008C200000000000000000DFE4002B
:10061000000000000000001BFF8049DFFDA5000076
:1006200000007FFFFFD88CFFD400000004EFF8002B
:10063000004EFF700000001CFF69E804FFF7000493
:10064000E3009FFEFF80CFFF400DFF7005FFFFE03E
:100650008FFFD00DFFF7002DFFE08FFFD004FFFCD0
:100660000000AFF8CFFF30007FFF400006FFFFF72C
:10067000000008FFF400003EFFA00000004DFFC88E
:100680008201BFF7000000005ADFFC1008FFB00035
:10069000000000000000004EFD000000000000000F
:1006A0000002C8000000002DD20000000000000081
:1006B00000BFFB0000000000000005FFFF5000002D
:1006C000000000000DFFFFD00000000000007FFFD1
:1006D000FFF7000000000001FFD88DFF10000000B0
:1006E000000AFFA00AFFA0000000003FFFB00BFFC0
:1006F000F300000000CFFFC00CFFFC00000005FF6E
:10070000FFD00DFFFF5000000EFFFFF99FFFFFE03D
:1007100000008FFFFFE22EFFFFF80002FFFFFF90B7
:1007200009FFFFFF100AFFFFFFE33EFFFFFFA00FDF
:10073000FFFFFFFFFFFFFFFFF008FFFFFFFFFFFFCF
:10074000FFFF80000000000000000000000000002B
:1007500000D800000000000000FF80FFFF700007CD
:10076000FFFFF8FFFFF6006FFFFFFD788EFF15FF1C
:10077000E8FFE20002E54FFE20FE20000013FFF339
:1007800000520000003FFF310052000002EFF45E13
:1007900020FE20788EFF51FFE8FFE2FFFFF6006F9A
:1007A000FFFFFDFFFF700007FFFFF80000000000E3
:1007B00000FF80000000000000D8000000000000E2
:1007C00000000000000000000000000001DD10003B
:1007D0000000001DFFD100000001DFFFFD10000040
:1007E0001DFF99FFD10001DFF9009FFD101DFF9053
:1007F0000009FFD1BFF90000009FFB5F90000000DF
:1008000009F50000000000000000000000000000EA
:100810005F9000000009F5BFF90000009FFB1DFF7D
:10082000900009FFD101DFF9009FFD10001DFF9925
:10083000FFD1000001DFFFFD100000001DFFD1000F
:1008400000000001DD1000000000000000000000BA
:10085000000000000000000000001DD100000000AA
:1008600000000001DFFD10EFFFFFFFD0001DFFFFC4
:10087000D1AFFFFFFFF000CFCFFCFC0000000FF076
:10088000006B1FF1B60000000FF000000FF0000039
:1008900000000FF000000FF0000000000FF000005B
:1008A0000FF00000006B1FF1B6000FF0000000CF4A
:1008B000CFFCFC000FFFFFFFFA1DFFFFD1000DFF73
:1008C000FFFFFE01DFFD10000000000000001DD151
:1008D00000000000000000000000008FFFFFD100BA
:1008E000000000FFFFFFFD10000000FFFFFFFFFF03
:1008F000FFFFF8FFFFFFFFFFFFFFFFFFFFFFFFFF0F
:10090000FFFFFFFFFFFFFFFFFFFFFFFFFFFFFFFFF7
:10091000FFFFFFFFFFFFFFFFFFFFFFFFFFFFFFFFE7
:10092000FFFFFFFFFFFFFFFFFFFFFFFFFFFFFFFFD7
:10093000FFFFFF8FFFFFFFFFFFFFF80000000BB07E
:10094000000000000000BFFB00000000000BFFFFE4
:10095000B000000000BFFFFFFB0000000BFFFFFF27
:10096000FFB000004FFFFFFFFFF400000000FFFF9B
:10097000000000000000FFFF000000000000FFFF7B
:10098000000000000000FFFF000000000000FFFF6B
:10099000000000DFFFF0DFFD0FFFFDFFFFF90000AB
:1009A0009FFFFFFFFFFFFFFFFFFFFFFFFFFFFFFFB7
:1009B000F0E0FFDFFFFFFFFFFFFFFD000000000092
:1009C0000000000000000000000AEA6200000000D1
:1009D0000002FFFFF000000000009FFFFF0000008A
:1009E00000000FFFFFD00000000002FFFFFB00002F
:1009F00000000003EFFF70000000000004FFF200A1
:100A00000000000000BFFB0000000000006FFF308E
:100A100000000200004FFF9000028FF3006FFFD034
:100A2000000AFFFFE4BFFFD10000EFFFFFFFFFD18F
:100A300000000AFFFFFFFF900000006FFFFFFB3088
:100A400000000002FFDB72000000000008EE8000E2
:100A500000066108FFFF80002DFFD0EF33FE002E5F
:100A6000FFF30EF33FE02EFFF3008FFFFF6EFFF367
:100A700000008EFFFFFFF300000002EFFFF3000015
:100A800000002EFFFF30000008EFFFFFFF300008DE
:100A9000FFFFF6EFFF3000EF33FE02EFFF300EF303
:100AA0003FE002EFFF308FFFF80002DFFD008EE82D
:100AB00000000066100000DFFFFF0D100000FFFFC8
:100AC000FF0FD10000FFFFFF0FFDDFF0FFFFFF2052
:100AD00000FFF0FFFFFFFFFFFFF0FFFFFFFFFFFF43
:100AE000F0FFFFFFFFFFFFF0FFFFFFFFFFFFF0FF43
:100AF000FFFFFFFFFFF0FFFFFFFFFFFFF0FFFFFF24
:100B0000FFFFFFF0FFFFFFFFFFFFF0DFFFFFFFFD35
:100B1000FFF90000000000FFFFFFFFFF0000DFFF04
:100B2000FFFFFD00008FFFFFFFFFC100FFFFFFFF82
:100B3000FFFD10FF00000001FFD1FF00000000FFDB
:100B4000FCFF00000000FFFFFF00000000FFFFFFB0
:100B5000FFFFFFFFFFFFFFFFFFFFFFFFFFFFFFFBA9
:100B600011BFFFFFFFFFF1001FFFFFFFFFF1001F9D
:100B7000FFFFFFFFFB11BFFFFFFFFFFFFFFFFFFFB7
:100B80008FFFFFFFFFFFF812222222222221FFFF08
:100B9000FFFFFFFFFFFFFFFFFFFFFFFF12222222E9
:100BA0002222210000000000000012222222222224
:100BB00021FFFFFFFFFFFFFFFFFFFFFFFFFFFF1210
:100BC0002222222222210000000000000012222204
:100BD00022222221FFFFFFFFFFFFFFFFFFFFFFFF9A
:100BE000FFFF122222222222218FFFFFFFFFFFFFA1
:100BF000F8FFFFFFFFFFFFFFFFCFFFFFFFFFFFFF3C
:100C0000FC09FFFFFFFFFFFF90D25FFFFFFFFFF533
:100C10002DFF62CFFFFFFC26FFFFFA18FFFF81AF19
:100C2000FFFFFFE34DD43EFFFFFFFFFF8118FFFFF3
:100C3000FFFFFFFFFFFFFFFFFFFFFFFFFFFFFFFFC4
:100C4000FF8FFFFFFFFFFFFFF800DFFFFD00000148
:100C5000FFFFFC000003FFFFF7000006FFFFF200AC
:100C60000008FFFFD000000AFFFFFFFFD00CFFFFCE
:100C7000FFFFA00EFFFFFFFF200DFFFFFFF80000AA
:100C8000000AFFE00000000EFF500000002FFC00F3
:100C90000000005FF3000000009FA000000000DFE4
:100CA0001000000000D70000000004DE400000003B
:100CB000DFFF99FFFD0000FFFF99FFFF0000FFFF2E
:100CC000FFFFFF0000FFFF9000000000FFFF0DFF8F
:100CD000FF0D10FFFF0FFFFF0FD1FFFF0FFFFF0FF3
:100CE000FDFFFF0FFFFF2000FFFF0FFFFFFFFFFFD4
:100CF000FF0FFFFFFFFFFFFF0FFFFFFFFFDFFF0FF4
:100D0000FFFFFFFF00000FFFFFFFFF00000FFFFFCF
:100D1000FFFF00000DFFFFFFFD000000CC00000002
:100D2000000002FF3000000001BFFFFC2000001E99
:100D3000FFFFFFE100009FFFFFFFF80000EFFFFF54
:100D4000FFFD0000FFFFFFFFFF0001FFFFFFFFFFB0
:100D50000003FFFFFFFFFF3008FFFFFFFFFF801EC4
:100D6000FFFFFFFFFFE1CFFFFFFFFFFFFCCFFFFF14
:100D7000FFFFFFFC0000000000000000000EFFE08D
:100D80000000000004EE4000008FFFFFFFFFFFFFA8
:100D9000FFF8FFFFFFFFFFFFFFFFFFFF00F00F0067
:100DA000F00F00FFFF00F00F00F00F00FFFFFFFF4C
:100DB000FFFFFFFFFFFFFFF808808808808FFFFF1D
:100DC000F808808808808FFFFFFFFFFFFFFFFFFF0D
:100DD000FFFF00F00000000F00FFFF00F000000028
:100DE0000F00FFFFFFFFFFFFFFFFFFFF8FFFFFFF72
:100DF000FFFFFFFFF80000000000000000000000FF
:100E00000000000003AF70000000000004CFFFF0FE
:100E10000000000006DFFFFFA000000017EFFFFF4B
:100E2000FF30000018FFFFFFFFFC00002AFFFFFF5C
:100E3000FFFFF40008FFFFFFFFFFFFD0000FFFFFE1
:100E4000FFFFFFFF600008FFFFFFFFFFFE00000045
:100E5000000000FFFFF7000000000000FFFFF100AE
:100E60000000000000FFFF80000000000000FFFF06
:100E700010000000000000FFFA0000000000000069
:100E8000FFF2000000000000008F80000000000062
:100E900000000000000000DFFFFFF0D100FFFFFFB7
:100EA000F0FD10FFFFFFF0FFD1FFFFFFF0FFFDFFA0
:100EB000FFFFF20000FFFFFFFFFFFFFFFFFFFFFF4D
:100EC000FFFFFFFFFFFFFFFFFFFFFFFFFFFFFFFF32
:100ED000FFFFFFFFFFFFFFFFFFFFFFFFFFFFFFFF22
:100EE000FFFFFFFFFFFFFFFFFFFFFFFFFFFFFFFF12
:100EF000FFDFFFFFFFFFFD0000000000000000001B
:100F0000000000049CEFFEC94000000007EFFFFF57
:100F1000FFFFFE700004DFFFFCA88ACFFFFD406FDB
:100F2000FFD5000000005DFFF6CFF60000000000D6
:100F3000006FFC1A30005ADFFDA50003A100004D30
:100F4000FFFFFFFFD400000005FFFEA88AEFFF505F
:100F5000000001DF70000007FD100000001200001B
:100F60000000210000000000004EE400000000002E
:100F7000000000EFFE0000000000000000EFFE0097
:100F8000000000000000004EE4000000008FFFFFA2
:100F9000FFFFFFFFFFFF80FFFFFFFFFFFFFFFFFFE0
:100FA000F0FF000000000000000FFDFF0FFFFFFF3B
:100FB000FFFFFF0FFFFF0FFFFFFFFFFFFF00FFFF20
:100FC0000FFFFFFFFFFFFF00FFFF0FFFFFFFFFFF10
:100FD000FF0FFFFF000000000000000FFDFFFFFFFC
:100FE000FFFFFFFFFFFFF08FFFFFFFFFFFFFFFFF90
:100FF000808FFFFFFFFFFFFFFFFF80FFFFFFFFFF6F
:10100000FFFFFFFFF0FF000000000000000FFDFFEA
:101010000FFFFFFFFFF0000FFFFF0FFFFFFFFFF0CD
:101020000000FFFF0FFFFFFFFFF00000FFFF0FFFBB
:10103000FFFFFFF0000FFFFF000000000000000FA7
:10104000FDFFFFFFFFFFFFFFFFFFF08FFFFFFFFF31
:10105000FFFFFFFF808FFFFFFFFFFFFFFFFF80FF0E
:10106000FFFFFFFFFFFFFFFFF0FF00000000000099
:10107000000FFDFF0FFFFFFF0000000FFFFF0FFF3E
:10108000FFFF00000000FFFF0FFFFFFF0000000058
:10109000FFFF0FFFFFFF0000000FFFFF0000000039
:1010A0000000000FFDFFFFFFFFFFFFFFFFFFF08FBE
:1010B000FFFFFFFFFFFFFFFF808FFFFFFFFFFFFF2F
:1010C000FFFF80FFFFFFFFFFFFFFFFFFF0FF0000BC
:1010D00000000000000FFDFF0FFFF0000000000FF8
:1010E000FFFF0FFFF00000000000FFFF0FFFF00008
:1010F00000000000FFFF0FFFF0000000000FFFFFE7
:10110000000000000000000FFDFFFFFFFFFFFFFFDA
:10111000FFFFF08FFFFFFFFFFFFFFFFF808FFFFF4D
:10112000FFFFFFFFFFFF80FFFFFFFFFFFFFFFFFF4E
:10113000F0FF000000000000000FFDFF00000000B5
:101140000000000FFFFF0000000000000000FFFF94
:101150000000000000000000FFFF00000000000091
:10116000000FFFFF000000000000000FFDFFFFFF69
:10117000FFFFFFFFFFFFF08FFFFFFFFFFFFFFFFFFE
:1011800080000000000001000000000000000000DE
:1011900007FD1000000000000001CFFFF500000077
:1011A00000000000B929FE100000000000003F1000
:1011B000020000000003DF800A90000000037000BE
:1011C000DFFF77F7555555558FD30FFFFDCCDFDC8B
:1011D000CCCCCDFFB08FFE1000AA0000004D400027
:1011E00046100001F202331000000000000009B1B7
:1011F000CFF9000000000000000AFFFF900000008F
:101200000000000000BFF900000000000000000125
:10121000220000000018DFFD920002EFFBEFFF400C
:101220000DFFFA2EFFE04FFFFA03FFF59FFAFA35A4
:101230004FFACFC08A3D0BFDEFFB03118FFEFFFF7E
:10124000B006FFFFFFFFD108FFFFEFFD11109FFF6A
:10125000DFD1593B0BFDAFD6FA371DFB5FFFFA011B
:10126000DFF70DFFFA1DFFF103EFFCDFFF50001861
:10127000DFFEA30000007FFFF70000EFFFFFFFFF8E
:10128000FFFEEFFFFFFFFFFFFE0000000000000079
:101290000FFFFFFFFFFFF00FFFFFFFFFFFF00FF952
:1012A0009F99F99FF00FF88F88F88FF00FF88F88CB
:1012B000F88FF00FF88F88F88FF00FF88F88F88F7D
:1012C000F00FF88F88F88FF00FF88F88F88FF00FF5
:1012D000F99F99F99FF00FFFFFFFFFFFF008FFFF55
:1012E000FFFFFF800000000000007FA00000000062
:1012F00000007FFFB000000000000DFFFFA0000015
:1013000000007A1DFFFF000000007FFA1DFF700043
:1013100000007FFFFA1D700000007FFFFFFA000051
:1013200000007FFFFFFF700000007FFFFFFF7000E5
:1013300000007FFFFFFF700000007FFFFFFF7000D5
:1013400000006FFFFFFF700000000BFFFFFF700049
:10135000000000DFFFFF70000000000EFFFF7000C4
:1013600000000000DEDB6000000000000000000064
:10137000000000000000001BFFFFFFFFFFFFE40074
:1013800001DFFFFFFFFFFFFFFE001DFFFFFAEFFE83
:10139000AFFFFF01DFFFFFA02EE20AFFFF1DFFFFEF
:1013A000FFE202202EFFFFCFFFFFFFFE2002EFFF34
:1013B000FFCFFFFFFFFE2002EFFFFF1DFFFFFFE259
:1013C00002202EFFFF01DFFFFFA02EE20AFFFF0039
:1013D0001DFFFFFAEFFEAFFFFF0001DFFFFFFFFF82
:1013E000FFFFFE00001BFFFFFFFFFFFFE40007FF02
:1013F000FFFFE4007FFFFFFFFE07F80F0B40FF7FBA
:10140000F80F0B40FFFFF80F0B40FFFFFFFFFFFF40
:10141000FFFFFFFFFFFFFFFFFFFFFFFFFFFFFFFFDC
:10142000FFFFFFFFFFFFFFFFFFFFFFFFFFFFFFFFCC
:10143000FFFFFFFFFFFFFFFFFFFFFFFFFFFFFFFFBC
:10144000FFEFFFFFFFFFFE4EFFFFFFFFE400000086
:1014500000000000010000000000000003E00000A8
:101460001000000002EF1000BF000000007FF1003C
:10147000CFF100000007FF11CFFF77777777BFF13B
:10148000CFFFFFFFFFFFFFFF17FFFFFFFFFFFFFF84
:10149000E007FFF100000000000006FF1000000060
:1014A00000000005A0000000000000000000000097
:1014B0000000000000008004000000000000F004B4
:1014C000030D010014006006060500072300A00BB1
:1014D0000C0C00006B008009081001FEAB00600ED0
:1014E0000E0C0000FF00F00A0B0C0000410180030D
:1014F000030500074901A005041001FE6901A005CC
:10150000051000FE9101000606050008A0018009F3
:1015100008090102C4013004030500FDCC01600686
:1015200005030103D401300404030000DA01A0051F
:10153000061100FC0D02F0090A0C00004902F00936
:10154000080C01007902F009080C0100A902F00959
:10155000080C0100D902F0090A0C00001503F0097B
:10156000080C01004503F0090A0C00008103F00992
:10157000090C0100B703F0090A0C0000F303F0099D
:101580000A0C00002F043004040900004104300458
:10159000040B00FD57048009080901017B04800940
:1015A000080701039704800908090101BB04D0085A
:1015B000080D0000EF04C00D0C0E01FD4305D00B1B
:1015C0000C0C00008B05300B080C0200BB05800BD7
:1015D000090C0100F105800C090C02002706400AE5
:1015E000070C02005106A009070C02007B06800CC4
:1015F0000A0C0100B706D00C090C0200ED0620050C
:10160000030C0100FF061007060C00002307300B37
:10161000090C020059074009070C02008307B00FAC
:101620000C0C0200CB07D00C090C02000108700D55
:101630000B0C01004308900A080C02007308700D9F
:101640000B0F01FDC608300B090C0200FC08400A14
:10165000080C01002C09400A090C01006209800CE9
:10166000090C02009809300B0B0C0000DA09F0108D
:10167000110C0000400A300B0B0C0000820A900A8B
:101680000A0C0000BE0A900A090C0100F40A500678
:10169000051101FD1F0BA005061100FC520B5006A1
:1016A000051100FD7D0BC00708050004910BA00982
:1016B000090300FE9F0BA0050403000BA50B4009C6
:1016C00008090100C90B400A090D0100040CA0081B
:1016D00008090000280C400A080D01005C0CA00954
:1016E00008090100800CC005060D0000A70CF009D8
:1016F000080D01FCDB0C400A080D01000F0D8004F1
:10170000030D0100230D80040511FFFC4E0D40095F
:10171000080D0100820D8004020D01008F0D100FD5
:101720000D090100CA0D400A08090100EE0D400A2A
:1017300008090100120E400A090D01FC4D0E400A75
:10174000090D01FC880EC006050901009F0E000866
:1017500008090000C30E6006060D0000EA0E400AEC
:10176000080901000E0FF00809090000370FC00D2D
:101770000E090000760FF008090900009F0FF0081D
:10178000090D00FCDA0F500808090000FE0FB00632
:10179000051101FD2910F004031001FE4110B006EF
:1017A000061100FD74107008070401048210800304
:1017B000040500078C100010101100FE1411001019
:1017C000100C000074110010100E00FFE411001046
:1017D000100C00004412000B0B0C000086120010CD
:1017E000101000FE06130010101000FE86130012E9
:1017F000120E00FF04140010101000FE84140012DA
:10180000120C0000F0140010101000FE70150008FB
:10181000080E00FFA815000C0C0E00FFFC150012AE
:10182000121000FE8C160010100C0000EC16000BBD
:101830000B1000FE4417000E0A1002FE9417000E53
:101840000E1200FD1218000E0E0F00FF7B18000E86
:101850000E0E00FFDD18000E0A1002FE2D19000EFC
:10186000100EFFFF9D19000A0A0E00FFE319000A7F
:101870000A0E00FF291A000E0E0E00FF8B1A000E32
:101880000E040004A71A0012120C0000131B00140F
:10189000141000FEB31B00121410FFFE531C0010A6
:1018A000101000FED31C000E0E0A0001191D000EC0
:1018B0000E0A00015F1D0014140E00FFEB1D001046
:1018C000100C00004B1E0010101000FECB1E00106C
:1018D0001111FFFE5C1F000E0F0E00FFC51F000E52
:1018E0000E1000FE3520000E0E0E00FF9720000E99
:1018F0000E0E00FFF9200010100C00005921000A04
:101900000C10FFFEB921000E0E1000FE2922000E61
:101910000E1000FE99220012120C00000523001088
:101920001212FFFDA723000C0C1000FE0724001468
:10193000140F00FF9D240014140A00010125001457
:10194000140A000165250014140A0001C9250014B9
:10195000140A00012D260014140A00019126001417
:10196000150E00FF2427000E0C1001FE8427000E28
:101970000E1000FEF42700101111FFFD8528001441
:10198000140C0000FD28000C0C1000FE5D29201036
:10199000110B00010000E8CFEFCFF2CFF3CFF4CF6F
:1019A000F8CFFACFFCCF00D003D008D00DD00ED0A6
:1019B0000FD025D02AD02FD032D033D034D038D049
:1019C00039D03AD03BD04ED04FD055D057D058D048
:1019D0005BD05ED05FD060D062D07AD07CD0ABD00C
:1019E000ACD0AED0B0D0C7D0CED0D1D0DAD003D129
:1019F0000BD142D1D2D127D228D229D22AD22BD26E
:101A00006ED27AD2D4D2EBD241D5A9D789D80000F0
:101A1000200000005F000100000000000000000046
:101A200000000200192000008AD860009419030801
:101A3000000000003D000300000000010000000065
:101A4000010000000002030200000000000000008E
:101A50000000000000000000000004050006000770
:101A600008000000090A0000060B060C0D0E0F10FE
:101A70001112131400000000000000000000001507
:101A800000000000160000001700001800000019F8
:101A90001A161A00000000000100000000000000FB
:101AA0000000000000000000000000000000000036
:101AB0000000000000000000000000000000000026
:101AC0000000000000000000000000000000000016
:101AD0000000000000000000010000000001000202
:101AE00000000304030000000000000000000000EC
:101AF00005050000000200060007000000070000C6
:101B0000080000000007000700090A0B0C0D0E0F6B
:101B10001000000200000011001212121314000045
:101B20000000001515120000161718191A1B1C1DAD
:101B30001E000002001F0000000000000000000066
:101B40000000000000000000000000000000000095
:101B50000000000000000000000000000000000085
:101B60000000000000000000000000000000000075
:101B700000000000000000F1000000000000000074
:101B80000000000000000000000000000000000055
:101B900000000000000000F10000E100E1E600E1CB
:101BA0000000F6FB000000000000F1F100F1000071
:101BB000000000000000000000EC00F6F6F6F1F670
:101BC0000000000000000000000000F6000000F12E
:101BD0000000000000F60000F6FBF6F100F1000046
:101BE000000000000000FB00F8FB00FB00F100001B
:101BF00000000000000000FB00FB0000FB000000F4
:101C0000000000000000000000000000000000F1E3
:101C10000000F6000000F600F6F6F6F10000000005
:101C20000000000000000000000000000000E100D3
:101C300000F100F10000000000000000FBF60000D1
:101C400000000000FB000000000000000000000099
:101C5000000000000000000000F60000000000008E
:101C600000000000000000000000000000F600007E
:101C7000F6000000000000000000FBF6000000007D
:101C80000000FBF6FB00FB0000E60000F60000F1A0
:101C90000000F1FBF6F600F100000000000000007B
:101CA0000000F6FB00FB00E60000DC0000F600F69A
:101CB0000000000000FB0000000000000000000029
:101CC0000000000000000000000000000000000014
:101CD000FB00FBFB00FB0000000000000000000018
:101CE00000000000000000000000000000000000F4
:101CF00000000000FB0000000000000000000000E9
:101D000000000000000000E1ECF1F6F6F100000038
:101D10000000000000F1F10000F6F6F600F1F6FB1D
:101D2000F6F6F1000000000000FB000000000000DB
:101D300000000000000000000000000000000000A3
:101D40000000000000E1F6F6F6F6000000000000DA
:101D5000000000F6F600F6F6F6F600F6000000FBCE
:101D600000000000E6F600F1F600000000000000B0
:101D70000000F6F60000F6000000F600000000008B
:101D800000000000F60000F6000000000000000067
:101D900000000000000000000000000000F600004D
:101DA0000000E1F1F6F1F100FB000000000000008E
:101DB000F1F100F6F600F600F6FBFBFB00FB00007D
:101DC0000000F6000000000000000000000000001D
:101DD0000000000000000000000000000000000FF4
:101DE000FB000000000000000000000000000000F8
:101DF00000000000000000000000000014000000CF
:101E0000F600000000000000000000000000FB00E1
:101E10000000000000000000000000000000F600CC
:101E200000000000000000000000000000000000B2
:101E30000000000000FB00FB0000000000ECF600CA
:101E4000000000000000000000000000FB00000097
:101E5000000000000000000000000000F100000091
:101E60000000000000000000000000FB0000000077
:101E70000000000000000000000000F10000000071
:101E80000000000000000000000000000000000052
:101E90000000000000000000721B0308381A03084D
:101EA000D51A03081A1F0000F0EA0208AC14030850
:101EB000101A0308981E0308100002284803002087
:101EC000957D0108617C01081000020000FF0100FF
:101ED000A81E030800000000000000000001200010
:101EE00000AFFE4009FFFFF10EFFFFF60FFFFFF608
:101EF0000BFFFFF302EFFF800015730000000000EE
:101F000001467763000000000000000004BFFFFFEF
:101F1000FFFA20000000000001BFFFFFFFFFFFF8F5
:101F200000000000001DFFFFFFFFFFFFFFA00000FB
:101F30000000BFFFFFC9779EFFFFF800000006FF0B
:101F4000FFD30000005FFFFF2000000EFFFD100028
:101F5000000003FFFFA000006FFFF400000000007E
:101F60008FFFF20000CFFFC000000000000FFFF85D
:101F70000001FFFF6000000000000AFFFD0006FFF7
:101F8000FF10000000000005FFFF200AFFFE000018
:101F90000000000002FFFF600CFFFB0000000000DB
:101FA0000000EFFF800FFFF900000000000000CFED
:101FB000FFB01FFFF700000000000000BFFFD02FA0
:101FC000FFF6000000000000009FFFE03FFFF5006B
:101FD0000000000000009FFFF03FFFF50000000040
:101FE0000000008FFFF03FFFF40000000000000041
:101FF0008FFFF03FFFF5000000000000009FFFF0A2
:102000002FFFF6000000000000009FFFE01FFFF719
:1020100000000000000000BFFFD00FFFF90000002B
:1020200000000000CFFFB00CFFFA0000000000002D
:1020300000EFFF800AFFFE00000000000001FFFF2C
:102040006006FFFF10000000000005FFFF2001FFF9
:10205000FF6000000000000AFFFD0000CFFFB0009D
:10206000000000000FFFF800006FFFF30000000009
:10207000007FFFF200000EFFFD1000000003FFFFD5
:10208000A0000006FFFFD30000005FFFFF3000004C
:1020900000CFFFFFC8679DFFFFF8000000001DFF95
:1020A000FFFFFFFFFFFFA00000000001BFFFFFFFD9
:1020B000FFFFF800000000000004CFFFFFFFFA2040
:1020C00000000000000000014677630000000000EF
:1020D00000000000002DFFE00000000000000000F4
:1020E0007FFFFE0000000000000002CFFFFFE000C5
:1020F000000000000006FFFFFFFE000000000000DF
:102100001BFFFFFFFFE000000000005EFFFFFCFF81
:10211000FE00000000000FFFFFA25FFFE0000000D4
:102120000000BFFB3005FFFE000000000006C300FA
:10213000005FFFE0000000000000000005FFFE005F
:1021400000000000000000005FFFE0000000000051
:1021500000000005FFFE0000000000000000005F1E
:10216000FFE0000000000000000005FFFE0000008E
:102170000000000000005FFFE00000000000000021
:102180000005FFFE0000000000000000005FFFE00F
:10219000000000000000000005FFFE00000000003D
:1021A000000000005FFFE0000000000000000005EC
:1021B000FFFE0000000000000000005FFFE00000E4
:1021C00000000000000005FFFE000000000000000D
:1021D00000005FFFE0000000000000000005FFFEBF
:1021E0000000000000000000005FFFE000000000B1
:1021F0000000000005FFFE000000000000000000DD
:102200005FFFE0000000000000000005FFFE00008E
:10221000000000000000005FFFE000000000000080
:10222000000005FFFE000000003FFFFFFFFFFFFF73
:10223000FFFFFFFFF3FFFFFFFFFFFFFFFFFFFFFFBA
:102240003FFFFFFFFFFFFFFFFFFFFFF3FFFFFFFF6A
:10225000FFFFFFFFFFFFFF00000003567764000051
:102260000000000005BFFFFFFFFFC5000000007E6B
:10227000FFFFFFFFFFFFFD3000002FFFFFFFFFFF0D
:10228000FFFFFF600002FFFFFC9878ADFFFFFF40FB
:10229000002FFB5000000004DFFFFD0002C3000020
:1022A00000000000CFFFF50000000000000000016A
:1022B000FFFFA000000000000000000AFFFD00007A
:1022C000000000000000007FFFE0000000000000B0
:1022D000000006FFFE0000000000000000008FFF6D
:1022E000C000000000000000000CFFF9000000002A
:1022F0000000000003FFFF4000000000000000009D
:10230000CFFFE000000000000000007FFFF70000AA
:102310000000000000004FFFFD0000000000000072
:10232000002FFFFF40000000000000001EFFFF80A4
:10233000000000000000001DFFFFA00000000000E2
:1023400000000CFFFFB0000000000000000BFFFFCA
:10235000B0000000000000000AFFFFC00000000005
:1023600000000009FFFFC00000000000000008FF9F
:10237000FFD10000000000000007FFFFD1000000B7
:102380000000000006FFFFE1000000000000000464
:10239000FFFFE20000000000000003FFFFE200007A
:1023A000000000000003FFFFF30000000000000039
:1023B00002EFFFF51111111111111111EFFFFFFFC4
:1023C000FFFFFFFFFFFFFF3FFFFFFFFFFFFFFFFFDD
:1023D000FFFFF3FFFFFFFFFFFFFFFFFFFFFF3FFFD9
:1023E000FFFFFFFFFFFFFFFFFFF000000002567737
:1023F0006410000000000005AFFFFFFFFFD81000D1
:1024000000007EFFFFFFFFFFFFFF7000003FFFFFA8
:10241000FFFFFFFFFFFFB00003FFFFFDA988ADFF37
:10242000FFFFA0003FFD7100000003BFFFFF40035E
:10243000C40000000000008FFFFB0000000000004F
:10244000000000BFFFF0000000000000000005FFDA
:10245000FF2000000000000000002FFFF20000003D
:10246000000000000003FFFF10000000000000005B
:10247000007FFFD000000000000000001EFFF700FA
:10248000000000000000003DFFFE00000000000012
:102490000025BFFFFF3000000000BDDEFFFFFFFE94
:1024A00040000000000EFFFFFFFFFA1000000000D8
:1024B00000EFFFFFFFFF9100000000000EFFFFFF95
:1024C000FFFFF500000000000001259EFFFFF70060
:1024D0000000000000000006FFFFF4000000000004
:1024E00000000002EFFFE000000000000000000418
:1024F000FFFF6000000000000000000CFFFB000078
:10250000000000000000008FFFE00000000000005D
:10251000000007FFFF0000000000000000009FFF18
:10252000E000000000000000000EFFFC270000009B
:102530000000000007FFFF83FD40000000000005D1
:10254000FFFFF13FFFC5000000002AFFFFF803FF77
:10255000FFFFC98789DFFFFFFB002FFFFFFFFFFFA2
:10256000FFFFFFFB000019FFFFFFFFFFFFFFE6007B
:102570000000017CFFFFFFFFFC6000000000000086
:1025800035777630000000000000000000000000F9
:10259000CFFFC0000000000000000000007FFFFC33
:1025A000000000000000000000003FFFFFC000002E
:1025B000000000000000000DFFFFFC000000000014
:1025C0000000000009FFFFFFC00000000000000045
:1025D0000004FFFFFFFC000000000000000001EF0E
:1025E000FF9FFFC00000000000000000AFFF66FF7B
:1025F000FC00000000000000006FFFB06FFFC00093
:102600000000000000002FFFF106FFFC00000000AA
:102610000000000CFFF6006FFFC00000000000008B
:1026200007FFFB0006FFFC00000000000003FFFEA8
:1026300010006FFFC0000000000000DFFF50000628
:10264000FFFC0000000000009FFFA000006FFFC023
:1026500000000000004FFFE1000006FFFC0000004A
:1026600000001EFFF40000006FFFC0000000000B20
:10267000FFF900000006FFFC0000000006FFFE005E
:102680000000006FFFC000000002FFFF40000000DC
:1026900006FFFC00000000CFFF90000000006FFF6D
:1026A000C00000008FFFD00000000006FFFC00000B
:1026B000002FFFFFEEEEEEEEEEEFFFFEEEEE14FF6C
:1026C000FFFFFFFFFFFFFFFFFFFFFFF14FFFFFFFD8
:1026D000FFFFFFFFFFFFFFFFFF14FFFFFFFFFFFFF5
:1026E000FFFFFFFFFFFFF100000000000000006F90
:1026F000FFC00000000000000000000006FFFC001A
:10270000000000000000000000006FFFC00000009B
:102710000000000000000006FFFC000000000000B8
:1027200000000000006FFFC000000000000000007B
:10273000000006FFFC000000000000000000000098
:102740006FFFC00000000000000000000006FFFC5A
:102750000000000001FFFFFFFFFFFFFFFFF600008A
:102760003FFFFFFFFFFFFFFFFF600005FFFFFFFFD1
:10277000FFFFFFFFF600007FFFFFFFFFFFFFFFFFF0
:10278000600009FFF4000000000000000000BFFF2F
:102790002000000000000000000DFFF0000000001D
:1027A0000000000000EFFE0000000000000000003C
:1027B0000FFFC0000000000000000002FFFA000050
:1027C000000000000000004FFF900000000000002B
:1027D000000006FFF70000000000000000008FFF6F
:1027E0005000000000000000000AFFF3049CEFFD11
:1027F0009400000000CFFF8DFFFFFFFFFD300000C1
:102800000EFFFFFFFFFFFFFFFF700000FFFFFFFF56
:10281000FEFFFFFFFF60001FFFFFE8300016DFFF35
:10282000FF20006DFF7000000000AFFFFB00000301
:10283000300000000000BFFFF200000000000000B8
:102840000002FFFF8000000000000000000BFFFB03
:102850000000000000000000008FFFE0000000000A
:102860000000000006FFFF00000000000000000064
:102870007FFFE000000000000000000AFFFD0000F4
:1028800000000000000000FFFFA3C20000000000E5
:1028900000008FFFF53FF70000000000006FFFFE13
:1028A00003FFFE8200000002AFFFFF603FFFFFFD5D
:1028B000A7668CFFFFFFA001CFFFFFFFFFFFFFFF19
:1028C000FFA000006EFFFFFFFFFFFFFE60000000A3
:1028D00004AEFFFFFFFFD710000000000002567794
:1028E0006410000000000000000000015677530053
:1028F0000000000000000017DFFFFFFFFC61000088
:1029000000000006EFFFFFFFFFFFFF810000000057
:10291000AFFFFFFFFFFFFFFFF70000000BFFFFFF10
:10292000B7667AEFFFF70000009FFFFF91000000FD
:1029300003AFF7000004FFFFF4000000000002B73F
:1029400000000DFFFF500000000000000100005FCC
:10295000FFFA00000000000000000000BFFFF100CF
:10296000000000000000000001FFFFA000000000C8
:10297000000000000006FFFF400000000000000013
:10298000000009FFFF000000000000000000000D33
:10299000FFFC000000000000000000000FFFF90035
:1029A000038CEFFEC8300000001FFFF804CFFFFFCC
:1029B000FFFFFC3000002FFFF7AFFFFFFFFFFFFF1F
:1029C000F800003FFFFFFFFFFFFEFFFFFFFF80005B
:1029D0004FFFFFFFFA5100027EFFFFF5003FFFFFB0
:1029E000F81000000000AFFFFE002FFFFC200000E9
:1029F0000000000BFFFF502FFFF60000000000005A
:102A000002FFFFA00FFFF800000000000000CFFF52
:102A1000D00EFFFA000000000000009FFFF00BFF47
:102A2000FD000000000000008FFFF008FFFF100015
:102A300000000000009FFFF003FFFF700000000097
:102A40000000CFFFD000DFFFD0000000000002FF39
:102A5000FF90007FFFF600000000000BFFFF40002A
:102A60000EFFFF30000000008FFFFD000006FFFF9B
:102A7000E50000002BFFFFF4000000AFFFFFD86669
:102A80008BFFFFFF800000000BFFFFFFFFFFFFFF3A
:102A9000F800000000008FFFFFFFFFFFFE50000066
:102AA00000000002AFFFFFFFFD700000000000000B
:102AB000000036776410000000003FFFFFFFFFFFBB
:102AC000FFFFFFFFFFFF03FFFFFFFFFFFFFFFFFF12
:102AD000FFFFF03FFFFFFFFFFFFFFFFFFFFFFF03D1
:102AE000FFFFFFFFFFFFFFFFFFFFFFE00000000011
:102AF00000000000000DFFF60000000000000000D4
:102B00000006FFFE00000000000000000000DFFFE4
:102B1000700000000000000000006FFFF0000000E7
:102B20000000000000000DFFF800000000000000A1
:102B3000000006FFFF10000000000000000000DFA2
:102B4000FF900000000000000000006FFFF1000097
:102B5000000000000000000DFFF900000000000070
:102B600000000006FFFF2000000000000000000041
:102B7000DFFFA00000000000000000006FFFF20077
:102B800000000000000000000DFFFB00000000003E
:102B90000000000006FFFF30000000000000000001
:102BA00000DFFFB00000000000000000005FFFF445
:102BB0000000000000000000000DFFFC000000000D
:102BC000000000000005FFFF5000000000000000B2
:102BD0000000DFFFD00000000000000000005FFFE9
:102BE000F50000000000000000000DFFFD000000E7
:102BF00000000000000005FFFF6000000000000072
:102C0000000000DFFFE00000000000000000005FA7
:102C1000FFF70000000000000000000DFFFE0000B4
:102C20000000000000000005FFFF70000000000031
:102C300000000000DFFFF1000000000000000000C5
:102C40005FFFF80000000000000000000DFFFF1013
:102C5000000000000000000005FFFF9000000000E1
:102C60000000000000000002567764100000000021
:102C700000000029EFFFFFFFFD71000000000009C8
:102C8000FFFFFFFFFFFFFF7000000002DFFFFFFFFD
:102C9000FFFFFFFFFB0000001DFFFFFB754458CF47
:102CA000FFFFA000009FFFFB2000000003DFFFF5F7
:102CB0000001FFFFB000000000001EFFFD0006FF46
:102CC000FF10000000000005FFFF2009FFFC0000CE
:102CD0000000000000FFFF500AFFFB0000000000A2
:102CE0000000FFFF6009FFFC00000000000000FF83
:102CF000FF5006FFFF10000000000004FFFF20014E
:102D0000FFFF9000000000000CFFFD0000AFFFF887
:102D10000000000001BFFFF600001EFFFFD73100DA
:102D2000148EFFFFC0000004FFFFFFFFFFFFFFFF47
:102D3000FD100000002BFFFFFFFFFFFFFF900000D2
:102D4000000019FFFFFFFFFFFFFE7000000004EF0F
:102D5000FFFFFFFFFFFFFFFD2000003FFFFFD73118
:102D600000148EFFFFE10000DFFFF700000000000D
:102D7000AFFFFA0007FFFF6000000000000AFFFF3E
:102D8000300DFFFC00000000000001FFFF901FFF5E
:102D9000F600000000000000AFFFD03FFFF300008E
:102DA00000000000007FFFF03FFFF2000000000085
:102DB00000006FFFF02FFFF4000000000000007F14
:102DC000FFF00FFFF700000000000000BFFFC00B86
:102DD000FFFD00000000000002FFFF8005FFFF90E4
:102DE00000000000000CFFFF1000BFFFFB200000F0
:102DF0000004DFFFF800001EFFFFFB855569DFFFC1
:102E0000FFB0000002DFFFFFFFFFFFFFFFFB00003E
:102E1000000009FFFFFFFFFFFFFE70000000000041
:102E200028EFFFFFFFFD71000000000000000256C8
:102E30007764100000000000000000025777630074
:102E40000000000000000029EFFFFFFFFA30000043
:102E500000000009FFFFFFFFFFFFF9000000000274
:102E6000DFFFFFFFFFFFFFFFC00000001DFFFFFFB0
:102E7000B878AEFFFFFB000000AFFFFF810000004D
:102E80007FFFFF500002FFFFF30000000004FFFF80
:102E9000E00009FFFF5000000000007FFFF6000E79
:102EA000FFFD0000000000000EFFFB001FFFF70009
:102EB000000000000008FFFF103FFFF500000000C9
:102EC000000003FFFF504FFFF4000000000000006F
:102ED000FFFF803FFFF500000000000000DFFFB0B3
:102EE0001FFFF800000000000000BFFFD00EFFFE33
:102EF00000000000000000AFFFE00AFFFF800000BC
:102F000000000004EFFFF003FFFFF80000000003E3
:102F1000AFFFFFF000AFFFFFD7300137CFFFFFFF5C
:102F2000F0000DFFFFFFFFFFFFFFFFFFFFF00001BD
:102F3000BFFFFFFFFFFFFFF9AFFFF0000006EFFF4D
:102F4000FFFFFFFB30BFFFE0000000048BDEDCA6CC
:102F50002000CFFFC000000000000000000000EFD4
:102F6000FFA000000000000000000002FFFF700052
:102F7000000000000000000005FFFF40000000000E
:102F800000000000000AFFFF000000000000000039
:102F900000000FFFFA000000000000000000008F9A
:102FA000FFF400004000000000000003FFFFD0001D
:102FB00000BD3000000000002EFFFF400000BFFBFE
:102FC0005000000018FFFFFA000000BFFFFFC98893
:102FD0009CFFFFFFC0000000AFFFFFFFFFFFFFFFF0
:102FE000FB0000000019FFFFFFFFFFFFFF70000064
:102FF00000000028EFFFFFFFFD710000000000004F
:10300000000256776410000000000000000000007D
:103010000005FFFFFD0000000000000000000000B0
:103020000000BFFFFFF400000000000000000000EF
:1030300000001FFFFFFFA0000000000000000000D4
:10304000000007FFFFFFFF0000000000000000007D
:10305000000000DFFF7FFFF600000000000000001E
:103060000000004FFFF0BFFFC000000000000000A4
:103070000000000AFFF905FFFF200000000000002B
:1030800000000000FFFF300EFFF80000000000000D
:10309000000000006FFFD0009FFFE0000000000074
:1030A000000000000CFFF70002FFFF4000000000DE
:1030B0000000000002FFFF10000CFFFA00000000FB
:1030C00000000000008FFFB000006FFFF100000063
:1030D00000000000000EFFF5000001FFFF6000008F
:1030E000000000000004FFFE0000000AFFFC0000DA
:1030F000000000000000AFFF900000004FFFF20052
:103100000000000000001FFFF300000000EFFF8040
:1031100000000000000006FFFD0000000008FFFEA8
:1031200000000000000000CFFF70000000002FFF33
:10313000F40000000000002FFFF10000000000CFAD
:10314000FFA0000000000008FFFB000000000006D8
:10315000FFFF100000000000EFFF40000000000033
:103160001FFFF700000000004FFFFAAAAAAAAAAAB0
:10317000AAEFFFD0000000000AFFFFFFFFFFFFFFE4
:10318000FFFFFFFF3000000001FFFFFFFFFFFFFF19
:10319000FFFFFFFFF9000000007FFFFFFFFFFFFFC1
:1031A000FFFFFFFFFFE00000000DFFF60000000042
:1031B00000000002FFFF50000003FFFF00000000BE
:1031C000000000000BFFFB0000009FFFA0000000BC
:1031D00000000000005FFFF100000EFFF40000009F
:1031E000000000000000FFFF700005FFFE0000006F
:1031F00000000000000009FFFD0000BFFF8000008C
:10320000000000000000003FFFF3001FFFF200007D
:103210000000000000000000DFFF9007FFFC00003E
:10322000000000000000000007FFFF00DFFF60005B
:103230000000000000000000001FFFF50EFFF90075
:10324000000000000000000000BFFF808FFFE000D2
:1032500000000000000000001FFFF202FFFF40001E
:103260000000000000000007FFFC000DFFFA000056
:1032700000000000000000CFFF60007FFFF00000B2
:103280000000000000002FFFF10001FFFF500000D0
:10329000000000000008FFFB00000BFFFB00000027
:1032A0000000000000EFFF5000006FFFF100000081
:1032B000000000003FFFF0000000FFFF7000000072
:1032C00000000009FFF90000000AFFFD00000000F7
:1032D000000000EFFF400000004FFFF20000000080
:1032E00000005FFFE000000000EFFF800000000032
:1032F000000AFFF80000000009FFFE0000000000C7
:1033000001FFFF20000000003FFFF400000000006C
:103310006FFFD00000000000DFFF90000000000CF5
:10332000FFF7000000000008FFFF0000000001FFA1
:10333000FF1000000000002FFFF5000000007FFFDD
:10334000B0000000000000CFFFB00000000DFFF64D
:1033500000000000000006FFFF10000003FFFF0058
:103360000000000000001FFFF60000008FFFA0001B
:10337000000000000000BFFFC000000EFFF40000CE
:10338000000000000005FFFF200004FFFE00000019
:1033900000000000000FFFF70000AFFF90000000EA
:1033A0000000000000AFFFD0000FFFF3000000009E
:1033B0000000000004FFFF3005FFFD0000000000DA
:1033C000000000000EFFF900BFFF700000000000C9
:1033D000000000008FFFE01FFFF20000000000006F
:1033E00000000002FFFF46FFFC000000000000009C
:1033F0000000000DFFFACFFF600000000000000099
:103400000000007FFFFFFFF100000000000000004F
:10341000000001FFFFFFFB000000000000000000B3
:1034200000000BFFFFFF5000000000000000000044
:1034300000006FFFFFF0000000000000000000002F
:103440000000FFFFF90000000000007FFFF0000017
:1034500000000000000DFFFE000000000000000062
:10346000EFFF52FFFF4000000000000001FFFFF3EC
:10347000000000000000003FFFF00DFFF900000019
:10348000000000006FFFFF8000000000000007FF49
:10349000FB009FFFE00000000000000BFFFFFD00AD
:1034A000000000000000CFFF7004FFFF20000000BC
:1034B000000000FFFFFFF10000000000001FFFF20E
:1034C000000FFFF70000000000004FFFFFFF60004B
:1034D0000000000005FFFD0000AFFFC0000000007D
:1034E0000009FFFFFFFB000000000000AFFF90009D
:1034F00006FFFF100000000000DFFFDFFFF000000C
:103500000000000EFFF400001FFFF50000000000A7
:103510002FFFF4FFFF400000000003FFFF0000004A
:10352000CFFFA00000000007FFFC0EFFF800000026
:1035300000008FFFB0000008FFFE0000000000BF89
:10354000FF70AFFFD0000000000DFFF60000003F4D
:10355000FFF3000000000FFFF305FFFF2000000055
:1035600001FFFF10000000EFFF8000000005FFFEDC
:10357000000FFFF6000000006FFFC00000000AFF10
:10358000FD000000009FFFA000CFFFB00000000B77
:10359000FFF8000000005FFFF10000000EFFF500E3
:1035A00007FFFF00000000FFFF3000000000FFFFEA
:1035B00060000002FFFF00002FFFF40000004FFF3B
:1035C000E0000000000CFFFB0000007FFFC00000D7
:1035D000EFFF90000009FFFA00000000007FFFF0FD
:1035E00000000CFFF7000009FFFE000000DFFF50A5
:1035F0000000000002FFFF400001FFFF2000004F1D
:10360000FFF200002FFFF100000000000DFFF900A5
:10361000005FFFE0000000FFFF700007FFFC0000FC
:10362000000000009FFFD0000AFFF90000000BFF20
:10363000FC0000CFFF70000000000004FFFF20002E
:10364000EFFF400000006FFFF1000FFFF2000000ED
:103650000000000FFFF7003FFFF000000002FFFF37
:103660005005FFFD00000000000000BFFFB008FF94
:10367000FB000000000DFFFA00AFFF90000000000B
:10368000000006FFFF00CFFF60000000008FFFE09A
:103690000EFFF4000000000000001FFFF51FFFF206
:1036A0000000000004FFFF33FFFF000000000000E7
:1036B0000000DFFFA6FFFD00000000000FFFF88FF5
:1036C000FFB00000000000000008FFFEAFFF800018
:1036D00000000000AFFFCCFFF6000000000000007B
:1036E000003FFFFFFFF4000000000006FFFFFFFFA8
:1036F000100000000000000000EFFFFFFF000000CE
:103700000000001FFFFFFFD00000000000000000CD
:103710000AFFFFFFA0000000000000CFFFFFF8003D
:1037200000000000000000005FFFFFF60000000046
:10373000000008FFFFFF3000000000000000000153
:10374000FFFFFF100000000000003FFFFFE000004F
:10375000000000000000000CFFFFC000000000009F
:103760000000EFFFFA000000000000000000000071
:10377000000000000000800C080802FF2000C01DAF
:103780001A2402FFF401C01D172203007B03C01D91
:10379000172303000E05C01D172403FFAC06C01D30
:1037A0001B2202007708C01D172303FF0A0AC01D51
:1037B0001A2402FFDE0BC01D19220300870DC01D55
:1037C0001A2402FF5B0FC01D1A2402FF2F11802351
:1037D000212201006013A0211F2201006F15E03299
:1037E0002F22020000000200030004000500060072
:1037F0000700080009000A000B0013002800290038
:103800002E0000002A000100E43703080000000039
:103810000E000300010D010E0C0D0C0E0D010D0C20
:103820000E010E0CA4B3E1D2A4E1B3D21438030804
:103830002438030808000000DC1E03086C37030866
:10384000003803082C38030810000108500300203A
:10385000957D0108617C01082400010000FC020044
:1038600038380308000000000000000000000000DD
:1038700004FA97999999D93FAF788E1DC571CC3FBD
:103880009FC678D0099AC33F935555555555E53F86
:10389000599322942449D23FDE03CB966446C73F16
:1038A00044523EDF12F1C23F000000000000000061
:1038B0000040404040404040404041414141414043
:1038C00040404040404040404040404040404040F8
:1038D0004005020202020202020202020202020287
:1038E000022020202020202020202002020202028C
:1038F00002029090909090901010101010101010E4
:1039000010101010101010101010101002020202EF
:103910000202888888888888080808080808080833
:10392000080808080808080808080808020202022F
:1039300040000000B13803082500000041000000ED
:10394000524154494F5F5343383831355F564F55D4
:10395000545F4600706F7765725F6D4148000000EC
:103960006D414800706F7765725F6D5748000000C9
:103970006D574800524154494F5F4D43555F56497A
:103980004E000000524154494F5F5343383831359F
:103990005F494F5554000000524154494F5F4D4319
:1039A000555F494F55540000524154494F5F5343AE
:1039B000383831355F564F55540000005241544954
:1039C0004F5F4D43555F564F555400006D560000F4
:1039D0005600000057000000706F7765725F6363E8
:1039E00000000000706F7765725F6D63755F7265D0
:1039F00066000000706F7765725F656666000000A4
:103A0000706F7765725F69696E000000706F77652F
:103A1000725F70696E000000706F7765725F766923
:103A20006E000000706F7765725F74656D700000E6
:103A3000706F7765725F6D637574656D70000000FF
:103A4000706F7765725F6F75745F73746174000077
:103A5000706F7765725F696F75740000706F77655E
:103A6000725F706F75740000706F7765725F766F4C
:103A700075740000736F66745F76000000000000CC
:103A8000A03A030800000020600300004C5A000820
:103A90008C3B030860030020C8640100E06A000852
:103AA0000120720572C863F401720A726469100B16
:103AB00014B80B387214CBE80338690863D007597F
:103AC0005F0111031EE40C1CF4011E4C12322A1E6D
:103AD0006237018813B80B782B3041042D33335EE5
:103AE000430421277041E3A51B421A1018C9700A2C
:103AF00017017A01260614563A322E340926571336
:103B0000127A49B6300DF82AF82A050D050D983AB3
:103B100028230A10809A12141228100EC409A08CAF
:103B200088132C017017B80B011A78024F1027E088
:103B30002EF82A064FD007C409AE0806280BB03667
:103B4000803E983A401FF82A50294E15307528A01B
:103B50006A98F4A9060910B702202D0926E0016A27
:103B6000022C8045D4C3B2A1021770180E850F0233
:103B700008590C0208030D0208DD041A25101A5119
:0C3B8000081A8D041AB504012000000092
:040000050800518519
:00000001FF
